Godot Engine v4.7.2.stable.official.ed1daf0bf - https://godotengine.org

ERROR: Cannot open file 'res://.godot/imported/NormalFont.ttf-f8c540754fd539bf32390137804fd3e7.fontdata'.
   at: load (core/io/resource_format_binary.cpp:1156)
ERROR: Failed loading resource: res://.godot/imported/NormalFont.ttf-f8c540754fd539bf32390137804fd3e7.fontdata.
   at: _load (core/io/resource_loader.cpp:317)
ERROR: Failed loading resource: res://assets/NinjaAdventure/Ninja Adventure - Asset Pack/Ui/Font/NormalFont.ttf.
   at: _load (core/io/resource_loader.cpp:317)
ERROR: res://view/font.tres:6 - Parse Error: [ext_resource] referenced non-existent resource at: res://assets/NinjaAdventure/Ninja Adventure - Asset Pack/Ui/Font/NormalFont.ttf.
   at: _printerr (scene/resources/resource_format_text.cpp:41)
ERROR: res://view/font.tres:6 - Parse Error: [ext_resource] referenced non-existent resource at: res://assets/NinjaAdventure/Ninja Adventure - Asset Pack/Ui/Font/NormalFont.ttf.
   at: _printerr (scene/resources/resource_format_text.cpp:41)
ERROR: Failed loading resource: res://view/font.tres.
   at: _load (core/io/resource_loader.cpp:317)
ERROR: Error loading custom project font 'res://view/font.tres'
   at: initialize_theme (scene/theme/theme_db.cpp:84)
[   0% ] [90m[1mfirst_scan_filesystem[22m | Started Project initialization (5 steps)[39m[0m
[   0% ] [90m[1mfirst_scan_filesystem[22m | Scanning file structure...[39m[0m
[  16% ] [90m[1mfirst_scan_filesystem[22m | Loading global class names...[39m[0m
[  33% ] [90m[1mfirst_scan_filesystem[22m | Verifying GDExtensions...[39m[0m
[  50% ] [90m[1mfirst_scan_filesystem[22m | Creating autoload scripts...[39m[0m
[  66% ] [90m[1mfirst_scan_filesystem[22m | Initializing plugins...[39m[0m
[  83% ] [90m[1mfirst_scan_filesystem[22m | Starting file scan...[39m[0m
[92m[ DONE ][39m [1mfirst_scan_filesystem[22m
[0m
[   0% ] [90m[1mupdate_scripts_classes[22m | Started Registering global classes... (140 steps)[39m[0m
[   0% ] [90m[1mupdate_scripts_classes[22m | ArmyRules[39m[0m
[   0% ] [90m[1mupdate_scripts_classes[22m | BakeRules[39m[0m
[   1% ] [90m[1mupdate_scripts_classes[22m | CastleRules[39m[0m
[   2% ] [90m[1mupdate_scripts_classes[22m | ContactRules[39m[0m
[   2% ] [90m[1mupdate_scripts_classes[22m | CrimeRules[39m[0m
[   3% ] [90m[1mupdate_scripts_classes[22m | DeedRules[39m[0m
[   4% ] [90m[1mupdate_scripts_classes[22m | DialogueRules[39m[0m
[   4% ] [90m[1mupdate_scripts_classes[22m | DocumentRules[39m[0m
[   5% ] [90m[1mupdate_scripts_classes[22m | EndRules[39m[0m
[   6% ] [90m[1mupdate_scripts_classes[22m | FactionRules[39m[0m
[   7% ] [90m[1mupdate_scripts_classes[22m | MovementRules[39m[0m
[   7% ] [90m[1mupdate_scripts_classes[22m | Navigation[39m[0m
[   8% ] [90m[1mupdate_scripts_classes[22m | OpeningRules[39m[0m
[   9% ] [90m[1mupdate_scripts_classes[22m | PlaceRules[39m[0m
[   9% ] [90m[1mupdate_scripts_classes[22m | ProseRules[39m[0m
[  10% ] [90m[1mupdate_scripts_classes[22m | QuestRules[39m[0m
[  11% ] [90m[1mupdate_scripts_classes[22m | RecoveryRules[39m[0m
[  12% ] [90m[1mupdate_scripts_classes[22m | SiteRules[39m[0m
[  12% ] [90m[1mupdate_scripts_classes[22m | StandingRules[39m[0m
[  13% ] [90m[1mupdate_scripts_classes[22m | TellingRules[39m[0m
[  14% ] [90m[1mupdate_scripts_classes[22m | TraitRules[39m[0m
[  14% ] [90m[1mupdate_scripts_classes[22m | TravelRules[39m[0m
[  15% ] [90m[1mupdate_scripts_classes[22m | WatchRules[39m[0m
[  16% ] [90m[1mupdate_scripts_classes[22m | WorldRules[39m[0m
[  17% ] [90m[1mupdate_scripts_classes[22m | ActSystem[39m[0m
[  17% ] [90m[1mupdate_scripts_classes[22m | AllegianceSystem[39m[0m
[  18% ] [90m[1mupdate_scripts_classes[22m | ArmySystem[39m[0m
[  19% ] [90m[1mupdate_scripts_classes[22m | ArrivalSystem[39m[0m
[  19% ] [90m[1mupdate_scripts_classes[22m | ContactSystem[39m[0m
[  20% ] [90m[1mupdate_scripts_classes[22m | CreationSystem[39m[0m
[  21% ] [90m[1mupdate_scripts_classes[22m | DialogueSystem[39m[0m
[  21% ] [90m[1mupdate_scripts_classes[22m | EndingSystem[39m[0m
[  22% ] [90m[1mupdate_scripts_classes[22m | GrainSystem[39m[0m
[  23% ] [90m[1mupdate_scripts_classes[22m | MovementSystem[39m[0m
[  24% ] [90m[1mupdate_scripts_classes[22m | PhrasingSystem[39m[0m
[  24% ] [90m[1mupdate_scripts_classes[22m | RecoverySystem[39m[0m
[  25% ] [90m[1mupdate_scripts_classes[22m | RestSystem[39m[0m
[  26% ] [90m[1mupdate_scripts_classes[22m | RumourSystem[39m[0m
[  26% ] [90m[1mupdate_scripts_classes[22m | TellingSystem[39m[0m
[  27% ] [90m[1mupdate_scripts_classes[22m | TheftSystem[39m[0m
[  28% ] [90m[1mupdate_scripts_classes[22m | TravellerSystem[39m[0m
[  29% ] [90m[1mupdate_scripts_classes[22m | UnrestSystem[39m[0m
[  29% ] [90m[1mupdate_scripts_classes[22m | WorldTickSystem[39m[0m
[  30% ] [90m[1mupdate_scripts_classes[22m | ZoneSystem[39m[0m
[  31% ] [90m[1mupdate_scripts_classes[22m | Allegiance[39m[0m
[  31% ] [90m[1mupdate_scripts_classes[22m | Answers[39m[0m
[  32% ] [90m[1mupdate_scripts_classes[22m | Cast[39m[0m
[  33% ] [90m[1mupdate_scripts_classes[22m | Context[39m[0m
[  34% ] [90m[1mupdate_scripts_classes[22m | Deeds[39m[0m
[  34% ] [90m[1mupdate_scripts_classes[22m | DialogueOption[39m[0m
[  35% ] [90m[1mupdate_scripts_classes[22m | EventLog[39m[0m
[  36% ] [90m[1mupdate_scripts_classes[22m | FactBase[39m[0m
[  36% ] [90m[1mupdate_scripts_classes[22m | Game[39m[0m
[  37% ] [90m[1mupdate_scripts_classes[22m | Journal[39m[0m
[  38% ] [90m[1mupdate_scripts_classes[22m | Npc[39m[0m
[  39% ] [90m[1mupdate_scripts_classes[22m | Phrasebook[39m[0m
[  39% ] [90m[1mupdate_scripts_classes[22m | Places[39m[0m
[  40% ] [90m[1mupdate_scripts_classes[22m | Region[39m[0m
[  41% ] [90m[1mupdate_scripts_classes[22m | RegionBake[39m[0m
[  41% ] [90m[1mupdate_scripts_classes[22m | Relations[39m[0m
[  42% ] [90m[1mupdate_scripts_classes[22m | Rumour[39m[0m
[  43% ] [90m[1mupdate_scripts_classes[22m | Rumours[39m[0m
[  43% ] [90m[1mupdate_scripts_classes[22m | SaveFile[39m[0m
[  44% ] [90m[1mupdate_scripts_classes[22m | Sim[39m[0m
[  45% ] [90m[1mupdate_scripts_classes[22m | SimEvent[39m[0m
[  46% ] [90m[1mupdate_scripts_classes[22m | SimSystem[39m[0m
[  46% ] [90m[1mupdate_scripts_classes[22m | Standing[39m[0m
[  47% ] [90m[1mupdate_scripts_classes[22m | Traits[39m[0m
[  48% ] [90m[1mupdate_scripts_classes[22m | Traveller[39m[0m
[  48% ] [90m[1mupdate_scripts_classes[22m | Travellers[39m[0m
[  49% ] [90m[1mupdate_scripts_classes[22m | Voices[39m[0m
[  50% ] [90m[1mupdate_scripts_classes[22m | WorldState[39m[0m
[  51% ] [90m[1mupdate_scripts_classes[22m | WorldTick[39m[0m
[  51% ] [90m[1mupdate_scripts_classes[22m | [39m[0m
[  52% ] [90m[1mupdate_scripts_classes[22m | [39m[0m
[  53% ] [90m[1mupdate_scripts_classes[22m | [39m[0m
[  53% ] [90m[1mupdate_scripts_classes[22m | [39m[0m
[  54% ] [90m[1mupdate_scripts_classes[22m | TestCase[39m[0m
[  55% ] [90m[1mupdate_scripts_classes[22m | [39m[0m
[  56% ] [90m[1mupdate_scripts_classes[22m | [39m[0m
[  56% ] [90m[1mupdate_scripts_classes[22m | [39m[0m
[  57% ] [90m[1mupdate_scripts_classes[22m | [39m[0m
[  58% ] [90m[1mupdate_scripts_classes[22m | [39m[0m
[  58% ] [90m[1mupdate_scripts_classes[22m | [39m[0m
[  59% ] [90m[1mupdate_scripts_classes[22m | [39m[0m
[  60% ] [90m[1mupdate_scripts_classes[22m | [39m[0m
[  60% ] [90m[1mupdate_scripts_classes[22m | [39m[0m
[  61% ] [90m[1mupdate_scripts_classes[22m | [39m[0m
[  62% ] [90m[1mupdate_scripts_classes[22m | [39m[0m
[  63% ] [90m[1mupdate_scripts_classes[22m | [39m[0m
[  63% ] [90m[1mupdate_scripts_classes[22m | [39m[0m
[  64% ] [90m[1mupdate_scripts_classes[22m | [39m[0m
[  65% ] [90m[1mupdate_scripts_classes[22m | [39m[0m
[  65% ] [90m[1mupdate_scripts_classes[22m | [39m[0m
[  66% ] [90m[1mupdate_scripts_classes[22m | [39m[0m
[  67% ] [90m[1mupdate_scripts_classes[22m | [39m[0m
[  68% ] [90m[1mupdate_scripts_classes[22m | [39m[0m
[  68% ] [90m[1mupdate_scripts_classes[22m | [39m[0m
[  69% ] [90m[1mupdate_scripts_classes[22m | [39m[0m
[  70% ] [90m[1mupdate_scripts_classes[22m | [39m[0m
[  70% ] [90m[1mupdate_scripts_classes[22m | [39m[0m
[  71% ] [90m[1mupdate_scripts_classes[22m | [39m[0m
[  72% ] [90m[1mupdate_scripts_classes[22m | [39m[0m
[  73% ] [90m[1mupdate_scripts_classes[22m | [39m[0m
[  73% ] [90m[1mupdate_scripts_classes[22m | [39m[0m
[  74% ] [90m[1mupdate_scripts_classes[22m | [39m[0m
[  75% ] [90m[1mupdate_scripts_classes[22m | [39m[0m
[  75% ] [90m[1mupdate_scripts_classes[22m | [39m[0m
[  76% ] [90m[1mupdate_scripts_classes[22m | [39m[0m
[  77% ] [90m[1mupdate_scripts_classes[22m | [39m[0m
[  78% ] [90m[1mupdate_scripts_classes[22m | [39m[0m
[  78% ] [90m[1mupdate_scripts_classes[22m | [39m[0m
[  79% ] [90m[1mupdate_scripts_classes[22m | [39m[0m
[  80% ] [90m[1mupdate_scripts_classes[22m | [39m[0m
[  80% ] [90m[1mupdate_scripts_classes[22m | [39m[0m
[  81% ] [90m[1mupdate_scripts_classes[22m | [39m[0m
[  82% ] [90m[1mupdate_scripts_classes[22m | [39m[0m
[  82% ] [90m[1mupdate_scripts_classes[22m | AssetValidator[39m[0m
[  83% ] [90m[1mupdate_scripts_classes[22m | [39m[0m
[  84% ] [90m[1mupdate_scripts_classes[22m | [39m[0m
[  85% ] [90m[1mupdate_scripts_classes[22m | [39m[0m
[  85% ] [90m[1mupdate_scripts_classes[22m | [39m[0m
[  86% ] [90m[1mupdate_scripts_classes[22m | [39m[0m
[  87% ] [90m[1mupdate_scripts_classes[22m | [39m[0m
[  87% ] [90m[1mupdate_scripts_classes[22m | [39m[0m
[  88% ] [90m[1mupdate_scripts_classes[22m | [39m[0m
[  89% ] [90m[1mupdate_scripts_classes[22m | [39m[0m
[  90% ] [90m[1mupdate_scripts_classes[22m | [39m[0m
[  90% ] [90m[1mupdate_scripts_classes[22m | [39m[0m
[  91% ] [90m[1mupdate_scripts_classes[22m | Art[39m[0m
[  92% ] [90m[1mupdate_scripts_classes[22m | [39m[0m
[  92% ] [90m[1mupdate_scripts_classes[22m | [39m[0m
[  93% ] [90m[1mupdate_scripts_classes[22m | Menu[39m[0m
[  94% ] [90m[1mupdate_scripts_classes[22m | Phraser[39m[0m
[  95% ] [90m[1mupdate_scripts_classes[22m | [39m[0m
[  95% ] [90m[1mupdate_scripts_classes[22m | Sound[39m[0m
[  96% ] [90m[1mupdate_scripts_classes[22m | Text[39m[0m
[  97% ] [90m[1mupdate_scripts_classes[22m | [39m[0m
[  97% ] [90m[1mupdate_scripts_classes[22m | Ui[39m[0m
[  98% ] [90m[1mupdate_scripts_classes[22m | World3d[39m[0m
[92m[ DONE ][39m [1mupdate_scripts_classes[22m
[0m
[   0% ] [90m[1m_update_scan_actions[22m | Started Scanning actions... (2073 steps)[39m[0m
[   0% ] [90m[1m_update_scan_actions[22m | Faceset.png[39m[0m
[   0% ] [90m[1m_update_scan_actions[22m | SpriteSheet.png[39m[0m
[   0% ] [90m[1m_update_scan_actions[22m | Faceset.png[39m[0m
[   0% ] [90m[1m_update_scan_actions[22m | FacesetYellow.png[39m[0m
[   0% ] [90m[1m_update_scan_actions[22m | SpriteSheet.png[39m[0m
[   0% ] [90m[1m_update_scan_actions[22m | SpriteSheetYellow.png[39m[0m
[   0% ] [90m[1m_update_scan_actions[22m | Faceset.png[39m[0m
[   0% ] [90m[1m_update_scan_actions[22m | SpriteSheet.png[39m[0m
[   0% ] [90m[1m_update_scan_actions[22m | Faceset.png[39m[0m
[   0% ] [90m[1m_update_scan_actions[22m | FacesetBrown.png[39m[0m
[   0% ] [90m[1m_update_scan_actions[22m | SpriteSheet.png[39m[0m
[   0% ] [90m[1m_update_scan_actions[22m | SpriteSheetFaceset.png[39m[0m
[   0% ] [90m[1m_update_scan_actions[22m | Faceset.png[39m[0m
[   0% ] [90m[1m_update_scan_actions[22m | FacesetGray.png[39m[0m
[   0% ] [90m[1m_update_scan_actions[22m | SpriteSheet.png[39m[0m
[   0% ] [90m[1m_update_scan_actions[22m | SpriteSheetGray.png[39m[0m
[   0% ] [90m[1m_update_scan_actions[22m | FacesetBlack.png[39m[0m
[   0% ] [90m[1m_update_scan_actions[22m | FacesetBrown.png[39m[0m
[   0% ] [90m[1m_update_scan_actions[22m | FacesetCute.png[39m[0m
[   0% ] [90m[1m_update_scan_actions[22m | FacesetWhite.png[39m[0m
[   0% ] [90m[1m_update_scan_actions[22m | SpriteSheetBlack.png[39m[0m
[   1% ] [90m[1m_update_scan_actions[22m | SpriteSheetBrown.png[39m[0m
[   1% ] [90m[1m_update_scan_actions[22m | SpriteSheetCute.png[39m[0m
[   1% ] [90m[1m_update_scan_actions[22m | SpriteSheetWhite.png[39m[0m
[   1% ] [90m[1m_update_scan_actions[22m | Faceset.png[39m[0m
[   1% ] [90m[1m_update_scan_actions[22m | SpriteSheetWhite.png[39m[0m
[   1% ] [90m[1m_update_scan_actions[22m | SpriteSheetWhiteSide.png[39m[0m
[   1% ] [90m[1m_update_scan_actions[22m | Faceset.png[39m[0m
[   1% ] [90m[1m_update_scan_actions[22m | SpriteSheet.png[39m[0m
[   1% ] [90m[1m_update_scan_actions[22m | Faceset.png[39m[0m
[   1% ] [90m[1m_update_scan_actions[22m | SpriteSheet.png[39m[0m
[   1% ] [90m[1m_update_scan_actions[22m | Faceset.png[39m[0m
[   1% ] [90m[1m_update_scan_actions[22m | FacesetWhite.png[39m[0m
[   1% ] [90m[1m_update_scan_actions[22m | SpriteSheet.png[39m[0m
[   1% ] [90m[1m_update_scan_actions[22m | SpriteSheetWhite.png[39m[0m
[   1% ] [90m[1m_update_scan_actions[22m | Faceset.png[39m[0m
[   1% ] [90m[1m_update_scan_actions[22m | FacesetBrown.png[39m[0m
[   1% ] [90m[1m_update_scan_actions[22m | SpriteSheet.png[39m[0m
[   1% ] [90m[1m_update_scan_actions[22m | SpriteSheetBrown.png[39m[0m
[   1% ] [90m[1m_update_scan_actions[22m | Faceset.png[39m[0m
[   1% ] [90m[1m_update_scan_actions[22m | FacesetBlack.png[39m[0m
[   1% ] [90m[1m_update_scan_actions[22m | SpriteSheet.png[39m[0m
[   2% ] [90m[1m_update_scan_actions[22m | SpriteSheetBlack.png[39m[0m
[   2% ] [90m[1m_update_scan_actions[22m | FacesetGrey.png[39m[0m
[   2% ] [90m[1m_update_scan_actions[22m | SpriteSheeGreySide.png[39m[0m
[   2% ] [90m[1m_update_scan_actions[22m | SpriteSheetGrey.png[39m[0m
[   2% ] [90m[1m_update_scan_actions[22m | FacesetRed.png[39m[0m
[   2% ] [90m[1m_update_scan_actions[22m | FacesetWhite.png[39m[0m
[   2% ] [90m[1m_update_scan_actions[22m | FacesetYellow.png[39m[0m
[   2% ] [90m[1m_update_scan_actions[22m | SpriteSheetRed.png[39m[0m
[   2% ] [90m[1m_update_scan_actions[22m | SpriteSheetWhite.png[39m[0m
[   2% ] [90m[1m_update_scan_actions[22m | SpriteSheetYellow.png[39m[0m
[   2% ] [90m[1m_update_scan_actions[22m | Faceset.png[39m[0m
[   2% ] [90m[1m_update_scan_actions[22m | SpriteSheet.png[39m[0m
[   2% ] [90m[1m_update_scan_actions[22m | Faceset.png[39m[0m
[   2% ] [90m[1m_update_scan_actions[22m | FacesetBrown.png[39m[0m
[   2% ] [90m[1m_update_scan_actions[22m | FacesetDark.png[39m[0m
[   2% ] [90m[1m_update_scan_actions[22m | FacesetGray.png[39m[0m
[   2% ] [90m[1m_update_scan_actions[22m | SpriteSheet.png[39m[0m
[   2% ] [90m[1m_update_scan_actions[22m | SpriteSheetBrown.png[39m[0m
[   2% ] [90m[1m_update_scan_actions[22m | SpriteSheetDark.png[39m[0m
[   2% ] [90m[1m_update_scan_actions[22m | SpriteSheetGray.png[39m[0m
[   2% ] [90m[1m_update_scan_actions[22m | FacesetBlack.png[39m[0m
[   3% ] [90m[1m_update_scan_actions[22m | FacesetBrown.png[39m[0m
[   3% ] [90m[1m_update_scan_actions[22m | SpriteSheetBlack.png[39m[0m
[   3% ] [90m[1m_update_scan_actions[22m | SpriteSheetBlackSide.png[39m[0m
[   3% ] [90m[1m_update_scan_actions[22m | SpriteSheetBrown.png[39m[0m
[   3% ] [90m[1m_update_scan_actions[22m | SpriteSheetBrownSide.png[39m[0m
[   3% ] [90m[1m_update_scan_actions[22m | Faceset.png[39m[0m
[   3% ] [90m[1m_update_scan_actions[22m | FacesetBrown.png[39m[0m
[   3% ] [90m[1m_update_scan_actions[22m | SpriteSheet.png[39m[0m
[   3% ] [90m[1m_update_scan_actions[22m | SpriteSheetBrown.png[39m[0m
[   3% ] [90m[1m_update_scan_actions[22m | FacesetOrange.png[39m[0m
[   3% ] [90m[1m_update_scan_actions[22m | FacesetRed.png[39m[0m
[   3% ] [90m[1m_update_scan_actions[22m | FacesetWhite.png[39m[0m
[   3% ] [90m[1m_update_scan_actions[22m | FacesetYellow.png[39m[0m
[   3% ] [90m[1m_update_scan_actions[22m | SpriteSheetOrange.png[39m[0m
[   3% ] [90m[1m_update_scan_actions[22m | SpriteSheetOrangeSide.png[39m[0m
[   3% ] [90m[1m_update_scan_actions[22m | SpriteSheetRed.png[39m[0m
[   3% ] [90m[1m_update_scan_actions[22m | SpriteSheetRedSide.png[39m[0m
[   3% ] [90m[1m_update_scan_actions[22m | SpriteSheetWhite.png[39m[0m
[   3% ] [90m[1m_update_scan_actions[22m | SpriteSheetWhiteSide.png[39m[0m
[   3% ] [90m[1m_update_scan_actions[22m | SpriteSheetYellow.png[39m[0m
[   4% ] [90m[1m_update_scan_actions[22m | SpriteSheetYellowSide.png[39m[0m
[   4% ] [90m[1m_update_scan_actions[22m | Faceset2.png[39m[0m
[   4% ] [90m[1m_update_scan_actions[22m | Faceset.png[39m[0m
[   4% ] [90m[1m_update_scan_actions[22m | SpriteSheet2.png[39m[0m
[   4% ] [90m[1m_update_scan_actions[22m | SpriteSheet.png[39m[0m
[   4% ] [90m[1m_update_scan_actions[22m | FacesetLioness2.png[39m[0m
[   4% ] [90m[1m_update_scan_actions[22m | FacesetLioness.png[39m[0m
[   4% ] [90m[1m_update_scan_actions[22m | SpriteSheeLlioness2.png[39m[0m
[   4% ] [90m[1m_update_scan_actions[22m | SpriteSheeLlioness.png[39m[0m
[   4% ] [90m[1m_update_scan_actions[22m | SpriteSheetLioness2Side.png[39m[0m
[   4% ] [90m[1m_update_scan_actions[22m | SpriteSheetLionessSide.png[39m[0m
[   4% ] [90m[1m_update_scan_actions[22m | FacesetBlack.png[39m[0m
[   4% ] [90m[1m_update_scan_actions[22m | FacesetBrown.png[39m[0m
[   4% ] [90m[1m_update_scan_actions[22m | FacesetGrey.png[39m[0m
[   4% ] [90m[1m_update_scan_actions[22m | SpriteSheetBlack.png[39m[0m
[   4% ] [90m[1m_update_scan_actions[22m | SpriteSheetBrown.png[39m[0m
[   4% ] [90m[1m_update_scan_actions[22m | SpriteSheetGrey.png[39m[0m
[   4% ] [90m[1m_update_scan_actions[22m | FacesetBlue.png[39m[0m
[   4% ] [90m[1m_update_scan_actions[22m | FacesetRed.png[39m[0m
[   4% ] [90m[1m_update_scan_actions[22m | SpriteSheetBlue.png[39m[0m
[   4% ] [90m[1m_update_scan_actions[22m | SpriteSheetRed.png[39m[0m
[   5% ] [90m[1m_update_scan_actions[22m | FacesetBlack.png[39m[0m
[   5% ] [90m[1m_update_scan_actions[22m | FacesetPink.png[39m[0m
[   5% ] [90m[1m_update_scan_actions[22m | FacesetRed.png[39m[0m
[   5% ] [90m[1m_update_scan_actions[22m | SpriteSheetBlack.png[39m[0m
[   5% ] [90m[1m_update_scan_actions[22m | SpriteSheetPink.png[39m[0m
[   5% ] [90m[1m_update_scan_actions[22m | SpriteSheetRed.png[39m[0m
[   5% ] [90m[1m_update_scan_actions[22m | Faceset.png[39m[0m
[   5% ] [90m[1m_update_scan_actions[22m | SpriteSheet.png[39m[0m
[   5% ] [90m[1m_update_scan_actions[22m | Faceset.png[39m[0m
[   5% ] [90m[1m_update_scan_actions[22m | FacesetGray.png[39m[0m
[   5% ] [90m[1m_update_scan_actions[22m | SpriteSheet.png[39m[0m
[   5% ] [90m[1m_update_scan_actions[22m | SpriteSheetGray.png[39m[0m
[   5% ] [90m[1m_update_scan_actions[22m | Faceset.png[39m[0m
[   5% ] [90m[1m_update_scan_actions[22m | Hit.png[39m[0m
[   5% ] [90m[1m_update_scan_actions[22m | Idle.png[39m[0m
[   5% ] [90m[1m_update_scan_actions[22m | Sprite.png[39m[0m
[   5% ] [90m[1m_update_scan_actions[22m | Walk.png[39m[0m
[   5% ] [90m[1m_update_scan_actions[22m | Faceset.png[39m[0m
[   5% ] [90m[1m_update_scan_actions[22m | Hit.png[39m[0m
[   5% ] [90m[1m_update_scan_actions[22m | Idle.png[39m[0m
[   5% ] [90m[1m_update_scan_actions[22m | Sprite.png[39m[0m
[   6% ] [90m[1m_update_scan_actions[22m | Walk.png[39m[0m
[   6% ] [90m[1m_update_scan_actions[22m | Body1.png[39m[0m
[   6% ] [90m[1m_update_scan_actions[22m | Body2.png[39m[0m
[   6% ] [90m[1m_update_scan_actions[22m | BodyEnd.png[39m[0m
[   6% ] [90m[1m_update_scan_actions[22m | Faceset.png[39m[0m
[   6% ] [90m[1m_update_scan_actions[22m | Head.png[39m[0m
[   6% ] [90m[1m_update_scan_actions[22m | Preview.png[39m[0m
[   6% ] [90m[1m_update_scan_actions[22m | Wing.png[39m[0m
[   6% ] [90m[1m_update_scan_actions[22m | Body1.png[39m[0m
[   6% ] [90m[1m_update_scan_actions[22m | Body2.png[39m[0m
[   6% ] [90m[1m_update_scan_actions[22m | BodyEnd.png[39m[0m
[   6% ] [90m[1m_update_scan_actions[22m | Faceset.png[39m[0m
[   6% ] [90m[1m_update_scan_actions[22m | Head.png[39m[0m
[   6% ] [90m[1m_update_scan_actions[22m | Preview.png[39m[0m
[   6% ] [90m[1m_update_scan_actions[22m | Wing.png[39m[0m
[   6% ] [90m[1m_update_scan_actions[22m | Attack.png[39m[0m
[   6% ] [90m[1m_update_scan_actions[22m | Charge.png[39m[0m
[   6% ] [90m[1m_update_scan_actions[22m | Faceset.png[39m[0m
[   6% ] [90m[1m_update_scan_actions[22m | Hit.png[39m[0m
[   6% ] [90m[1m_update_scan_actions[22m | Idle.png[39m[0m
[   6% ] [90m[1m_update_scan_actions[22m | Walk.png[39m[0m
[   7% ] [90m[1m_update_scan_actions[22m | Attack.png[39m[0m
[   7% ] [90m[1m_update_scan_actions[22m | Charge.png[39m[0m
[   7% ] [90m[1m_update_scan_actions[22m | Faceset.png[39m[0m
[   7% ] [90m[1m_update_scan_actions[22m | Hit.png[39m[0m
[   7% ] [90m[1m_update_scan_actions[22m | Idle.png[39m[0m
[   7% ] [90m[1m_update_scan_actions[22m | Walk.png[39m[0m
[   7% ] [90m[1m_update_scan_actions[22m | AttackLeft.png[39m[0m
[   7% ] [90m[1m_update_scan_actions[22m | AttackRight.png[39m[0m
[   7% ] [90m[1m_update_scan_actions[22m | ChargeLeft.png[39m[0m
[   7% ] [90m[1m_update_scan_actions[22m | ChargeRight.png[39m[0m
[   7% ] [90m[1m_update_scan_actions[22m | Faceset.png[39m[0m
[   7% ] [90m[1m_update_scan_actions[22m | Hit.png[39m[0m
[   7% ] [90m[1m_update_scan_actions[22m | Idle.png[39m[0m
[   7% ] [90m[1m_update_scan_actions[22m | Walk.png[39m[0m
[   7% ] [90m[1m_update_scan_actions[22m | Faceset.png[39m[0m
[   7% ] [90m[1m_update_scan_actions[22m | Hit.png[39m[0m
[   7% ] [90m[1m_update_scan_actions[22m | Idle.png[39m[0m
[   7% ] [90m[1m_update_scan_actions[22m | Attack.png[39m[0m
[   7% ] [90m[1m_update_scan_actions[22m | Charge.png[39m[0m
[   7% ] [90m[1m_update_scan_actions[22m | Faceset.png[39m[0m
[   8% ] [90m[1m_update_scan_actions[22m | Hit.png[39m[0m
[   8% ] [90m[1m_update_scan_actions[22m | Idle40x40.png[39m[0m
[   8% ] [90m[1m_update_scan_actions[22m | Jump.png[39m[0m
[   8% ] [90m[1m_update_scan_actions[22m | Attack.png[39m[0m
[   8% ] [90m[1m_update_scan_actions[22m | Charge.png[39m[0m
[   8% ] [90m[1m_update_scan_actions[22m | Faceset.png[39m[0m
[   8% ] [90m[1m_update_scan_actions[22m | Hit.png[39m[0m
[   8% ] [90m[1m_update_scan_actions[22m | Idle.png[39m[0m
[   8% ] [90m[1m_update_scan_actions[22m | Jump.png[39m[0m
[   8% ] [90m[1m_update_scan_actions[22m | Attack.png[39m[0m
[   8% ] [90m[1m_update_scan_actions[22m | Charge.png[39m[0m
[   8% ] [90m[1m_update_scan_actions[22m | Faceset.png[39m[0m
[   8% ] [90m[1m_update_scan_actions[22m | Idle.png[39m[0m
[   8% ] [90m[1m_update_scan_actions[22m | Jump.png[39m[0m
[   8% ] [90m[1m_update_scan_actions[22m | Sprite.png[39m[0m
[   8% ] [90m[1m_update_scan_actions[22m | Attack.png[39m[0m
[   8% ] [90m[1m_update_scan_actions[22m | Charge.png[39m[0m
[   8% ] [90m[1m_update_scan_actions[22m | Faceset.png[39m[0m
[   8% ] [90m[1m_update_scan_actions[22m | Idle.png[39m[0m
[   8% ] [90m[1m_update_scan_actions[22m | Jump.png[39m[0m
[   8% ] [90m[1m_update_scan_actions[22m | Sprite.png[39m[0m
[   9% ] [90m[1m_update_scan_actions[22m | AttackLeft.png[39m[0m
[   9% ] [90m[1m_update_scan_actions[22m | AttackRight.png[39m[0m
[   9% ] [90m[1m_update_scan_actions[22m | ChargeLeft.png[39m[0m
[   9% ] [90m[1m_update_scan_actions[22m | ChargeRight.png[39m[0m
[   9% ] [90m[1m_update_scan_actions[22m | Faceset.png[39m[0m
[   9% ] [90m[1m_update_scan_actions[22m | Hit.png[39m[0m
[   9% ] [90m[1m_update_scan_actions[22m | Idle.png[39m[0m
[   9% ] [90m[1m_update_scan_actions[22m | Walk.png[39m[0m
[   9% ] [90m[1m_update_scan_actions[22m | Faceset.png[39m[0m
[   9% ] [90m[1m_update_scan_actions[22m | Hit.png[39m[0m
[   9% ] [90m[1m_update_scan_actions[22m | Idle.png[39m[0m
[   9% ] [90m[1m_update_scan_actions[22m | Jump.png[39m[0m
[   9% ] [90m[1m_update_scan_actions[22m | Faceset.png[39m[0m
[   9% ] [90m[1m_update_scan_actions[22m | Hit.png[39m[0m
[   9% ] [90m[1m_update_scan_actions[22m | Idle.png[39m[0m
[   9% ] [90m[1m_update_scan_actions[22m | Jump.png[39m[0m
[   9% ] [90m[1m_update_scan_actions[22m | Faceset.png[39m[0m
[   9% ] [90m[1m_update_scan_actions[22m | Hit.png[39m[0m
[   9% ] [90m[1m_update_scan_actions[22m | Idle.png[39m[0m
[   9% ] [90m[1m_update_scan_actions[22m | Attack.png[39m[0m
[   9% ] [90m[1m_update_scan_actions[22m | AttackLoop.png[39m[0m
[  10% ] [90m[1m_update_scan_actions[22m | Faceset.png[39m[0m
[  10% ] [90m[1m_update_scan_actions[22m | Hit.png[39m[0m
[  10% ] [90m[1m_update_scan_actions[22m | Idle.png[39m[0m
[  10% ] [90m[1m_update_scan_actions[22m | Shoot.png[39m[0m
[  10% ] [90m[1m_update_scan_actions[22m | Walk.png[39m[0m
[  10% ] [90m[1m_update_scan_actions[22m | Attack.png[39m[0m
[  10% ] [90m[1m_update_scan_actions[22m | AttackLoop.png[39m[0m
[  10% ] [90m[1m_update_scan_actions[22m | Faceset.png[39m[0m
[  10% ] [90m[1m_update_scan_actions[22m | Hit.png[39m[0m
[  10% ] [90m[1m_update_scan_actions[22m | Idle.png[39m[0m
[  10% ] [90m[1m_update_scan_actions[22m | Shoot.png[39m[0m
[  10% ] [90m[1m_update_scan_actions[22m | Walk.png[39m[0m
[  10% ] [90m[1m_update_scan_actions[22m | Attack.png[39m[0m
[  10% ] [90m[1m_update_scan_actions[22m | Faceset.png[39m[0m
[  10% ] [90m[1m_update_scan_actions[22m | Hit.png[39m[0m
[  10% ] [90m[1m_update_scan_actions[22m | Idle.png[39m[0m
[  10% ] [90m[1m_update_scan_actions[22m | Trans.png[39m[0m
[  10% ] [90m[1m_update_scan_actions[22m | Walk.png[39m[0m
[  10% ] [90m[1m_update_scan_actions[22m | Attack.png[39m[0m
[  10% ] [90m[1m_update_scan_actions[22m | Faceset.png[39m[0m
[  10% ] [90m[1m_update_scan_actions[22m | Hit.png[39m[0m
[  11% ] [90m[1m_update_scan_actions[22m | Idle.png[39m[0m
[  11% ] [90m[1m_update_scan_actions[22m | Trans.png[39m[0m
[  11% ] [90m[1m_update_scan_actions[22m | Walk.png[39m[0m
[  11% ] [90m[1m_update_scan_actions[22m | Attack.png[39m[0m
[  11% ] [90m[1m_update_scan_actions[22m | Dead.png[39m[0m
[  11% ] [90m[1m_update_scan_actions[22m | Idle.png[39m[0m
[  11% ] [90m[1m_update_scan_actions[22m | Item.png[39m[0m
[  11% ] [90m[1m_update_scan_actions[22m | Jump.png[39m[0m
[  11% ] [90m[1m_update_scan_actions[22m | Special1.png[39m[0m
[  11% ] [90m[1m_update_scan_actions[22m | Special2.png[39m[0m
[  11% ] [90m[1m_update_scan_actions[22m | Walk.png[39m[0m
[  11% ] [90m[1m_update_scan_actions[22m | Faceset.png[39m[0m
[  11% ] [90m[1m_update_scan_actions[22m | SpriteSheet.png[39m[0m
[  11% ] [90m[1m_update_scan_actions[22m | Attack.png[39m[0m
[  11% ] [90m[1m_update_scan_actions[22m | Dead.png[39m[0m
[  11% ] [90m[1m_update_scan_actions[22m | Idle.png[39m[0m
[  11% ] [90m[1m_update_scan_actions[22m | Item.png[39m[0m
[  11% ] [90m[1m_update_scan_actions[22m | Jump.png[39m[0m
[  11% ] [90m[1m_update_scan_actions[22m | Special1.png[39m[0m
[  11% ] [90m[1m_update_scan_actions[22m | Special2.png[39m[0m
[  12% ] [90m[1m_update_scan_actions[22m | Walk.png[39m[0m
[  12% ] [90m[1m_update_scan_actions[22m | Faceset.png[39m[0m
[  12% ] [90m[1m_update_scan_actions[22m | SpriteSheet.png[39m[0m
[  12% ] [90m[1m_update_scan_actions[22m | Attack.png[39m[0m
[  12% ] [90m[1m_update_scan_actions[22m | Dead.png[39m[0m
[  12% ] [90m[1m_update_scan_actions[22m | Idle.png[39m[0m
[  12% ] [90m[1m_update_scan_actions[22m | Item.png[39m[0m
[  12% ] [90m[1m_update_scan_actions[22m | Jump.png[39m[0m
[  12% ] [90m[1m_update_scan_actions[22m | Special1.png[39m[0m
[  12% ] [90m[1m_update_scan_actions[22m | Special2.png[39m[0m
[  12% ] [90m[1m_update_scan_actions[22m | Walk.png[39m[0m
[  12% ] [90m[1m_update_scan_actions[22m | Faceset.png[39m[0m
[  12% ] [90m[1m_update_scan_actions[22m | SpriteSheet.png[39m[0m
[  12% ] [90m[1m_update_scan_actions[22m | Attack.png[39m[0m
[  12% ] [90m[1m_update_scan_actions[22m | Dead.png[39m[0m
[  12% ] [90m[1m_update_scan_actions[22m | Idle.png[39m[0m
[  12% ] [90m[1m_update_scan_actions[22m | Item.png[39m[0m
[  12% ] [90m[1m_update_scan_actions[22m | Jump.png[39m[0m
[  12% ] [90m[1m_update_scan_actions[22m | Special1.png[39m[0m
[  12% ] [90m[1m_update_scan_actions[22m | Special2.png[39m[0m
[  12% ] [90m[1m_update_scan_actions[22m | Walk.png[39m[0m
[  13% ] [90m[1m_update_scan_actions[22m | Faceset.png[39m[0m
[  13% ] [90m[1m_update_scan_actions[22m | SpriteSheet.png[39m[0m
[  13% ] [90m[1m_update_scan_actions[22m | Attack.png[39m[0m
[  13% ] [90m[1m_update_scan_actions[22m | Dead.png[39m[0m
[  13% ] [90m[1m_update_scan_actions[22m | Idle.png[39m[0m
[  13% ] [90m[1m_update_scan_actions[22m | Item.png[39m[0m
[  13% ] [90m[1m_update_scan_actions[22m | Jump.png[39m[0m
[  13% ] [90m[1m_update_scan_actions[22m | Special1.png[39m[0m
[  13% ] [90m[1m_update_scan_actions[22m | Special2.png[39m[0m
[  13% ] [90m[1m_update_scan_actions[22m | Walk.png[39m[0m
[  13% ] [90m[1m_update_scan_actions[22m | Faceset.png[39m[0m
[  13% ] [90m[1m_update_scan_actions[22m | SpriteSheet.png[39m[0m
[  13% ] [90m[1m_update_scan_actions[22m | Attack.png[39m[0m
[  13% ] [90m[1m_update_scan_actions[22m | Dead.png[39m[0m
[  13% ] [90m[1m_update_scan_actions[22m | Idle.png[39m[0m
[  13% ] [90m[1m_update_scan_actions[22m | Item.png[39m[0m
[  13% ] [90m[1m_update_scan_actions[22m | Jump.png[39m[0m
[  13% ] [90m[1m_update_scan_actions[22m | Special1.png[39m[0m
[  13% ] [90m[1m_update_scan_actions[22m | Special2.png[39m[0m
[  13% ] [90m[1m_update_scan_actions[22m | Walk.png[39m[0m
[  13% ] [90m[1m_update_scan_actions[22m | Faceset.png[39m[0m
[  14% ] [90m[1m_update_scan_actions[22m | SpriteSheet.png[39m[0m
[  14% ] [90m[1m_update_scan_actions[22m | Attack.png[39m[0m
[  14% ] [90m[1m_update_scan_actions[22m | Dead.png[39m[0m
[  14% ] [90m[1m_update_scan_actions[22m | Idle.png[39m[0m
[  14% ] [90m[1m_update_scan_actions[22m | Item.png[39m[0m
[  14% ] [90m[1m_update_scan_actions[22m | Jump.png[39m[0m
[  14% ] [90m[1m_update_scan_actions[22m | Special1.png[39m[0m
[  14% ] [90m[1m_update_scan_actions[22m | Special2.png[39m[0m
[  14% ] [90m[1m_update_scan_actions[22m | Walk.png[39m[0m
[  14% ] [90m[1m_update_scan_actions[22m | Faceset.png[39m[0m
[  14% ] [90m[1m_update_scan_actions[22m | SpriteSheet.png[39m[0m
[  14% ] [90m[1m_update_scan_actions[22m | Attack.png[39m[0m
[  14% ] [90m[1m_update_scan_actions[22m | Dead.png[39m[0m
[  14% ] [90m[1m_update_scan_actions[22m | Idle.png[39m[0m
[  14% ] [90m[1m_update_scan_actions[22m | Item.png[39m[0m
[  14% ] [90m[1m_update_scan_actions[22m | Jump.png[39m[0m
[  14% ] [90m[1m_update_scan_actions[22m | Special1.png[39m[0m
[  14% ] [90m[1m_update_scan_actions[22m | Special2.png[39m[0m
[  14% ] [90m[1m_update_scan_actions[22m | Walk.png[39m[0m
[  14% ] [90m[1m_update_scan_actions[22m | Faceset.png[39m[0m
[  14% ] [90m[1m_update_scan_actions[22m | SpriteSheet.png[39m[0m
[  15% ] [90m[1m_update_scan_actions[22m | Attack.png[39m[0m
[  15% ] [90m[1m_update_scan_actions[22m | Dead.png[39m[0m
[  15% ] [90m[1m_update_scan_actions[22m | Idle.png[39m[0m
[  15% ] [90m[1m_update_scan_actions[22m | Item.png[39m[0m
[  15% ] [90m[1m_update_scan_actions[22m | Jump.png[39m[0m
[  15% ] [90m[1m_update_scan_actions[22m | Special1.png[39m[0m
[  15% ] [90m[1m_update_scan_actions[22m | Special2.png[39m[0m
[  15% ] [90m[1m_update_scan_actions[22m | Walk.png[39m[0m
[  15% ] [90m[1m_update_scan_actions[22m | Faceset.png[39m[0m
[  15% ] [90m[1m_update_scan_actions[22m | SpriteSheet.png[39m[0m
[  15% ] [90m[1m_update_scan_actions[22m | Attack.png[39m[0m
[  15% ] [90m[1m_update_scan_actions[22m | Dead.png[39m[0m
[  15% ] [90m[1m_update_scan_actions[22m | Idle.png[39m[0m
[  15% ] [90m[1m_update_scan_actions[22m | Item.png[39m[0m
[  15% ] [90m[1m_update_scan_actions[22m | Jump.png[39m[0m
[  15% ] [90m[1m_update_scan_actions[22m | Special1.png[39m[0m
[  15% ] [90m[1m_update_scan_actions[22m | Special2.png[39m[0m
[  15% ] [90m[1m_update_scan_actions[22m | Walk.png[39m[0m
[  15% ] [90m[1m_update_scan_actions[22m | Faceset.png[39m[0m
[  15% ] [90m[1m_update_scan_actions[22m | SpriteSheet.png[39m[0m
[  16% ] [90m[1m_update_scan_actions[22m | Attack.png[39m[0m
[  16% ] [90m[1m_update_scan_actions[22m | Dead.png[39m[0m
[  16% ] [90m[1m_update_scan_actions[22m | Idle.png[39m[0m
[  16% ] [90m[1m_update_scan_actions[22m | Item.png[39m[0m
[  16% ] [90m[1m_update_scan_actions[22m | Jump.png[39m[0m
[  16% ] [90m[1m_update_scan_actions[22m | Special1.png[39m[0m
[  16% ] [90m[1m_update_scan_actions[22m | Special2.png[39m[0m
[  16% ] [90m[1m_update_scan_actions[22m | Walk.png[39m[0m
[  16% ] [90m[1m_update_scan_actions[22m | Faceset.png[39m[0m
[  16% ] [90m[1m_update_scan_actions[22m | SpriteSheet.png[39m[0m
[  16% ] [90m[1m_update_scan_actions[22m | Attack.png[39m[0m
[  16% ] [90m[1m_update_scan_actions[22m | Dead.png[39m[0m
[  16% ] [90m[1m_update_scan_actions[22m | Idle.png[39m[0m
[  16% ] [90m[1m_update_scan_actions[22m | Item.png[39m[0m
[  16% ] [90m[1m_update_scan_actions[22m | Jump.png[39m[0m
[  16% ] [90m[1m_update_scan_actions[22m | Special1.png[39m[0m
[  16% ] [90m[1m_update_scan_actions[22m | Special2.png[39m[0m
[  16% ] [90m[1m_update_scan_actions[22m | Walk.png[39m[0m
[  16% ] [90m[1m_update_scan_actions[22m | Faceset.png[39m[0m
[  16% ] [90m[1m_update_scan_actions[22m | SpriteSheet.png[39m[0m
[  16% ] [90m[1m_update_scan_actions[22m | Attack.png[39m[0m
[  17% ] [90m[1m_update_scan_actions[22m | Dead.png[39m[0m
[  17% ] [90m[1m_update_scan_actions[22m | Idle.png[39m[0m
[  17% ] [90m[1m_update_scan_actions[22m | Item.png[39m[0m
[  17% ] [90m[1m_update_scan_actions[22m | Jump.png[39m[0m
[  17% ] [90m[1m_update_scan_actions[22m | Special1.png[39m[0m
[  17% ] [90m[1m_update_scan_actions[22m | Special2.png[39m[0m
[  17% ] [90m[1m_update_scan_actions[22m | Walk.png[39m[0m
[  17% ] [90m[1m_update_scan_actions[22m | Faceset.png[39m[0m
[  17% ] [90m[1m_update_scan_actions[22m | SpriteSheet.png[39m[0m
[  17% ] [90m[1m_update_scan_actions[22m | Attack.png[39m[0m
[  17% ] [90m[1m_update_scan_actions[22m | Dead.png[39m[0m
[  17% ] [90m[1m_update_scan_actions[22m | Idle.png[39m[0m
[  17% ] [90m[1m_update_scan_actions[22m | Item.png[39m[0m
[  17% ] [90m[1m_update_scan_actions[22m | Jump.png[39m[0m
[  17% ] [90m[1m_update_scan_actions[22m | Special1.png[39m[0m
[  17% ] [90m[1m_update_scan_actions[22m | Special2.png[39m[0m
[  17% ] [90m[1m_update_scan_actions[22m | Walk.png[39m[0m
[  17% ] [90m[1m_update_scan_actions[22m | Faceset.png[39m[0m
[  17% ] [90m[1m_update_scan_actions[22m | SpriteSheet.png[39m[0m
[  17% ] [90m[1m_update_scan_actions[22m | Attack.png[39m[0m
[  17% ] [90m[1m_update_scan_actions[22m | Dead.png[39m[0m
[  18% ] [90m[1m_update_scan_actions[22m | Idle.png[39m[0m
[  18% ] [90m[1m_update_scan_actions[22m | Item.png[39m[0m
[  18% ] [90m[1m_update_scan_actions[22m | Jump.png[39m[0m
[  18% ] [90m[1m_update_scan_actions[22m | Special1.png[39m[0m
[  18% ] [90m[1m_update_scan_actions[22m | Special2.png[39m[0m
[  18% ] [90m[1m_update_scan_actions[22m | Walk.png[39m[0m
[  18% ] [90m[1m_update_scan_actions[22m | Faceset.png[39m[0m
[  18% ] [90m[1m_update_scan_actions[22m | SpriteSheet.png[39m[0m
[  18% ] [90m[1m_update_scan_actions[22m | Attack.png[39m[0m
[  18% ] [90m[1m_update_scan_actions[22m | Dead.png[39m[0m
[  18% ] [90m[1m_update_scan_actions[22m | Idle.png[39m[0m
[  18% ] [90m[1m_update_scan_actions[22m | Item.png[39m[0m
[  18% ] [90m[1m_update_scan_actions[22m | Jump.png[39m[0m
[  18% ] [90m[1m_update_scan_actions[22m | Special1.png[39m[0m
[  18% ] [90m[1m_update_scan_actions[22m | Special2.png[39m[0m
[  18% ] [90m[1m_update_scan_actions[22m | Walk.png[39m[0m
[  18% ] [90m[1m_update_scan_actions[22m | Faceset.png[39m[0m
[  18% ] [90m[1m_update_scan_actions[22m | SpriteSheet.png[39m[0m
[  18% ] [90m[1m_update_scan_actions[22m | Attack.png[39m[0m
[  18% ] [90m[1m_update_scan_actions[22m | Dead.png[39m[0m
[  18% ] [90m[1m_update_scan_actions[22m | Idle.png[39m[0m
[  19% ] [90m[1m_update_scan_actions[22m | Item.png[39m[0m
[  19% ] [90m[1m_update_scan_actions[22m | Jump.png[39m[0m
[  19% ] [90m[1m_update_scan_actions[22m | Special1.png[39m[0m
[  19% ] [90m[1m_update_scan_actions[22m | Special2.png[39m[0m
[  19% ] [90m[1m_update_scan_actions[22m | Walk.png[39m[0m
[  19% ] [90m[1m_update_scan_actions[22m | Faceset.png[39m[0m
[  19% ] [90m[1m_update_scan_actions[22m | SpriteSheet.png[39m[0m
[  19% ] [90m[1m_update_scan_actions[22m | Attack.png[39m[0m
[  19% ] [90m[1m_update_scan_actions[22m | Dead.png[39m[0m
[  19% ] [90m[1m_update_scan_actions[22m | Idle.png[39m[0m
[  19% ] [90m[1m_update_scan_actions[22m | Item.png[39m[0m
[  19% ] [90m[1m_update_scan_actions[22m | Jump.png[39m[0m
[  19% ] [90m[1m_update_scan_actions[22m | Special1.png[39m[0m
[  19% ] [90m[1m_update_scan_actions[22m | Special2.png[39m[0m
[  19% ] [90m[1m_update_scan_actions[22m | Walk.png[39m[0m
[  19% ] [90m[1m_update_scan_actions[22m | Faceset.png[39m[0m
[  19% ] [90m[1m_update_scan_actions[22m | SpriteSheet.png[39m[0m
[  19% ] [90m[1m_update_scan_actions[22m | Attack.png[39m[0m
[  19% ] [90m[1m_update_scan_actions[22m | Dead.png[39m[0m
[  19% ] [90m[1m_update_scan_actions[22m | Idle.png[39m[0m
[  20% ] [90m[1m_update_scan_actions[22m | Item.png[39m[0m
[  20% ] [90m[1m_update_scan_actions[22m | Jump.png[39m[0m
[  20% ] [90m[1m_update_scan_actions[22m | Special1.png[39m[0m
[  20% ] [90m[1m_update_scan_actions[22m | Special2.png[39m[0m
[  20% ] [90m[1m_update_scan_actions[22m | Walk.png[39m[0m
[  20% ] [90m[1m_update_scan_actions[22m | Faceset.png[39m[0m
[  20% ] [90m[1m_update_scan_actions[22m | SpriteSheet.png[39m[0m
[  20% ] [90m[1m_update_scan_actions[22m | Attack.png[39m[0m
[  20% ] [90m[1m_update_scan_actions[22m | Dead.png[39m[0m
[  20% ] [90m[1m_update_scan_actions[22m | Idle.png[39m[0m
[  20% ] [90m[1m_update_scan_actions[22m | Item.png[39m[0m
[  20% ] [90m[1m_update_scan_actions[22m | Jump.png[39m[0m
[  20% ] [90m[1m_update_scan_actions[22m | Special1.png[39m[0m
[  20% ] [90m[1m_update_scan_actions[22m | Special2.png[39m[0m
[  20% ] [90m[1m_update_scan_actions[22m | Walk.png[39m[0m
[  20% ] [90m[1m_update_scan_actions[22m | Faceset.png[39m[0m
[  20% ] [90m[1m_update_scan_actions[22m | SpriteSheet.png[39m[0m
[  20% ] [90m[1m_update_scan_actions[22m | Attack.png[39m[0m
[  20% ] [90m[1m_update_scan_actions[22m | Dead.png[39m[0m
[  20% ] [90m[1m_update_scan_actions[22m | Idle.png[39m[0m
[  20% ] [90m[1m_update_scan_actions[22m | Item.png[39m[0m
[  21% ] [90m[1m_update_scan_actions[22m | Jump.png[39m[0m
[  21% ] [90m[1m_update_scan_actions[22m | Special1.png[39m[0m
[  21% ] [90m[1m_update_scan_actions[22m | Special2.png[39m[0m
[  21% ] [90m[1m_update_scan_actions[22m | Walk.png[39m[0m
[  21% ] [90m[1m_update_scan_actions[22m | Faceset.png[39m[0m
[  21% ] [90m[1m_update_scan_actions[22m | SpriteSheet.png[39m[0m
[  21% ] [90m[1m_update_scan_actions[22m | Attack.png[39m[0m
[  21% ] [90m[1m_update_scan_actions[22m | Dead.png[39m[0m
[  21% ] [90m[1m_update_scan_actions[22m | Idle.png[39m[0m
[  21% ] [90m[1m_update_scan_actions[22m | Item.png[39m[0m
[  21% ] [90m[1m_update_scan_actions[22m | Jump.png[39m[0m
[  21% ] [90m[1m_update_scan_actions[22m | Special1.png[39m[0m
[  21% ] [90m[1m_update_scan_actions[22m | Special2.png[39m[0m
[  21% ] [90m[1m_update_scan_actions[22m | Walk.png[39m[0m
[  21% ] [90m[1m_update_scan_actions[22m | Faceset.png[39m[0m
[  21% ] [90m[1m_update_scan_actions[22m | SpriteSheet.png[39m[0m
[  21% ] [90m[1m_update_scan_actions[22m | Attack.png[39m[0m
[  21% ] [90m[1m_update_scan_actions[22m | Dead.png[39m[0m
[  21% ] [90m[1m_update_scan_actions[22m | Idle.png[39m[0m
[  21% ] [90m[1m_update_scan_actions[22m | Item.png[39m[0m
[  21% ] [90m[1m_update_scan_actions[22m | Jump.png[39m[0m
[  22% ] [90m[1m_update_scan_actions[22m | Special1.png[39m[0m
[  22% ] [90m[1m_update_scan_actions[22m | Special2.png[39m[0m
[  22% ] [90m[1m_update_scan_actions[22m | Walk.png[39m[0m
[  22% ] [90m[1m_update_scan_actions[22m | Faceset.png[39m[0m
[  22% ] [90m[1m_update_scan_actions[22m | SpriteSheet.png[39m[0m
[  22% ] [90m[1m_update_scan_actions[22m | Attack.png[39m[0m
[  22% ] [90m[1m_update_scan_actions[22m | Dead.png[39m[0m
[  22% ] [90m[1m_update_scan_actions[22m | Idle.png[39m[0m
[  22% ] [90m[1m_update_scan_actions[22m | Item.png[39m[0m
[  22% ] [90m[1m_update_scan_actions[22m | Jump.png[39m[0m
[  22% ] [90m[1m_update_scan_actions[22m | Special1.png[39m[0m
[  22% ] [90m[1m_update_scan_actions[22m | Special2.png[39m[0m
[  22% ] [90m[1m_update_scan_actions[22m | Walk.png[39m[0m
[  22% ] [90m[1m_update_scan_actions[22m | Faceset.png[39m[0m
[  22% ] [90m[1m_update_scan_actions[22m | SpriteSheet.png[39m[0m
[  22% ] [90m[1m_update_scan_actions[22m | Attack.png[39m[0m
[  22% ] [90m[1m_update_scan_actions[22m | Dead.png[39m[0m
[  22% ] [90m[1m_update_scan_actions[22m | Idle.png[39m[0m
[  22% ] [90m[1m_update_scan_actions[22m | Item.png[39m[0m
[  22% ] [90m[1m_update_scan_actions[22m | Jump.png[39m[0m
[  22% ] [90m[1m_update_scan_actions[22m | Special1.png[39m[0m
[  23% ] [90m[1m_update_scan_actions[22m | Special2.png[39m[0m
[  23% ] [90m[1m_update_scan_actions[22m | Walk.png[39m[0m
[  23% ] [90m[1m_update_scan_actions[22m | Faceset.png[39m[0m
[  23% ] [90m[1m_update_scan_actions[22m | SpriteSheet.png[39m[0m
[  23% ] [90m[1m_update_scan_actions[22m | Attack.png[39m[0m
[  23% ] [90m[1m_update_scan_actions[22m | Dead.png[39m[0m
[  23% ] [90m[1m_update_scan_actions[22m | Idle.png[39m[0m
[  23% ] [90m[1m_update_scan_actions[22m | Item.png[39m[0m
[  23% ] [90m[1m_update_scan_actions[22m | Jump.png[39m[0m
[  23% ] [90m[1m_update_scan_actions[22m | Special1.png[39m[0m
[  23% ] [90m[1m_update_scan_actions[22m | Special2.png[39m[0m
[  23% ] [90m[1m_update_scan_actions[22m | Walk.png[39m[0m
[  23% ] [90m[1m_update_scan_actions[22m | Faceset1.png[39m[0m
[  23% ] [90m[1m_update_scan_actions[22m | SpriteSheet.png[39m[0m
[  23% ] [90m[1m_update_scan_actions[22m | Attack.png[39m[0m
[  23% ] [90m[1m_update_scan_actions[22m | Idle.png[39m[0m
[  23% ] [90m[1m_update_scan_actions[22m | Item.png[39m[0m
[  23% ] [90m[1m_update_scan_actions[22m | Jump.png[39m[0m
[  23% ] [90m[1m_update_scan_actions[22m | Special1.png[39m[0m
[  23% ] [90m[1m_update_scan_actions[22m | Special2.png[39m[0m
[  24% ] [90m[1m_update_scan_actions[22m | Walk.png[39m[0m
[  24% ] [90m[1m_update_scan_actions[22m | Dead14.png[39m[0m
[  24% ] [90m[1m_update_scan_actions[22m | Faceset.png[39m[0m
[  24% ] [90m[1m_update_scan_actions[22m | SpriteSheet.png[39m[0m
[  24% ] [90m[1m_update_scan_actions[22m | Attack.png[39m[0m
[  24% ] [90m[1m_update_scan_actions[22m | Dead.png[39m[0m
[  24% ] [90m[1m_update_scan_actions[22m | Idle.png[39m[0m
[  24% ] [90m[1m_update_scan_actions[22m | Item.png[39m[0m
[  24% ] [90m[1m_update_scan_actions[22m | Jump.png[39m[0m
[  24% ] [90m[1m_update_scan_actions[22m | Special1.png[39m[0m
[  24% ] [90m[1m_update_scan_actions[22m | Special2.png[39m[0m
[  24% ] [90m[1m_update_scan_actions[22m | Walk.png[39m[0m
[  24% ] [90m[1m_update_scan_actions[22m | Faceset.png[39m[0m
[  24% ] [90m[1m_update_scan_actions[22m | SpriteSheet.png[39m[0m
[  24% ] [90m[1m_update_scan_actions[22m | Attack.png[39m[0m
[  24% ] [90m[1m_update_scan_actions[22m | Dead.png[39m[0m
[  24% ] [90m[1m_update_scan_actions[22m | Idle.png[39m[0m
[  24% ] [90m[1m_update_scan_actions[22m | Item.png[39m[0m
[  24% ] [90m[1m_update_scan_actions[22m | Jump.png[39m[0m
[  24% ] [90m[1m_update_scan_actions[22m | Special1.png[39m[0m
[  24% ] [90m[1m_update_scan_actions[22m | Special2.png[39m[0m
[  25% ] [90m[1m_update_scan_actions[22m | Walk.png[39m[0m
[  25% ] [90m[1m_update_scan_actions[22m | Faceset.png[39m[0m
[  25% ] [90m[1m_update_scan_actions[22m | SpriteSheet.png[39m[0m
[  25% ] [90m[1m_update_scan_actions[22m | Attack.png[39m[0m
[  25% ] [90m[1m_update_scan_actions[22m | Dead.png[39m[0m
[  25% ] [90m[1m_update_scan_actions[22m | Idle.png[39m[0m
[  25% ] [90m[1m_update_scan_actions[22m | Item.png[39m[0m
[  25% ] [90m[1m_update_scan_actions[22m | Jump.png[39m[0m
[  25% ] [90m[1m_update_scan_actions[22m | Special1.png[39m[0m
[  25% ] [90m[1m_update_scan_actions[22m | Special2.png[39m[0m
[  25% ] [90m[1m_update_scan_actions[22m | Walk.png[39m[0m
[  25% ] [90m[1m_update_scan_actions[22m | Faceset.png[39m[0m
[  25% ] [90m[1m_update_scan_actions[22m | SpriteSheet.png[39m[0m
[  25% ] [90m[1m_update_scan_actions[22m | Attack.png[39m[0m
[  25% ] [90m[1m_update_scan_actions[22m | Dead.png[39m[0m
[  25% ] [90m[1m_update_scan_actions[22m | Idle.png[39m[0m
[  25% ] [90m[1m_update_scan_actions[22m | Item.png[39m[0m
[  25% ] [90m[1m_update_scan_actions[22m | Jump.png[39m[0m
[  25% ] [90m[1m_update_scan_actions[22m | Special1.png[39m[0m
[  25% ] [90m[1m_update_scan_actions[22m | Special2.png[39m[0m
[  25% ] [90m[1m_update_scan_actions[22m | Walk.png[39m[0m
[  26% ] [90m[1m_update_scan_actions[22m | Faceset.png[39m[0m
[  26% ] [90m[1m_update_scan_actions[22m | SpriteSheet.png[39m[0m
[  26% ] [90m[1m_update_scan_actions[22m | Attack.png[39m[0m
[  26% ] [90m[1m_update_scan_actions[22m | Dead.png[39m[0m
[  26% ] [90m[1m_update_scan_actions[22m | Idle.png[39m[0m
[  26% ] [90m[1m_update_scan_actions[22m | Item.png[39m[0m
[  26% ] [90m[1m_update_scan_actions[22m | Jump.png[39m[0m
[  26% ] [90m[1m_update_scan_actions[22m | Special1.png[39m[0m
[  26% ] [90m[1m_update_scan_actions[22m | Special2.png[39m[0m
[  26% ] [90m[1m_update_scan_actions[22m | Walk.png[39m[0m
[  26% ] [90m[1m_update_scan_actions[22m | Faceset.png[39m[0m
[  26% ] [90m[1m_update_scan_actions[22m | SpriteSheet.png[39m[0m
[  26% ] [90m[1m_update_scan_actions[22m | Attack.png[39m[0m
[  26% ] [90m[1m_update_scan_actions[22m | Dead.png[39m[0m
[  26% ] [90m[1m_update_scan_actions[22m | Idle.png[39m[0m
[  26% ] [90m[1m_update_scan_actions[22m | Item.png[39m[0m
[  26% ] [90m[1m_update_scan_actions[22m | Jump.png[39m[0m
[  26% ] [90m[1m_update_scan_actions[22m | Special1.png[39m[0m
[  26% ] [90m[1m_update_scan_actions[22m | Special2.png[39m[0m
[  26% ] [90m[1m_update_scan_actions[22m | Walk.png[39m[0m
[  27% ] [90m[1m_update_scan_actions[22m | Faceset.png[39m[0m
[  27% ] [90m[1m_update_scan_actions[22m | SpriteSheet.png[39m[0m
[  27% ] [90m[1m_update_scan_actions[22m | Attack.png[39m[0m
[  27% ] [90m[1m_update_scan_actions[22m | Dead.png[39m[0m
[  27% ] [90m[1m_update_scan_actions[22m | Idle.png[39m[0m
[  27% ] [90m[1m_update_scan_actions[22m | Item.png[39m[0m
[  27% ] [90m[1m_update_scan_actions[22m | Jump.png[39m[0m
[  27% ] [90m[1m_update_scan_actions[22m | Special1.png[39m[0m
[  27% ] [90m[1m_update_scan_actions[22m | Special2.png[39m[0m
[  27% ] [90m[1m_update_scan_actions[22m | Walk.png[39m[0m
[  27% ] [90m[1m_update_scan_actions[22m | Faceset.png[39m[0m
[  27% ] [90m[1m_update_scan_actions[22m | SpriteSheet.png[39m[0m
[  27% ] [90m[1m_update_scan_actions[22m | Attack.png[39m[0m
[  27% ] [90m[1m_update_scan_actions[22m | Dead.png[39m[0m
[  27% ] [90m[1m_update_scan_actions[22m | Idle.png[39m[0m
[  27% ] [90m[1m_update_scan_actions[22m | Item.png[39m[0m
[  27% ] [90m[1m_update_scan_actions[22m | Jump.png[39m[0m
[  27% ] [90m[1m_update_scan_actions[22m | Special1.png[39m[0m
[  27% ] [90m[1m_update_scan_actions[22m | Special2.png[39m[0m
[  27% ] [90m[1m_update_scan_actions[22m | Walk.png[39m[0m
[  27% ] [90m[1m_update_scan_actions[22m | Faceset.png[39m[0m
[  28% ] [90m[1m_update_scan_actions[22m | SpriteSheet.png[39m[0m
[  28% ] [90m[1m_update_scan_actions[22m | Attack.png[39m[0m
[  28% ] [90m[1m_update_scan_actions[22m | Dead.png[39m[0m
[  28% ] [90m[1m_update_scan_actions[22m | Idle.png[39m[0m
[  28% ] [90m[1m_update_scan_actions[22m | Item.png[39m[0m
[  28% ] [90m[1m_update_scan_actions[22m | Jump.png[39m[0m
[  28% ] [90m[1m_update_scan_actions[22m | Special1.png[39m[0m
[  28% ] [90m[1m_update_scan_actions[22m | Special2.png[39m[0m
[  28% ] [90m[1m_update_scan_actions[22m | Walk.png[39m[0m
[  28% ] [90m[1m_update_scan_actions[22m | Faceset.png[39m[0m
[  28% ] [90m[1m_update_scan_actions[22m | SpriteSheet.png[39m[0m
[  28% ] [90m[1m_update_scan_actions[22m | Attack.png[39m[0m
[  28% ] [90m[1m_update_scan_actions[22m | Dead.png[39m[0m
[  28% ] [90m[1m_update_scan_actions[22m | Idle.png[39m[0m
[  28% ] [90m[1m_update_scan_actions[22m | Item.png[39m[0m
[  28% ] [90m[1m_update_scan_actions[22m | Jump.png[39m[0m
[  28% ] [90m[1m_update_scan_actions[22m | Special1.png[39m[0m
[  28% ] [90m[1m_update_scan_actions[22m | Special2.png[39m[0m
[  28% ] [90m[1m_update_scan_actions[22m | Walk.png[39m[0m
[  28% ] [90m[1m_update_scan_actions[22m | Faceset.png[39m[0m
[  28% ] [90m[1m_update_scan_actions[22m | SpriteSheet.png[39m[0m
[  29% ] [90m[1m_update_scan_actions[22m | Attack.png[39m[0m
[  29% ] [90m[1m_update_scan_actions[22m | Dead.png[39m[0m
[  29% ] [90m[1m_update_scan_actions[22m | Idle.png[39m[0m
[  29% ] [90m[1m_update_scan_actions[22m | Item.png[39m[0m
[  29% ] [90m[1m_update_scan_actions[22m | Jump.png[39m[0m
[  29% ] [90m[1m_update_scan_actions[22m | Special1.png[39m[0m
[  29% ] [90m[1m_update_scan_actions[22m | Special2.png[39m[0m
[  29% ] [90m[1m_update_scan_actions[22m | Walk.png[39m[0m
[  29% ] [90m[1m_update_scan_actions[22m | Faceset.png[39m[0m
[  29% ] [90m[1m_update_scan_actions[22m | SpriteSheet.png[39m[0m
[  29% ] [90m[1m_update_scan_actions[22m | Attack.png[39m[0m
[  29% ] [90m[1m_update_scan_actions[22m | Dead.png[39m[0m
[  29% ] [90m[1m_update_scan_actions[22m | Idle.png[39m[0m
[  29% ] [90m[1m_update_scan_actions[22m | Item.png[39m[0m
[  29% ] [90m[1m_update_scan_actions[22m | Jump.png[39m[0m
[  29% ] [90m[1m_update_scan_actions[22m | Special1.png[39m[0m
[  29% ] [90m[1m_update_scan_actions[22m | Special2.png[39m[0m
[  29% ] [90m[1m_update_scan_actions[22m | Walk.png[39m[0m
[  29% ] [90m[1m_update_scan_actions[22m | Faceset.png[39m[0m
[  29% ] [90m[1m_update_scan_actions[22m | SpriteSheet.png[39m[0m
[  29% ] [90m[1m_update_scan_actions[22m | Attack.png[39m[0m
[  30% ] [90m[1m_update_scan_actions[22m | Dead.png[39m[0m
[  30% ] [90m[1m_update_scan_actions[22m | Idle.png[39m[0m
[  30% ] [90m[1m_update_scan_actions[22m | Item.png[39m[0m
[  30% ] [90m[1m_update_scan_actions[22m | Jump.png[39m[0m
[  30% ] [90m[1m_update_scan_actions[22m | Special1.png[39m[0m
[  30% ] [90m[1m_update_scan_actions[22m | Special2.png[39m[0m
[  30% ] [90m[1m_update_scan_actions[22m | Walk.png[39m[0m
[  30% ] [90m[1m_update_scan_actions[22m | Faceset.png[39m[0m
[  30% ] [90m[1m_update_scan_actions[22m | SpriteSheet.png[39m[0m
[  30% ] [90m[1m_update_scan_actions[22m | Attack.png[39m[0m
[  30% ] [90m[1m_update_scan_actions[22m | Dead.png[39m[0m
[  30% ] [90m[1m_update_scan_actions[22m | Item.png[39m[0m
[  30% ] [90m[1m_update_scan_actions[22m | Jump.png[39m[0m
[  30% ] [90m[1m_update_scan_actions[22m | Special1.png[39m[0m
[  30% ] [90m[1m_update_scan_actions[22m | Special2.png[39m[0m
[  30% ] [90m[1m_update_scan_actions[22m | Walk.png[39m[0m
[  30% ] [90m[1m_update_scan_actions[22m | Faceset.png[39m[0m
[  30% ] [90m[1m_update_scan_actions[22m | SpriteSheet.png[39m[0m
[  30% ] [90m[1m_update_scan_actions[22m | Attack.png[39m[0m
[  30% ] [90m[1m_update_scan_actions[22m | Dead.png[39m[0m
[  31% ] [90m[1m_update_scan_actions[22m | Idle.png[39m[0m
[  31% ] [90m[1m_update_scan_actions[22m | Item.png[39m[0m
[  31% ] [90m[1m_update_scan_actions[22m | Jump.png[39m[0m
[  31% ] [90m[1m_update_scan_actions[22m | Special1.png[39m[0m
[  31% ] [90m[1m_update_scan_actions[22m | Special2.png[39m[0m
[  31% ] [90m[1m_update_scan_actions[22m | Walk.png[39m[0m
[  31% ] [90m[1m_update_scan_actions[22m | Faceset.png[39m[0m
[  31% ] [90m[1m_update_scan_actions[22m | SpriteSheet.png[39m[0m
[  31% ] [90m[1m_update_scan_actions[22m | Attack.png[39m[0m
[  31% ] [90m[1m_update_scan_actions[22m | Dead.png[39m[0m
[  31% ] [90m[1m_update_scan_actions[22m | Idle.png[39m[0m
[  31% ] [90m[1m_update_scan_actions[22m | Item.png[39m[0m
[  31% ] [90m[1m_update_scan_actions[22m | Jump.png[39m[0m
[  31% ] [90m[1m_update_scan_actions[22m | Special1.png[39m[0m
[  31% ] [90m[1m_update_scan_actions[22m | Special2.png[39m[0m
[  31% ] [90m[1m_update_scan_actions[22m | Walk.png[39m[0m
[  31% ] [90m[1m_update_scan_actions[22m | Faceset.png[39m[0m
[  31% ] [90m[1m_update_scan_actions[22m | SpriteSheet.png[39m[0m
[  31% ] [90m[1m_update_scan_actions[22m | Attack.png[39m[0m
[  31% ] [90m[1m_update_scan_actions[22m | Dead.png[39m[0m
[  31% ] [90m[1m_update_scan_actions[22m | Item.png[39m[0m
[  32% ] [90m[1m_update_scan_actions[22m | Jump.png[39m[0m
[  32% ] [90m[1m_update_scan_actions[22m | Special1.png[39m[0m
[  32% ] [90m[1m_update_scan_actions[22m | Special2.png[39m[0m
[  32% ] [90m[1m_update_scan_actions[22m | Walk.png[39m[0m
[  32% ] [90m[1m_update_scan_actions[22m | Faceset.png[39m[0m
[  32% ] [90m[1m_update_scan_actions[22m | SpriteSheet.png[39m[0m
[  32% ] [90m[1m_update_scan_actions[22m | Attack.png[39m[0m
[  32% ] [90m[1m_update_scan_actions[22m | Dead.png[39m[0m
[  32% ] [90m[1m_update_scan_actions[22m | Idle.png[39m[0m
[  32% ] [90m[1m_update_scan_actions[22m | Item.png[39m[0m
[  32% ] [90m[1m_update_scan_actions[22m | Jump.png[39m[0m
[  32% ] [90m[1m_update_scan_actions[22m | Special1.png[39m[0m
[  32% ] [90m[1m_update_scan_actions[22m | Special2.png[39m[0m
[  32% ] [90m[1m_update_scan_actions[22m | Walk.png[39m[0m
[  32% ] [90m[1m_update_scan_actions[22m | Faceset.png[39m[0m
[  32% ] [90m[1m_update_scan_actions[22m | SpriteSheet.png[39m[0m
[  32% ] [90m[1m_update_scan_actions[22m | Attack.png[39m[0m
[  32% ] [90m[1m_update_scan_actions[22m | Dead.png[39m[0m
[  32% ] [90m[1m_update_scan_actions[22m | Idle.png[39m[0m
[  32% ] [90m[1m_update_scan_actions[22m | Item.png[39m[0m
[  32% ] [90m[1m_update_scan_actions[22m | Jump.png[39m[0m
[  33% ] [90m[1m_update_scan_actions[22m | Special1.png[39m[0m
[  33% ] [90m[1m_update_scan_actions[22m | Special2.png[39m[0m
[  33% ] [90m[1m_update_scan_actions[22m | Walk.png[39m[0m
[  33% ] [90m[1m_update_scan_actions[22m | Faceset.png[39m[0m
[  33% ] [90m[1m_update_scan_actions[22m | SpriteSheet.png[39m[0m
[  33% ] [90m[1m_update_scan_actions[22m | Attack.png[39m[0m
[  33% ] [90m[1m_update_scan_actions[22m | Dead.png[39m[0m
[  33% ] [90m[1m_update_scan_actions[22m | Idle.png[39m[0m
[  33% ] [90m[1m_update_scan_actions[22m | Item.png[39m[0m
[  33% ] [90m[1m_update_scan_actions[22m | Jump.png[39m[0m
[  33% ] [90m[1m_update_scan_actions[22m | Special1.png[39m[0m
[  33% ] [90m[1m_update_scan_actions[22m | Special2.png[39m[0m
[  33% ] [90m[1m_update_scan_actions[22m | Walk.png[39m[0m
[  33% ] [90m[1m_update_scan_actions[22m | Faceset.png[39m[0m
[  33% ] [90m[1m_update_scan_actions[22m | SpriteSheet.png[39m[0m
[  33% ] [90m[1m_update_scan_actions[22m | Attack.png[39m[0m
[  33% ] [90m[1m_update_scan_actions[22m | Dead.png[39m[0m
[  33% ] [90m[1m_update_scan_actions[22m | Idle.png[39m[0m
[  33% ] [90m[1m_update_scan_actions[22m | Item.png[39m[0m
[  33% ] [90m[1m_update_scan_actions[22m | Jump.png[39m[0m
[  33% ] [90m[1m_update_scan_actions[22m | Special1.png[39m[0m
[  34% ] [90m[1m_update_scan_actions[22m | Special2.png[39m[0m
[  34% ] [90m[1m_update_scan_actions[22m | Walk.png[39m[0m
[  34% ] [90m[1m_update_scan_actions[22m | Faceset.png[39m[0m
[  34% ] [90m[1m_update_scan_actions[22m | SpriteSheet.png[39m[0m
[  34% ] [90m[1m_update_scan_actions[22m | Attack.png[39m[0m
[  34% ] [90m[1m_update_scan_actions[22m | Dead.png[39m[0m
[  34% ] [90m[1m_update_scan_actions[22m | Idle.png[39m[0m
[  34% ] [90m[1m_update_scan_actions[22m | Item.png[39m[0m
[  34% ] [90m[1m_update_scan_actions[22m | Jump.png[39m[0m
[  34% ] [90m[1m_update_scan_actions[22m | Special1.png[39m[0m
[  34% ] [90m[1m_update_scan_actions[22m | Special2.png[39m[0m
[  34% ] [90m[1m_update_scan_actions[22m | Walk.png[39m[0m
[  34% ] [90m[1m_update_scan_actions[22m | Faceset.png[39m[0m
[  34% ] [90m[1m_update_scan_actions[22m | SpriteSheet.png[39m[0m
[  34% ] [90m[1m_update_scan_actions[22m | Attack.png[39m[0m
[  34% ] [90m[1m_update_scan_actions[22m | Dead.png[39m[0m
[  34% ] [90m[1m_update_scan_actions[22m | Item.png[39m[0m
[  34% ] [90m[1m_update_scan_actions[22m | Jump.png[39m[0m
[  34% ] [90m[1m_update_scan_actions[22m | Special1.png[39m[0m
[  34% ] [90m[1m_update_scan_actions[22m | Special2.png[39m[0m
[  35% ] [90m[1m_update_scan_actions[22m | Walk.png[39m[0m
[  35% ] [90m[1m_update_scan_actions[22m | Faceset.png[39m[0m
[  35% ] [90m[1m_update_scan_actions[22m | SpriteSheet.png[39m[0m
[  35% ] [90m[1m_update_scan_actions[22m | Attack.png[39m[0m
[  35% ] [90m[1m_update_scan_actions[22m | Dead.png[39m[0m
[  35% ] [90m[1m_update_scan_actions[22m | Item.png[39m[0m
[  35% ] [90m[1m_update_scan_actions[22m | Jump.png[39m[0m
[  35% ] [90m[1m_update_scan_actions[22m | Special1.png[39m[0m
[  35% ] [90m[1m_update_scan_actions[22m | Special2.png[39m[0m
[  35% ] [90m[1m_update_scan_actions[22m | Walk.png[39m[0m
[  35% ] [90m[1m_update_scan_actions[22m | Faceset.png[39m[0m
[  35% ] [90m[1m_update_scan_actions[22m | SpriteSheet.png[39m[0m
[  35% ] [90m[1m_update_scan_actions[22m | Attack.png[39m[0m
[  35% ] [90m[1m_update_scan_actions[22m | Dead.png[39m[0m
[  35% ] [90m[1m_update_scan_actions[22m | Idle.png[39m[0m
[  35% ] [90m[1m_update_scan_actions[22m | Item.png[39m[0m
[  35% ] [90m[1m_update_scan_actions[22m | Jump.png[39m[0m
[  35% ] [90m[1m_update_scan_actions[22m | Special1.png[39m[0m
[  35% ] [90m[1m_update_scan_actions[22m | Special2.png[39m[0m
[  35% ] [90m[1m_update_scan_actions[22m | Walk.png[39m[0m
[  35% ] [90m[1m_update_scan_actions[22m | Faceset.png[39m[0m
[  36% ] [90m[1m_update_scan_actions[22m | SpriteSheet.png[39m[0m
[  36% ] [90m[1m_update_scan_actions[22m | Attack.png[39m[0m
[  36% ] [90m[1m_update_scan_actions[22m | Dead.png[39m[0m
[  36% ] [90m[1m_update_scan_actions[22m | Idle.png[39m[0m
[  36% ] [90m[1m_update_scan_actions[22m | Item.png[39m[0m
[  36% ] [90m[1m_update_scan_actions[22m | Jump.png[39m[0m
[  36% ] [90m[1m_update_scan_actions[22m | Special1.png[39m[0m
[  36% ] [90m[1m_update_scan_actions[22m | Special2.png[39m[0m
[  36% ] [90m[1m_update_scan_actions[22m | Walk.png[39m[0m
[  36% ] [90m[1m_update_scan_actions[22m | Faceset.png[39m[0m
[  36% ] [90m[1m_update_scan_actions[22m | SpriteSheet.png[39m[0m
[  36% ] [90m[1m_update_scan_actions[22m | Attack.png[39m[0m
[  36% ] [90m[1m_update_scan_actions[22m | Dead.png[39m[0m
[  36% ] [90m[1m_update_scan_actions[22m | Idle.png[39m[0m
[  36% ] [90m[1m_update_scan_actions[22m | Item.png[39m[0m
[  36% ] [90m[1m_update_scan_actions[22m | Jump.png[39m[0m
[  36% ] [90m[1m_update_scan_actions[22m | Special1.png[39m[0m
[  36% ] [90m[1m_update_scan_actions[22m | Special2.png[39m[0m
[  36% ] [90m[1m_update_scan_actions[22m | Walk.png[39m[0m
[  36% ] [90m[1m_update_scan_actions[22m | Faceset.png[39m[0m
[  36% ] [90m[1m_update_scan_actions[22m | SpriteSheet.png[39m[0m
[  37% ] [90m[1m_update_scan_actions[22m | Attack.png[39m[0m
[  37% ] [90m[1m_update_scan_actions[22m | Dead.png[39m[0m
[  37% ] [90m[1m_update_scan_actions[22m | Idle.png[39m[0m
[  37% ] [90m[1m_update_scan_actions[22m | Item.png[39m[0m
[  37% ] [90m[1m_update_scan_actions[22m | Jump.png[39m[0m
[  37% ] [90m[1m_update_scan_actions[22m | Special1.png[39m[0m
[  37% ] [90m[1m_update_scan_actions[22m | Special2.png[39m[0m
[  37% ] [90m[1m_update_scan_actions[22m | Walk.png[39m[0m
[  37% ] [90m[1m_update_scan_actions[22m | Faceset.png[39m[0m
[  37% ] [90m[1m_update_scan_actions[22m | SpriteSheet.png[39m[0m
[  37% ] [90m[1m_update_scan_actions[22m | Attack.png[39m[0m
[  37% ] [90m[1m_update_scan_actions[22m | Dead.png[39m[0m
[  37% ] [90m[1m_update_scan_actions[22m | Idle.png[39m[0m
[  37% ] [90m[1m_update_scan_actions[22m | Item.png[39m[0m
[  37% ] [90m[1m_update_scan_actions[22m | Jump.png[39m[0m
[  37% ] [90m[1m_update_scan_actions[22m | Special1.png[39m[0m
[  37% ] [90m[1m_update_scan_actions[22m | Special2.png[39m[0m
[  37% ] [90m[1m_update_scan_actions[22m | Walk.png[39m[0m
[  37% ] [90m[1m_update_scan_actions[22m | Faceset.png[39m[0m
[  37% ] [90m[1m_update_scan_actions[22m | SpriteSheet.png[39m[0m
[  37% ] [90m[1m_update_scan_actions[22m | Faceset.png[39m[0m
[  38% ] [90m[1m_update_scan_actions[22m | SpriteSheet.png[39m[0m
[  38% ] [90m[1m_update_scan_actions[22m | Attack.png[39m[0m
[  38% ] [90m[1m_update_scan_actions[22m | Dead.png[39m[0m
[  38% ] [90m[1m_update_scan_actions[22m | Idle.png[39m[0m
[  38% ] [90m[1m_update_scan_actions[22m | Item.png[39m[0m
[  38% ] [90m[1m_update_scan_actions[22m | Jump.png[39m[0m
[  38% ] [90m[1m_update_scan_actions[22m | Special1.png[39m[0m
[  38% ] [90m[1m_update_scan_actions[22m | Special2.png[39m[0m
[  38% ] [90m[1m_update_scan_actions[22m | Walk.png[39m[0m
[  38% ] [90m[1m_update_scan_actions[22m | Faceset.png[39m[0m
[  38% ] [90m[1m_update_scan_actions[22m | SpriteSheet.png[39m[0m
[  38% ] [90m[1m_update_scan_actions[22m | Attack.png[39m[0m
[  38% ] [90m[1m_update_scan_actions[22m | Dead.png[39m[0m
[  38% ] [90m[1m_update_scan_actions[22m | Idle.png[39m[0m
[  38% ] [90m[1m_update_scan_actions[22m | Item.png[39m[0m
[  38% ] [90m[1m_update_scan_actions[22m | Jump.png[39m[0m
[  38% ] [90m[1m_update_scan_actions[22m | Special1.png[39m[0m
[  38% ] [90m[1m_update_scan_actions[22m | Special2.png[39m[0m
[  38% ] [90m[1m_update_scan_actions[22m | Walk.png[39m[0m
[  38% ] [90m[1m_update_scan_actions[22m | Faceset.png[39m[0m
[  39% ] [90m[1m_update_scan_actions[22m | SpriteSheet.png[39m[0m
[  39% ] [90m[1m_update_scan_actions[22m | Attack.png[39m[0m
[  39% ] [90m[1m_update_scan_actions[22m | Dead.png[39m[0m
[  39% ] [90m[1m_update_scan_actions[22m | Idle.png[39m[0m
[  39% ] [90m[1m_update_scan_actions[22m | Item.png[39m[0m
[  39% ] [90m[1m_update_scan_actions[22m | Jump.png[39m[0m
[  39% ] [90m[1m_update_scan_actions[22m | Special1.png[39m[0m
[  39% ] [90m[1m_update_scan_actions[22m | Special2.png[39m[0m
[  39% ] [90m[1m_update_scan_actions[22m | Walk.png[39m[0m
[  39% ] [90m[1m_update_scan_actions[22m | Faceset.png[39m[0m
[  39% ] [90m[1m_update_scan_actions[22m | SpriteSheet.png[39m[0m
[  39% ] [90m[1m_update_scan_actions[22m | Attack.png[39m[0m
[  39% ] [90m[1m_update_scan_actions[22m | Dead.png[39m[0m
[  39% ] [90m[1m_update_scan_actions[22m | Idle.png[39m[0m
[  39% ] [90m[1m_update_scan_actions[22m | Item.png[39m[0m
[  39% ] [90m[1m_update_scan_actions[22m | Jump.png[39m[0m
[  39% ] [90m[1m_update_scan_actions[22m | Special1.png[39m[0m
[  39% ] [90m[1m_update_scan_actions[22m | Special2.png[39m[0m
[  39% ] [90m[1m_update_scan_actions[22m | Walk.png[39m[0m
[  39% ] [90m[1m_update_scan_actions[22m | Faceset.png[39m[0m
[  39% ] [90m[1m_update_scan_actions[22m | SpriteSheet.png[39m[0m
[  40% ] [90m[1m_update_scan_actions[22m | Attack.png[39m[0m
[  40% ] [90m[1m_update_scan_actions[22m | Dead.png[39m[0m
[  40% ] [90m[1m_update_scan_actions[22m | Idle.png[39m[0m
[  40% ] [90m[1m_update_scan_actions[22m | Item.png[39m[0m
[  40% ] [90m[1m_update_scan_actions[22m | Jump.png[39m[0m
[  40% ] [90m[1m_update_scan_actions[22m | Special1.png[39m[0m
[  40% ] [90m[1m_update_scan_actions[22m | Special2.png[39m[0m
[  40% ] [90m[1m_update_scan_actions[22m | Walk.png[39m[0m
[  40% ] [90m[1m_update_scan_actions[22m | Faceset.png[39m[0m
[  40% ] [90m[1m_update_scan_actions[22m | SpriteSheet.png[39m[0m
[  40% ] [90m[1m_update_scan_actions[22m | Attack.png[39m[0m
[  40% ] [90m[1m_update_scan_actions[22m | Dead.png[39m[0m
[  40% ] [90m[1m_update_scan_actions[22m | Idle.png[39m[0m
[  40% ] [90m[1m_update_scan_actions[22m | Item.png[39m[0m
[  40% ] [90m[1m_update_scan_actions[22m | Jump.png[39m[0m
[  40% ] [90m[1m_update_scan_actions[22m | Special1.png[39m[0m
[  40% ] [90m[1m_update_scan_actions[22m | Special2.png[39m[0m
[  40% ] [90m[1m_update_scan_actions[22m | Walk.png[39m[0m
[  40% ] [90m[1m_update_scan_actions[22m | Faceset.png[39m[0m
[  40% ] [90m[1m_update_scan_actions[22m | SpriteSheet.png[39m[0m
[  40% ] [90m[1m_update_scan_actions[22m | Attack.png[39m[0m
[  41% ] [90m[1m_update_scan_actions[22m | Dead.png[39m[0m
[  41% ] [90m[1m_update_scan_actions[22m | Idle.png[39m[0m
[  41% ] [90m[1m_update_scan_actions[22m | Item.png[39m[0m
[  41% ] [90m[1m_update_scan_actions[22m | Jump.png[39m[0m
[  41% ] [90m[1m_update_scan_actions[22m | Special1.png[39m[0m
[  41% ] [90m[1m_update_scan_actions[22m | Special2.png[39m[0m
[  41% ] [90m[1m_update_scan_actions[22m | Walk.png[39m[0m
[  41% ] [90m[1m_update_scan_actions[22m | Faceset.png[39m[0m
[  41% ] [90m[1m_update_scan_actions[22m | SpriteSheet.png[39m[0m
[  41% ] [90m[1m_update_scan_actions[22m | Attack.png[39m[0m
[  41% ] [90m[1m_update_scan_actions[22m | Dead.png[39m[0m
[  41% ] [90m[1m_update_scan_actions[22m | Idle.png[39m[0m
[  41% ] [90m[1m_update_scan_actions[22m | Item.png[39m[0m
[  41% ] [90m[1m_update_scan_actions[22m | Jump.png[39m[0m
[  41% ] [90m[1m_update_scan_actions[22m | Special1.png[39m[0m
[  41% ] [90m[1m_update_scan_actions[22m | Special2.png[39m[0m
[  41% ] [90m[1m_update_scan_actions[22m | Walk.png[39m[0m
[  41% ] [90m[1m_update_scan_actions[22m | Faceset.png[39m[0m
[  41% ] [90m[1m_update_scan_actions[22m | SpriteSheet.png[39m[0m
[  41% ] [90m[1m_update_scan_actions[22m | Attack.png[39m[0m
[  41% ] [90m[1m_update_scan_actions[22m | Dead.png[39m[0m
[  42% ] [90m[1m_update_scan_actions[22m | Idle.png[39m[0m
[  42% ] [90m[1m_update_scan_actions[22m | Item.png[39m[0m
[  42% ] [90m[1m_update_scan_actions[22m | Jump.png[39m[0m
[  42% ] [90m[1m_update_scan_actions[22m | Special1.png[39m[0m
[  42% ] [90m[1m_update_scan_actions[22m | Special2.png[39m[0m
[  42% ] [90m[1m_update_scan_actions[22m | Walk.png[39m[0m
[  42% ] [90m[1m_update_scan_actions[22m | Faceset.png[39m[0m
[  42% ] [90m[1m_update_scan_actions[22m | SpriteSheet.png[39m[0m
[  42% ] [90m[1m_update_scan_actions[22m | Attack.png[39m[0m
[  42% ] [90m[1m_update_scan_actions[22m | Dead.png[39m[0m
[  42% ] [90m[1m_update_scan_actions[22m | Idle.png[39m[0m
[  42% ] [90m[1m_update_scan_actions[22m | Item.png[39m[0m
[  42% ] [90m[1m_update_scan_actions[22m | Jump.png[39m[0m
[  42% ] [90m[1m_update_scan_actions[22m | Special1.png[39m[0m
[  42% ] [90m[1m_update_scan_actions[22m | Special2.png[39m[0m
[  42% ] [90m[1m_update_scan_actions[22m | Walk.png[39m[0m
[  42% ] [90m[1m_update_scan_actions[22m | Faceset.png[39m[0m
[  42% ] [90m[1m_update_scan_actions[22m | redsamurai.png[39m[0m
[  42% ] [90m[1m_update_scan_actions[22m | Attack.png[39m[0m
[  42% ] [90m[1m_update_scan_actions[22m | Dead.png[39m[0m
[  43% ] [90m[1m_update_scan_actions[22m | Idle.png[39m[0m
[  43% ] [90m[1m_update_scan_actions[22m | Item.png[39m[0m
[  43% ] [90m[1m_update_scan_actions[22m | Jump.png[39m[0m
[  43% ] [90m[1m_update_scan_actions[22m | Special1.png[39m[0m
[  43% ] [90m[1m_update_scan_actions[22m | Special2.png[39m[0m
[  43% ] [90m[1m_update_scan_actions[22m | Walk.png[39m[0m
[  43% ] [90m[1m_update_scan_actions[22m | Faceset.png[39m[0m
[  43% ] [90m[1m_update_scan_actions[22m | SpriteSheet.png[39m[0m
[  43% ] [90m[1m_update_scan_actions[22m | Attack.png[39m[0m
[  43% ] [90m[1m_update_scan_actions[22m | Dead.png[39m[0m
[  43% ] [90m[1m_update_scan_actions[22m | Idle.png[39m[0m
[  43% ] [90m[1m_update_scan_actions[22m | Item.png[39m[0m
[  43% ] [90m[1m_update_scan_actions[22m | Jump.png[39m[0m
[  43% ] [90m[1m_update_scan_actions[22m | Special1.png[39m[0m
[  43% ] [90m[1m_update_scan_actions[22m | Special2.png[39m[0m
[  43% ] [90m[1m_update_scan_actions[22m | Walk.png[39m[0m
[  43% ] [90m[1m_update_scan_actions[22m | Faceset.png[39m[0m
[  43% ] [90m[1m_update_scan_actions[22m | SpriteSheet.png[39m[0m
[  43% ] [90m[1m_update_scan_actions[22m | Attack.png[39m[0m
[  43% ] [90m[1m_update_scan_actions[22m | Dead.png[39m[0m
[  43% ] [90m[1m_update_scan_actions[22m | Idle.png[39m[0m
[  44% ] [90m[1m_update_scan_actions[22m | Item.png[39m[0m
[  44% ] [90m[1m_update_scan_actions[22m | Jump.png[39m[0m
[  44% ] [90m[1m_update_scan_actions[22m | Special1.png[39m[0m
[  44% ] [90m[1m_update_scan_actions[22m | Special2.png[39m[0m
[  44% ] [90m[1m_update_scan_actions[22m | Walk.png[39m[0m
[  44% ] [90m[1m_update_scan_actions[22m | Faceset.png[39m[0m
[  44% ] [90m[1m_update_scan_actions[22m | SpriteSheet.png[39m[0m
[  44% ] [90m[1m_update_scan_actions[22m | Attack.png[39m[0m
[  44% ] [90m[1m_update_scan_actions[22m | Dead.png[39m[0m
[  44% ] [90m[1m_update_scan_actions[22m | Idle.png[39m[0m
[  44% ] [90m[1m_update_scan_actions[22m | Item.png[39m[0m
[  44% ] [90m[1m_update_scan_actions[22m | Jump.png[39m[0m
[  44% ] [90m[1m_update_scan_actions[22m | Special1.png[39m[0m
[  44% ] [90m[1m_update_scan_actions[22m | Special2.png[39m[0m
[  44% ] [90m[1m_update_scan_actions[22m | Walk.png[39m[0m
[  44% ] [90m[1m_update_scan_actions[22m | Faceset.png[39m[0m
[  44% ] [90m[1m_update_scan_actions[22m | SpriteSheet.png[39m[0m
[  44% ] [90m[1m_update_scan_actions[22m | Attack.png[39m[0m
[  44% ] [90m[1m_update_scan_actions[22m | Dead.png[39m[0m
[  44% ] [90m[1m_update_scan_actions[22m | Idle.png[39m[0m
[  44% ] [90m[1m_update_scan_actions[22m | Item.png[39m[0m
[  45% ] [90m[1m_update_scan_actions[22m | Jump.png[39m[0m
[  45% ] [90m[1m_update_scan_actions[22m | Special1.png[39m[0m
[  45% ] [90m[1m_update_scan_actions[22m | Special2.png[39m[0m
[  45% ] [90m[1m_update_scan_actions[22m | Walk.png[39m[0m
[  45% ] [90m[1m_update_scan_actions[22m | Faceset.png[39m[0m
[  45% ] [90m[1m_update_scan_actions[22m | SpriteSheet.png[39m[0m
[  45% ] [90m[1m_update_scan_actions[22m | Attack.png[39m[0m
[  45% ] [90m[1m_update_scan_actions[22m | Dead.png[39m[0m
[  45% ] [90m[1m_update_scan_actions[22m | Idle.png[39m[0m
[  45% ] [90m[1m_update_scan_actions[22m | Item.png[39m[0m
[  45% ] [90m[1m_update_scan_actions[22m | Jump.png[39m[0m
[  45% ] [90m[1m_update_scan_actions[22m | Special1.png[39m[0m
[  45% ] [90m[1m_update_scan_actions[22m | Special2.png[39m[0m
[  45% ] [90m[1m_update_scan_actions[22m | Walk.png[39m[0m
[  45% ] [90m[1m_update_scan_actions[22m | Faceset.png[39m[0m
[  45% ] [90m[1m_update_scan_actions[22m | SpriteSheet.png[39m[0m
[  45% ] [90m[1m_update_scan_actions[22m | Attack.png[39m[0m
[  45% ] [90m[1m_update_scan_actions[22m | Dead.png[39m[0m
[  45% ] [90m[1m_update_scan_actions[22m | Idle.png[39m[0m
[  45% ] [90m[1m_update_scan_actions[22m | Item.png[39m[0m
[  45% ] [90m[1m_update_scan_actions[22m | Jump.png[39m[0m
[  46% ] [90m[1m_update_scan_actions[22m | Special1.png[39m[0m
[  46% ] [90m[1m_update_scan_actions[22m | Special2.png[39m[0m
[  46% ] [90m[1m_update_scan_actions[22m | Walk.png[39m[0m
[  46% ] [90m[1m_update_scan_actions[22m | Faceset.png[39m[0m
[  46% ] [90m[1m_update_scan_actions[22m | SpriteSheet.png[39m[0m
[  46% ] [90m[1m_update_scan_actions[22m | Attack.png[39m[0m
[  46% ] [90m[1m_update_scan_actions[22m | Dead.png[39m[0m
[  46% ] [90m[1m_update_scan_actions[22m | Idle.png[39m[0m
[  46% ] [90m[1m_update_scan_actions[22m | Item.png[39m[0m
[  46% ] [90m[1m_update_scan_actions[22m | Jump.png[39m[0m
[  46% ] [90m[1m_update_scan_actions[22m | Special1.png[39m[0m
[  46% ] [90m[1m_update_scan_actions[22m | Special2.png[39m[0m
[  46% ] [90m[1m_update_scan_actions[22m | Walk.png[39m[0m
[  46% ] [90m[1m_update_scan_actions[22m | Faceset.png[39m[0m
[  46% ] [90m[1m_update_scan_actions[22m | SpriteSheet.png[39m[0m
[  46% ] [90m[1m_update_scan_actions[22m | Attack.png[39m[0m
[  46% ] [90m[1m_update_scan_actions[22m | Dead.png[39m[0m
[  46% ] [90m[1m_update_scan_actions[22m | Idle.png[39m[0m
[  46% ] [90m[1m_update_scan_actions[22m | Item.png[39m[0m
[  46% ] [90m[1m_update_scan_actions[22m | Jump.png[39m[0m
[  47% ] [90m[1m_update_scan_actions[22m | Special1.png[39m[0m
[  47% ] [90m[1m_update_scan_actions[22m | Special2.png[39m[0m
[  47% ] [90m[1m_update_scan_actions[22m | Walk.png[39m[0m
[  47% ] [90m[1m_update_scan_actions[22m | Faceset.png[39m[0m
[  47% ] [90m[1m_update_scan_actions[22m | SpriteSheet.png[39m[0m
[  47% ] [90m[1m_update_scan_actions[22m | Attack.png[39m[0m
[  47% ] [90m[1m_update_scan_actions[22m | Dead.png[39m[0m
[  47% ] [90m[1m_update_scan_actions[22m | Idle.png[39m[0m
[  47% ] [90m[1m_update_scan_actions[22m | Item.png[39m[0m
[  47% ] [90m[1m_update_scan_actions[22m | Jump.png[39m[0m
[  47% ] [90m[1m_update_scan_actions[22m | Special1.png[39m[0m
[  47% ] [90m[1m_update_scan_actions[22m | Special2.png[39m[0m
[  47% ] [90m[1m_update_scan_actions[22m | Walk.png[39m[0m
[  47% ] [90m[1m_update_scan_actions[22m | Faceset.png[39m[0m
[  47% ] [90m[1m_update_scan_actions[22m | SpriteSheet.png[39m[0m
[  47% ] [90m[1m_update_scan_actions[22m | Attack.png[39m[0m
[  47% ] [90m[1m_update_scan_actions[22m | Dead.png[39m[0m
[  47% ] [90m[1m_update_scan_actions[22m | Idle.png[39m[0m
[  47% ] [90m[1m_update_scan_actions[22m | Item.png[39m[0m
[  47% ] [90m[1m_update_scan_actions[22m | Jump.png[39m[0m
[  47% ] [90m[1m_update_scan_actions[22m | Special1.png[39m[0m
[  48% ] [90m[1m_update_scan_actions[22m | Special2.png[39m[0m
[  48% ] [90m[1m_update_scan_actions[22m | Walk.png[39m[0m
[  48% ] [90m[1m_update_scan_actions[22m | Faceset.png[39m[0m
[  48% ] [90m[1m_update_scan_actions[22m | SpriteSheet.png[39m[0m
[  48% ] [90m[1m_update_scan_actions[22m | Attack.png[39m[0m
[  48% ] [90m[1m_update_scan_actions[22m | Dead.png[39m[0m
[  48% ] [90m[1m_update_scan_actions[22m | Idle.png[39m[0m
[  48% ] [90m[1m_update_scan_actions[22m | Item.png[39m[0m
[  48% ] [90m[1m_update_scan_actions[22m | Jump.png[39m[0m
[  48% ] [90m[1m_update_scan_actions[22m | Special1.png[39m[0m
[  48% ] [90m[1m_update_scan_actions[22m | Special2.png[39m[0m
[  48% ] [90m[1m_update_scan_actions[22m | Walk.png[39m[0m
[  48% ] [90m[1m_update_scan_actions[22m | Faceset.png[39m[0m
[  48% ] [90m[1m_update_scan_actions[22m | SpriteSheet.png[39m[0m
[  48% ] [90m[1m_update_scan_actions[22m | Attack.png[39m[0m
[  48% ] [90m[1m_update_scan_actions[22m | Dead.png[39m[0m
[  48% ] [90m[1m_update_scan_actions[22m | Idle.png[39m[0m
[  48% ] [90m[1m_update_scan_actions[22m | Item.png[39m[0m
[  48% ] [90m[1m_update_scan_actions[22m | Jump.png[39m[0m
[  48% ] [90m[1m_update_scan_actions[22m | Special1.png[39m[0m
[  48% ] [90m[1m_update_scan_actions[22m | Special2.png[39m[0m
[  49% ] [90m[1m_update_scan_actions[22m | Walk.png[39m[0m
[  49% ] [90m[1m_update_scan_actions[22m | Faceset.png[39m[0m
[  49% ] [90m[1m_update_scan_actions[22m | SpriteSheet.png[39m[0m
[  49% ] [90m[1m_update_scan_actions[22m | Attack.png[39m[0m
[  49% ] [90m[1m_update_scan_actions[22m | Dead.png[39m[0m
[  49% ] [90m[1m_update_scan_actions[22m | Idle.png[39m[0m
[  49% ] [90m[1m_update_scan_actions[22m | Item.png[39m[0m
[  49% ] [90m[1m_update_scan_actions[22m | Jump.png[39m[0m
[  49% ] [90m[1m_update_scan_actions[22m | Special1.png[39m[0m
[  49% ] [90m[1m_update_scan_actions[22m | Special2.png[39m[0m
[  49% ] [90m[1m_update_scan_actions[22m | Walk.png[39m[0m
[  49% ] [90m[1m_update_scan_actions[22m | Faceset.png[39m[0m
[  49% ] [90m[1m_update_scan_actions[22m | SpriteSheet.png[39m[0m
[  49% ] [90m[1m_update_scan_actions[22m | Attack.png[39m[0m
[  49% ] [90m[1m_update_scan_actions[22m | Dead.png[39m[0m
[  49% ] [90m[1m_update_scan_actions[22m | Idle.png[39m[0m
[  49% ] [90m[1m_update_scan_actions[22m | Item.png[39m[0m
[  49% ] [90m[1m_update_scan_actions[22m | Jump.png[39m[0m
[  49% ] [90m[1m_update_scan_actions[22m | Special1.png[39m[0m
[  49% ] [90m[1m_update_scan_actions[22m | Special2.png[39m[0m
[  50% ] [90m[1m_update_scan_actions[22m | Walk.png[39m[0m
[  50% ] [90m[1m_update_scan_actions[22m | Faceset.png[39m[0m
[  50% ] [90m[1m_update_scan_actions[22m | SpriteSheet.png[39m[0m
[  50% ] [90m[1m_update_scan_actions[22m | Attack.png[39m[0m
[  50% ] [90m[1m_update_scan_actions[22m | Dead.png[39m[0m
[  50% ] [90m[1m_update_scan_actions[22m | Idle.png[39m[0m
[  50% ] [90m[1m_update_scan_actions[22m | Item.png[39m[0m
[  50% ] [90m[1m_update_scan_actions[22m | Jump.png[39m[0m
[  50% ] [90m[1m_update_scan_actions[22m | Special1.png[39m[0m
[  50% ] [90m[1m_update_scan_actions[22m | Special2.png[39m[0m
[  50% ] [90m[1m_update_scan_actions[22m | Walk.png[39m[0m
[  50% ] [90m[1m_update_scan_actions[22m | Faceset.png[39m[0m
[  50% ] [90m[1m_update_scan_actions[22m | SpriteSheet.png[39m[0m
[  50% ] [90m[1m_update_scan_actions[22m | Attack.png[39m[0m
[  50% ] [90m[1m_update_scan_actions[22m | Dead.png[39m[0m
[  50% ] [90m[1m_update_scan_actions[22m | Idle.png[39m[0m
[  50% ] [90m[1m_update_scan_actions[22m | Item.png[39m[0m
[  50% ] [90m[1m_update_scan_actions[22m | Jump.png[39m[0m
[  50% ] [90m[1m_update_scan_actions[22m | Special1.png[39m[0m
[  50% ] [90m[1m_update_scan_actions[22m | Special2.png[39m[0m
[  50% ] [90m[1m_update_scan_actions[22m | Walk.png[39m[0m
[  51% ] [90m[1m_update_scan_actions[22m | Faceset.png[39m[0m
[  51% ] [90m[1m_update_scan_actions[22m | SpriteSheet.png[39m[0m
[  51% ] [90m[1m_update_scan_actions[22m | Attack.png[39m[0m
[  51% ] [90m[1m_update_scan_actions[22m | Dead.png[39m[0m
[  51% ] [90m[1m_update_scan_actions[22m | Idle.png[39m[0m
[  51% ] [90m[1m_update_scan_actions[22m | Item.png[39m[0m
[  51% ] [90m[1m_update_scan_actions[22m | Jump.png[39m[0m
[  51% ] [90m[1m_update_scan_actions[22m | Special1.png[39m[0m
[  51% ] [90m[1m_update_scan_actions[22m | Special2.png[39m[0m
[  51% ] [90m[1m_update_scan_actions[22m | Walk.png[39m[0m
[  51% ] [90m[1m_update_scan_actions[22m | Faceset.png[39m[0m
[  51% ] [90m[1m_update_scan_actions[22m | SpriteSheet.png[39m[0m
[  51% ] [90m[1m_update_scan_actions[22m | Attack.png[39m[0m
[  51% ] [90m[1m_update_scan_actions[22m | Dead.png[39m[0m
[  51% ] [90m[1m_update_scan_actions[22m | Idle.png[39m[0m
[  51% ] [90m[1m_update_scan_actions[22m | Item.png[39m[0m
[  51% ] [90m[1m_update_scan_actions[22m | Jump.png[39m[0m
[  51% ] [90m[1m_update_scan_actions[22m | Special1.png[39m[0m
[  51% ] [90m[1m_update_scan_actions[22m | Special2.png[39m[0m
[  51% ] [90m[1m_update_scan_actions[22m | Walk.png[39m[0m
[  51% ] [90m[1m_update_scan_actions[22m | Faceset.png[39m[0m
[  52% ] [90m[1m_update_scan_actions[22m | SpriteSheet.png[39m[0m
[  52% ] [90m[1m_update_scan_actions[22m | Attack.png[39m[0m
[  52% ] [90m[1m_update_scan_actions[22m | Dead.png[39m[0m
[  52% ] [90m[1m_update_scan_actions[22m | Idle.png[39m[0m
[  52% ] [90m[1m_update_scan_actions[22m | Item.png[39m[0m
[  52% ] [90m[1m_update_scan_actions[22m | Jump.png[39m[0m
[  52% ] [90m[1m_update_scan_actions[22m | Special1.png[39m[0m
[  52% ] [90m[1m_update_scan_actions[22m | Special2.png[39m[0m
[  52% ] [90m[1m_update_scan_actions[22m | Walk.png[39m[0m
[  52% ] [90m[1m_update_scan_actions[22m | Faceset.png[39m[0m
[  52% ] [90m[1m_update_scan_actions[22m | SpriteSheet.png[39m[0m
[  52% ] [90m[1m_update_scan_actions[22m | Attack.png[39m[0m
[  52% ] [90m[1m_update_scan_actions[22m | Dead.png[39m[0m
[  52% ] [90m[1m_update_scan_actions[22m | Idle.png[39m[0m
[  52% ] [90m[1m_update_scan_actions[22m | Item.png[39m[0m
[  52% ] [90m[1m_update_scan_actions[22m | Jump.png[39m[0m
[  52% ] [90m[1m_update_scan_actions[22m | Special1.png[39m[0m
[  52% ] [90m[1m_update_scan_actions[22m | Special2.png[39m[0m
[  52% ] [90m[1m_update_scan_actions[22m | Walk.png[39m[0m
[  52% ] [90m[1m_update_scan_actions[22m | Faceset.png[39m[0m
[  52% ] [90m[1m_update_scan_actions[22m | SpriteSheet.png[39m[0m
[  53% ] [90m[1m_update_scan_actions[22m | AllPreview2.png[39m[0m
[  53% ] [90m[1m_update_scan_actions[22m | AllPreview.png[39m[0m
[  53% ] [90m[1m_update_scan_actions[22m | Shadow.png[39m[0m
[  53% ] [90m[1m_update_scan_actions[22m | Attack.png[39m[0m
[  53% ] [90m[1m_update_scan_actions[22m | Climb.png[39m[0m
[  53% ] [90m[1m_update_scan_actions[22m | Dead.png[39m[0m
[  53% ] [90m[1m_update_scan_actions[22m | Hit.png[39m[0m
[  53% ] [90m[1m_update_scan_actions[22m | Idle.png[39m[0m
[  53% ] [90m[1m_update_scan_actions[22m | Item.png[39m[0m
[  53% ] [90m[1m_update_scan_actions[22m | Jump.png[39m[0m
[  53% ] [90m[1m_update_scan_actions[22m | Pickup.png[39m[0m
[  53% ] [90m[1m_update_scan_actions[22m | Push.png[39m[0m
[  53% ] [90m[1m_update_scan_actions[22m | Roll.png[39m[0m
[  53% ] [90m[1m_update_scan_actions[22m | Swim.png[39m[0m
[  53% ] [90m[1m_update_scan_actions[22m | Walk.png[39m[0m
[  53% ] [90m[1m_update_scan_actions[22m | SpriteSheet.png[39m[0m
[  53% ] [90m[1m_update_scan_actions[22m | Axe.png[39m[0m
[  53% ] [90m[1m_update_scan_actions[22m | Hammer.png[39m[0m
[  53% ] [90m[1m_update_scan_actions[22m | Katana.png[39m[0m
[  53% ] [90m[1m_update_scan_actions[22m | Net.png[39m[0m
[  54% ] [90m[1m_update_scan_actions[22m | Pickaxe.png[39m[0m
[  54% ] [90m[1m_update_scan_actions[22m | Faceset.png[39m[0m
[  54% ] [90m[1m_update_scan_actions[22m | SpriteSheet.png[39m[0m
[  54% ] [90m[1m_update_scan_actions[22m | Faceset.png[39m[0m
[  54% ] [90m[1m_update_scan_actions[22m | SpriteSheet.png[39m[0m
[  54% ] [90m[1m_update_scan_actions[22m | Faceset.png[39m[0m
[  54% ] [90m[1m_update_scan_actions[22m | SpriteSheet.png[39m[0m
[  54% ] [90m[1m_update_scan_actions[22m | Faceset.png[39m[0m
[  54% ] [90m[1m_update_scan_actions[22m | SpriteSheet.png[39m[0m
[  54% ] [90m[1m_update_scan_actions[22m | Faceset.png[39m[0m
[  54% ] [90m[1m_update_scan_actions[22m | SpriteSheet.png[39m[0m
[  54% ] [90m[1m_update_scan_actions[22m | Beast.png[39m[0m
[  54% ] [90m[1m_update_scan_actions[22m | Faceset.png[39m[0m
[  54% ] [90m[1m_update_scan_actions[22m | Beast2.png[39m[0m
[  54% ] [90m[1m_update_scan_actions[22m | Faceset.png[39m[0m
[  54% ] [90m[1m_update_scan_actions[22m | Faceset.png[39m[0m
[  54% ] [90m[1m_update_scan_actions[22m | SpriteSheet.png[39m[0m
[  54% ] [90m[1m_update_scan_actions[22m | Faceset.png[39m[0m
[  54% ] [90m[1m_update_scan_actions[22m | SpriteSheet.png[39m[0m
[  54% ] [90m[1m_update_scan_actions[22m | Faceset.png[39m[0m
[  54% ] [90m[1m_update_scan_actions[22m | SpriteSheet.png[39m[0m
[  55% ] [90m[1m_update_scan_actions[22m | Faceset.png[39m[0m
[  55% ] [90m[1m_update_scan_actions[22m | SpriteSheet.png[39m[0m
[  55% ] [90m[1m_update_scan_actions[22m | Faceset.png[39m[0m
[  55% ] [90m[1m_update_scan_actions[22m | SpriteSheet.png[39m[0m
[  55% ] [90m[1m_update_scan_actions[22m | Faceset.png[39m[0m
[  55% ] [90m[1m_update_scan_actions[22m | SpriteSheet.png[39m[0m
[  55% ] [90m[1m_update_scan_actions[22m | Faceset.png[39m[0m
[  55% ] [90m[1m_update_scan_actions[22m | SpriteSheet.png[39m[0m
[  55% ] [90m[1m_update_scan_actions[22m | Eye.png[39m[0m
[  55% ] [90m[1m_update_scan_actions[22m | Faceset.png[39m[0m
[  55% ] [90m[1m_update_scan_actions[22m | Eye2.png[39m[0m
[  55% ] [90m[1m_update_scan_actions[22m | Faceset.png[39m[0m
[  55% ] [90m[1m_update_scan_actions[22m | Faceset.png[39m[0m
[  55% ] [90m[1m_update_scan_actions[22m | SpriteSheet.png[39m[0m
[  55% ] [90m[1m_update_scan_actions[22m | Faceset.png[39m[0m
[  55% ] [90m[1m_update_scan_actions[22m | SpriteSheet.png[39m[0m
[  55% ] [90m[1m_update_scan_actions[22m | Faceset.png[39m[0m
[  55% ] [90m[1m_update_scan_actions[22m | SpriteSheet.png[39m[0m
[  55% ] [90m[1m_update_scan_actions[22m | Faceset.png[39m[0m
[  55% ] [90m[1m_update_scan_actions[22m | SpriteSheet.png[39m[0m
[  55% ] [90m[1m_update_scan_actions[22m | Faceset.png[39m[0m
[  56% ] [90m[1m_update_scan_actions[22m | SpriteSheet.png[39m[0m
[  56% ] [90m[1m_update_scan_actions[22m | Faceset.png[39m[0m
[  56% ] [90m[1m_update_scan_actions[22m | SpriteSheet.png[39m[0m
[  56% ] [90m[1m_update_scan_actions[22m | Faceset.png[39m[0m
[  56% ] [90m[1m_update_scan_actions[22m | SpriteSheet.png[39m[0m
[  56% ] [90m[1m_update_scan_actions[22m | Faceset.png[39m[0m
[  56% ] [90m[1m_update_scan_actions[22m | SpriteSheet.png[39m[0m
[  56% ] [90m[1m_update_scan_actions[22m | Faceset.png[39m[0m
[  56% ] [90m[1m_update_scan_actions[22m | SpriteSheet.png[39m[0m
[  56% ] [90m[1m_update_scan_actions[22m | Faceset.png[39m[0m
[  56% ] [90m[1m_update_scan_actions[22m | SpriteSheet.png[39m[0m
[  56% ] [90m[1m_update_scan_actions[22m | Faceset.png[39m[0m
[  56% ] [90m[1m_update_scan_actions[22m | SpriteSheet.png[39m[0m
[  56% ] [90m[1m_update_scan_actions[22m | Faceset.png[39m[0m
[  56% ] [90m[1m_update_scan_actions[22m | SpriteSheet.png[39m[0m
[  56% ] [90m[1m_update_scan_actions[22m | Faceset.png[39m[0m
[  56% ] [90m[1m_update_scan_actions[22m | SpriteSheet.png[39m[0m
[  56% ] [90m[1m_update_scan_actions[22m | Faceset.png[39m[0m
[  56% ] [90m[1m_update_scan_actions[22m | Larva.png[39m[0m
[  56% ] [90m[1m_update_scan_actions[22m | Faceset.png[39m[0m
[  56% ] [90m[1m_update_scan_actions[22m | Larva2.png[39m[0m
[  57% ] [90m[1m_update_scan_actions[22m | Faceset.png[39m[0m
[  57% ] [90m[1m_update_scan_actions[22m | Lizard.png[39m[0m
[  57% ] [90m[1m_update_scan_actions[22m | Faceset.png[39m[0m
[  57% ] [90m[1m_update_scan_actions[22m | Lizard2.png[39m[0m
[  57% ] [90m[1m_update_scan_actions[22m | Faceset.png[39m[0m
[  57% ] [90m[1m_update_scan_actions[22m | Mole.png[39m[0m
[  57% ] [90m[1m_update_scan_actions[22m | Faceset.png[39m[0m
[  57% ] [90m[1m_update_scan_actions[22m | Mole2.png[39m[0m
[  57% ] [90m[1m_update_scan_actions[22m | Faceset.png[39m[0m
[  57% ] [90m[1m_update_scan_actions[22m | Mollusc.png[39m[0m
[  57% ] [90m[1m_update_scan_actions[22m | Faceset.png[39m[0m
[  57% ] [90m[1m_update_scan_actions[22m | Mollusc2.png[39m[0m
[  57% ] [90m[1m_update_scan_actions[22m | Faceset.png[39m[0m
[  57% ] [90m[1m_update_scan_actions[22m | SpriteSheet.png[39m[0m
[  57% ] [90m[1m_update_scan_actions[22m | Faceset.png[39m[0m
[  57% ] [90m[1m_update_scan_actions[22m | SpriteSheet.png[39m[0m
[  57% ] [90m[1m_update_scan_actions[22m | Faceset.png[39m[0m
[  57% ] [90m[1m_update_scan_actions[22m | mushroom.png[39m[0m
[  57% ] [90m[1m_update_scan_actions[22m | Faceset.png[39m[0m
[  57% ] [90m[1m_update_scan_actions[22m | mushroom2.png[39m[0m
[  58% ] [90m[1m_update_scan_actions[22m | Faceset.png[39m[0m
[  58% ] [90m[1m_update_scan_actions[22m | SpriteSheet.png[39m[0m
[  58% ] [90m[1m_update_scan_actions[22m | Faceset.png[39m[0m
[  58% ] [90m[1m_update_scan_actions[22m | SpriteSheet.png[39m[0m
[  58% ] [90m[1m_update_scan_actions[22m | Faceset.png[39m[0m
[  58% ] [90m[1m_update_scan_actions[22m | Owl.png[39m[0m
[  58% ] [90m[1m_update_scan_actions[22m | Faceset.png[39m[0m
[  58% ] [90m[1m_update_scan_actions[22m | Owl2.png[39m[0m
[  58% ] [90m[1m_update_scan_actions[22m | Faceset.png[39m[0m
[  58% ] [90m[1m_update_scan_actions[22m | SpriteSheet.png[39m[0m
[  58% ] [90m[1m_update_scan_actions[22m | Faceset.png[39m[0m
[  58% ] [90m[1m_update_scan_actions[22m | SpriteSheet.png[39m[0m
[  58% ] [90m[1m_update_scan_actions[22m | Faceset.png[39m[0m
[  58% ] [90m[1m_update_scan_actions[22m | SpriteSheet.png[39m[0m
[  58% ] [90m[1m_update_scan_actions[22m | Faceset.png[39m[0m
[  58% ] [90m[1m_update_scan_actions[22m | Reptile.png[39m[0m
[  58% ] [90m[1m_update_scan_actions[22m | Faceset.png[39m[0m
[  58% ] [90m[1m_update_scan_actions[22m | Reptile2.png[39m[0m
[  58% ] [90m[1m_update_scan_actions[22m | Faceset.png[39m[0m
[  58% ] [90m[1m_update_scan_actions[22m | SpriteSheet.png[39m[0m
[  58% ] [90m[1m_update_scan_actions[22m | Faceset.png[39m[0m
[  59% ] [90m[1m_update_scan_actions[22m | SpriteSheet.png[39m[0m
[  59% ] [90m[1m_update_scan_actions[22m | Faceset.png[39m[0m
[  59% ] [90m[1m_update_scan_actions[22m | Slime.png[39m[0m
[  59% ] [90m[1m_update_scan_actions[22m | Faceset.png[39m[0m
[  59% ] [90m[1m_update_scan_actions[22m | Slime2.png[39m[0m
[  59% ] [90m[1m_update_scan_actions[22m | Faceset.png[39m[0m
[  59% ] [90m[1m_update_scan_actions[22m | Slime3.png[39m[0m
[  59% ] [90m[1m_update_scan_actions[22m | Faceset.png[39m[0m
[  59% ] [90m[1m_update_scan_actions[22m | Slime4.png[39m[0m
[  59% ] [90m[1m_update_scan_actions[22m | Faceset.png[39m[0m
[  59% ] [90m[1m_update_scan_actions[22m | Snake.png[39m[0m
[  59% ] [90m[1m_update_scan_actions[22m | Faceset.png[39m[0m
[  59% ] [90m[1m_update_scan_actions[22m | Snake2.png[39m[0m
[  59% ] [90m[1m_update_scan_actions[22m | Faceset.png[39m[0m
[  59% ] [90m[1m_update_scan_actions[22m | Snake3.png[39m[0m
[  59% ] [90m[1m_update_scan_actions[22m | Faceset.png[39m[0m
[  59% ] [90m[1m_update_scan_actions[22m | Snake4.png[39m[0m
[  59% ] [90m[1m_update_scan_actions[22m | Faceset.png[39m[0m
[  59% ] [90m[1m_update_scan_actions[22m | SpriteSheet.png[39m[0m
[  59% ] [90m[1m_update_scan_actions[22m | Faceset.png[39m[0m
[  59% ] [90m[1m_update_scan_actions[22m | SpriteSheet.png[39m[0m
[  60% ] [90m[1m_update_scan_actions[22m | Faceset.png[39m[0m
[  60% ] [90m[1m_update_scan_actions[22m | SpriteSheet.png[39m[0m
[  60% ] [90m[1m_update_scan_actions[22m | Faceset.png[39m[0m
[  60% ] [90m[1m_update_scan_actions[22m | SpriteSheet.png[39m[0m
[  60% ] [90m[1m_update_scan_actions[22m | Faceset.png[39m[0m
[  60% ] [90m[1m_update_scan_actions[22m | SpriteSheet.png[39m[0m
[  60% ] [90m[1m_update_scan_actions[22m | Faceset.png[39m[0m
[  60% ] [90m[1m_update_scan_actions[22m | SpriteSheet.png[39m[0m
[  60% ] [90m[1m_update_scan_actions[22m | GameOver2.wav[39m[0m
[  60% ] [90m[1m_update_scan_actions[22m | GameOver3.wav[39m[0m
[  60% ] [90m[1m_update_scan_actions[22m | GameOver4.wav[39m[0m
[  60% ] [90m[1m_update_scan_actions[22m | GameOver.wav[39m[0m
[  60% ] [90m[1m_update_scan_actions[22m | LevelUp1.wav[39m[0m
[  60% ] [90m[1m_update_scan_actions[22m | LevelUp2.wav[39m[0m
[  60% ] [90m[1m_update_scan_actions[22m | LevelUp3.wav[39m[0m
[  60% ] [90m[1m_update_scan_actions[22m | Secret1.wav[39m[0m
[  60% ] [90m[1m_update_scan_actions[22m | Secret2.wav[39m[0m
[  60% ] [90m[1m_update_scan_actions[22m | Secret3.wav[39m[0m
[  60% ] [90m[1m_update_scan_actions[22m | Secret4.wav[39m[0m
[  60% ] [90m[1m_update_scan_actions[22m | Success1.wav[39m[0m
[  60% ] [90m[1m_update_scan_actions[22m | Success2.wav[39m[0m
[  61% ] [90m[1m_update_scan_actions[22m | Success3.wav[39m[0m
[  61% ] [90m[1m_update_scan_actions[22m | Success4.wav[39m[0m
[  61% ] [90m[1m_update_scan_actions[22m | 1 - Adventure Begin.ogg[39m[0m
[  61% ] [90m[1m_update_scan_actions[22m | 2 - The Cave.ogg[39m[0m
[  61% ] [90m[1m_update_scan_actions[22m | 3 - Revelation.ogg[39m[0m
[  61% ] [90m[1m_update_scan_actions[22m | 4 - Village.ogg[39m[0m
[  61% ] [90m[1m_update_scan_actions[22m | 5 - Peaceful.ogg[39m[0m
[  61% ] [90m[1m_update_scan_actions[22m | 6 - Story (Short).ogg[39m[0m
[  61% ] [90m[1m_update_scan_actions[22m | 6 - Story.ogg[39m[0m
[  61% ] [90m[1m_update_scan_actions[22m | 7 - Sad Theme.ogg[39m[0m
[  61% ] [90m[1m_update_scan_actions[22m | 8 - End Theme.ogg[39m[0m
[  61% ] [90m[1m_update_scan_actions[22m | 9 - Quiet.ogg[39m[0m
[  61% ] [90m[1m_update_scan_actions[22m | 10 - Dark Castle.ogg[39m[0m
[  61% ] [90m[1m_update_scan_actions[22m | 11 - Clearing.ogg[39m[0m
[  61% ] [90m[1m_update_scan_actions[22m | 12 - Temple.ogg[39m[0m
[  61% ] [90m[1m_update_scan_actions[22m | 13 - Mystical.ogg[39m[0m
[  61% ] [90m[1m_update_scan_actions[22m | 14 - Curse.ogg[39m[0m
[  61% ] [90m[1m_update_scan_actions[22m | 15 - Credit Theme.ogg[39m[0m
[  61% ] [90m[1m_update_scan_actions[22m | 16 - Melancholia.ogg[39m[0m
[  61% ] [90m[1m_update_scan_actions[22m | 17 - Fight.ogg[39m[0m
[  62% ] [90m[1m_update_scan_actions[22m | 18 - Aquatic.ogg[39m[0m
[  62% ] [90m[1m_update_scan_actions[22m | 19 - Ascension.ogg[39m[0m
[  62% ] [90m[1m_update_scan_actions[22m | 20 - Good Time.ogg[39m[0m
[  62% ] [90m[1m_update_scan_actions[22m | 21 - Dungeon.ogg[39m[0m
[  62% ] [90m[1m_update_scan_actions[22m | 22 - Dream.ogg[39m[0m
[  62% ] [90m[1m_update_scan_actions[22m | 23 - Road.ogg[39m[0m
[  62% ] [90m[1m_update_scan_actions[22m | 24 - Final Area.ogg[39m[0m
[  62% ] [90m[1m_update_scan_actions[22m | 25 - End Theme 2.ogg[39m[0m
[  62% ] [90m[1m_update_scan_actions[22m | 26 - Lost Village.ogg[39m[0m
[  62% ] [90m[1m_update_scan_actions[22m | 27 - Chill.ogg[39m[0m
[  62% ] [90m[1m_update_scan_actions[22m | 28 - Tension.ogg[39m[0m
[  62% ] [90m[1m_update_scan_actions[22m | 29 - Lament.ogg[39m[0m
[  62% ] [90m[1m_update_scan_actions[22m | 30 - Ruins.ogg[39m[0m
[  62% ] [90m[1m_update_scan_actions[22m | 31 - Sunny.ogg[39m[0m
[  62% ] [90m[1m_update_scan_actions[22m | 32 - Manor.ogg[39m[0m
[  62% ] [90m[1m_update_scan_actions[22m | 33 - Calm Village.ogg[39m[0m
[  62% ] [90m[1m_update_scan_actions[22m | 34  - Fight.ogg[39m[0m
[  62% ] [90m[1m_update_scan_actions[22m | 35 - Adventure.ogg[39m[0m
[  62% ] [90m[1m_update_scan_actions[22m | 36 - Village.ogg[39m[0m
[  62% ] [90m[1m_update_scan_actions[22m | 37 - Dark Forest.ogg[39m[0m
[  62% ] [90m[1m_update_scan_actions[22m | 38 - Intro.ogg[39m[0m
[  63% ] [90m[1m_update_scan_actions[22m | 39 - Boat.ogg[39m[0m
[  63% ] [90m[1m_update_scan_actions[22m | 40 - Crypt.ogg[39m[0m
[  63% ] [90m[1m_update_scan_actions[22m | Alert2.wav[39m[0m
[  63% ] [90m[1m_update_scan_actions[22m | Alert3.wav[39m[0m
[  63% ] [90m[1m_update_scan_actions[22m | Alert4.wav[39m[0m
[  63% ] [90m[1m_update_scan_actions[22m | Alert5.wav[39m[0m
[  63% ] [90m[1m_update_scan_actions[22m | Alert6.wav[39m[0m
[  63% ] [90m[1m_update_scan_actions[22m | Alert.wav[39m[0m
[  63% ] [90m[1m_update_scan_actions[22m | Rain2.wav[39m[0m
[  63% ] [90m[1m_update_scan_actions[22m | Rain3.wav[39m[0m
[  63% ] [90m[1m_update_scan_actions[22m | Rain.wav[39m[0m
[  63% ] [90m[1m_update_scan_actions[22m | River.wav[39m[0m
[  63% ] [90m[1m_update_scan_actions[22m | Storm.wav[39m[0m
[  63% ] [90m[1m_update_scan_actions[22m | Wave.wav[39m[0m
[  63% ] [90m[1m_update_scan_actions[22m | WaveFar.wav[39m[0m
[  63% ] [90m[1m_update_scan_actions[22m | Wind2.wav[39m[0m
[  63% ] [90m[1m_update_scan_actions[22m | Wind.wav[39m[0m
[  63% ] [90m[1m_update_scan_actions[22m | Bonus2.wav[39m[0m
[  63% ] [90m[1m_update_scan_actions[22m | Bonus3.wav[39m[0m
[  63% ] [90m[1m_update_scan_actions[22m | Bonus.wav[39m[0m
[  63% ] [90m[1m_update_scan_actions[22m | Coin2.wav[39m[0m
[  64% ] [90m[1m_update_scan_actions[22m | Coin3.wav[39m[0m
[  64% ] [90m[1m_update_scan_actions[22m | Coin.wav[39m[0m
[  64% ] [90m[1m_update_scan_actions[22m | Gold1.wav[39m[0m
[  64% ] [90m[1m_update_scan_actions[22m | Gold2.wav[39m[0m
[  64% ] [90m[1m_update_scan_actions[22m | PowerUp1.wav[39m[0m
[  64% ] [90m[1m_update_scan_actions[22m | PowerUp2.wav[39m[0m
[  64% ] [90m[1m_update_scan_actions[22m | Bird.wav[39m[0m
[  64% ] [90m[1m_update_scan_actions[22m | Dog.wav[39m[0m
[  64% ] [90m[1m_update_scan_actions[22m | Duck.wav[39m[0m
[  64% ] [90m[1m_update_scan_actions[22m | Wings2.wav[39m[0m
[  64% ] [90m[1m_update_scan_actions[22m | Wings.wav[39m[0m
[  64% ] [90m[1m_update_scan_actions[22m | Bubble2.wav[39m[0m
[  64% ] [90m[1m_update_scan_actions[22m | Bubble.wav[39m[0m
[  64% ] [90m[1m_update_scan_actions[22m | Explosion2.wav[39m[0m
[  64% ] [90m[1m_update_scan_actions[22m | Explosion3.wav[39m[0m
[  64% ] [90m[1m_update_scan_actions[22m | Explosion4.wav[39m[0m
[  64% ] [90m[1m_update_scan_actions[22m | Explosion5.wav[39m[0m
[  64% ] [90m[1m_update_scan_actions[22m | Explosion6.wav[39m[0m
[  64% ] [90m[1m_update_scan_actions[22m | Explosion.wav[39m[0m
[  64% ] [90m[1m_update_scan_actions[22m | Fire2.wav[39m[0m
[  64% ] [90m[1m_update_scan_actions[22m | Fire3.wav[39m[0m
[  65% ] [90m[1m_update_scan_actions[22m | Fire.wav[39m[0m
[  65% ] [90m[1m_update_scan_actions[22m | Fireball2.wav[39m[0m
[  65% ] [90m[1m_update_scan_actions[22m | Fireball.wav[39m[0m
[  65% ] [90m[1m_update_scan_actions[22m | Grass2.wav[39m[0m
[  65% ] [90m[1m_update_scan_actions[22m | Grass.wav[39m[0m
[  65% ] [90m[1m_update_scan_actions[22m | Water1.wav[39m[0m
[  65% ] [90m[1m_update_scan_actions[22m | Water2.wav[39m[0m
[  65% ] [90m[1m_update_scan_actions[22m | Water3.wav[39m[0m
[  65% ] [90m[1m_update_scan_actions[22m | Water4.wav[39m[0m
[  65% ] [90m[1m_update_scan_actions[22m | Water5.wav[39m[0m
[  65% ] [90m[1m_update_scan_actions[22m | Water6.wav[39m[0m
[  65% ] [90m[1m_update_scan_actions[22m | Water7.wav[39m[0m
[  65% ] [90m[1m_update_scan_actions[22m | Water8.wav[39m[0m
[  65% ] [90m[1m_update_scan_actions[22m | Water9.wav[39m[0m
[  65% ] [90m[1m_update_scan_actions[22m | Water10.wav[39m[0m
[  65% ] [90m[1m_update_scan_actions[22m | WaterDrop.wav[39m[0m
[  65% ] [90m[1m_update_scan_actions[22m | Hit1.wav[39m[0m
[  65% ] [90m[1m_update_scan_actions[22m | Hit2.wav[39m[0m
[  65% ] [90m[1m_update_scan_actions[22m | Hit3.wav[39m[0m
[  65% ] [90m[1m_update_scan_actions[22m | Hit5.wav[39m[0m
[  66% ] [90m[1m_update_scan_actions[22m | Hit6.wav[39m[0m
[  66% ] [90m[1m_update_scan_actions[22m | Hit7.wav[39m[0m
[  66% ] [90m[1m_update_scan_actions[22m | Hit8.wav[39m[0m
[  66% ] [90m[1m_update_scan_actions[22m | Hit9.wav[39m[0m
[  66% ] [90m[1m_update_scan_actions[22m | Impact2.wav[39m[0m
[  66% ] [90m[1m_update_scan_actions[22m | Impact3.wav[39m[0m
[  66% ] [90m[1m_update_scan_actions[22m | Impact4.wav[39m[0m
[  66% ] [90m[1m_update_scan_actions[22m | Impact5.wav[39m[0m
[  66% ] [90m[1m_update_scan_actions[22m | Impact.wav[39m[0m
[  66% ] [90m[1m_update_scan_actions[22m | Bounce2.wav[39m[0m
[  66% ] [90m[1m_update_scan_actions[22m | Bounce3.wav[39m[0m
[  66% ] [90m[1m_update_scan_actions[22m | Bounce4.wav[39m[0m
[  66% ] [90m[1m_update_scan_actions[22m | Bounce5.wav[39m[0m
[  66% ] [90m[1m_update_scan_actions[22m | Bounce.wav[39m[0m
[  66% ] [90m[1m_update_scan_actions[22m | Jump2.wav[39m[0m
[  66% ] [90m[1m_update_scan_actions[22m | Jump3.wav[39m[0m
[  66% ] [90m[1m_update_scan_actions[22m | Jump.wav[39m[0m
[  66% ] [90m[1m_update_scan_actions[22m | Fx.wav[39m[0m
[  66% ] [90m[1m_update_scan_actions[22m | Heal2.wav[39m[0m
[  66% ] [90m[1m_update_scan_actions[22m | Heal3.wav[39m[0m
[  66% ] [90m[1m_update_scan_actions[22m | Heal.wav[39m[0m
[  67% ] [90m[1m_update_scan_actions[22m | Magic1.wav[39m[0m
[  67% ] [90m[1m_update_scan_actions[22m | Magic2.wav[39m[0m
[  67% ] [90m[1m_update_scan_actions[22m | Magic3.wav[39m[0m
[  67% ] [90m[1m_update_scan_actions[22m | Magic4.wav[39m[0m
[  67% ] [90m[1m_update_scan_actions[22m | Magic5.wav[39m[0m
[  67% ] [90m[1m_update_scan_actions[22m | Spirit.wav[39m[0m
[  67% ] [90m[1m_update_scan_actions[22m | Strange.wav[39m[0m
[  67% ] [90m[1m_update_scan_actions[22m | Accept2.wav[39m[0m
[  67% ] [90m[1m_update_scan_actions[22m | Accept3.wav[39m[0m
[  67% ] [90m[1m_update_scan_actions[22m | Accept4.wav[39m[0m
[  67% ] [90m[1m_update_scan_actions[22m | Accept5.wav[39m[0m
[  67% ] [90m[1m_update_scan_actions[22m | Accept6.wav[39m[0m
[  67% ] [90m[1m_update_scan_actions[22m | Accept7.wav[39m[0m
[  67% ] [90m[1m_update_scan_actions[22m | Accept8.wav[39m[0m
[  67% ] [90m[1m_update_scan_actions[22m | Accept9.wav[39m[0m
[  67% ] [90m[1m_update_scan_actions[22m | Accept.wav[39m[0m
[  67% ] [90m[1m_update_scan_actions[22m | Cancel2.wav[39m[0m
[  67% ] [90m[1m_update_scan_actions[22m | Cancel.wav[39m[0m
[  67% ] [90m[1m_update_scan_actions[22m | Menu5.wav[39m[0m
[  67% ] [90m[1m_update_scan_actions[22m | Menu6.wav[39m[0m
[  67% ] [90m[1m_update_scan_actions[22m | Menu8.wav[39m[0m
[  68% ] [90m[1m_update_scan_actions[22m | Menu10.wav[39m[0m
[  68% ] [90m[1m_update_scan_actions[22m | Menu11.wav[39m[0m
[  68% ] [90m[1m_update_scan_actions[22m | Menu12.wav[39m[0m
[  68% ] [90m[1m_update_scan_actions[22m | Move1.wav[39m[0m
[  68% ] [90m[1m_update_scan_actions[22m | Move2.wav[39m[0m
[  68% ] [90m[1m_update_scan_actions[22m | Move3.wav[39m[0m
[  68% ] [90m[1m_update_scan_actions[22m | Move4.wav[39m[0m
[  68% ] [90m[1m_update_scan_actions[22m | Move5.wav[39m[0m
[  68% ] [90m[1m_update_scan_actions[22m | Move6.wav[39m[0m
[  68% ] [90m[1m_update_scan_actions[22m | Move7.wav[39m[0m
[  68% ] [90m[1m_update_scan_actions[22m | Move8.wav[39m[0m
[  68% ] [90m[1m_update_scan_actions[22m | Voice1.wav[39m[0m
[  68% ] [90m[1m_update_scan_actions[22m | Voice2.wav[39m[0m
[  68% ] [90m[1m_update_scan_actions[22m | Voice3.wav[39m[0m
[  68% ] [90m[1m_update_scan_actions[22m | Voice4.wav[39m[0m
[  68% ] [90m[1m_update_scan_actions[22m | Voice5.wav[39m[0m
[  68% ] [90m[1m_update_scan_actions[22m | Voice6.wav[39m[0m
[  68% ] [90m[1m_update_scan_actions[22m | Voice7.wav[39m[0m
[  68% ] [90m[1m_update_scan_actions[22m | Voice8.wav[39m[0m
[  68% ] [90m[1m_update_scan_actions[22m | Voice9.wav[39m[0m
[  68% ] [90m[1m_update_scan_actions[22m | Voice10.wav[39m[0m
[  69% ] [90m[1m_update_scan_actions[22m | Launch.wav[39m[0m
[  69% ] [90m[1m_update_scan_actions[22m | Slash2.wav[39m[0m
[  69% ] [90m[1m_update_scan_actions[22m | Slash3.wav[39m[0m
[  69% ] [90m[1m_update_scan_actions[22m | Slash4.wav[39m[0m
[  69% ] [90m[1m_update_scan_actions[22m | Slash5.wav[39m[0m
[  69% ] [90m[1m_update_scan_actions[22m | Slash.wav[39m[0m
[  69% ] [90m[1m_update_scan_actions[22m | Sword2.wav[39m[0m
[  69% ] [90m[1m_update_scan_actions[22m | Whoosh2.wav[39m[0m
[  69% ] [90m[1m_update_scan_actions[22m | Whoosh.wav[39m[0m
[  69% ] [90m[1m_update_scan_actions[22m | Left.png[39m[0m
[  69% ] [90m[1m_update_scan_actions[22m | Middle.png[39m[0m
[  69% ] [90m[1m_update_scan_actions[22m | Right.png[39m[0m
[  69% ] [90m[1m_update_scan_actions[22m | FlagBlack16x16.png[39m[0m
[  69% ] [90m[1m_update_scan_actions[22m | FlagBlue16x16.png[39m[0m
[  69% ] [90m[1m_update_scan_actions[22m | FlagBrown16x16.png[39m[0m
[  69% ] [90m[1m_update_scan_actions[22m | FlagGray16x16.png[39m[0m
[  69% ] [90m[1m_update_scan_actions[22m | FlagGreen16x16.png[39m[0m
[  69% ] [90m[1m_update_scan_actions[22m | FlagRed16x16.png[39m[0m
[  69% ] [90m[1m_update_scan_actions[22m | FlagWhite16x16.png[39m[0m
[  69% ] [90m[1m_update_scan_actions[22m | FlagYellow16x16.png[39m[0m
[  70% ] [90m[1m_update_scan_actions[22m | SpriteSheet16x16.png[39m[0m
[  70% ] [90m[1m_update_scan_actions[22m | MillPropeller_A_64x64.png[39m[0m
[  70% ] [90m[1m_update_scan_actions[22m | MillPropeller_B_64x64.png[39m[0m
[  70% ] [90m[1m_update_scan_actions[22m | SpriteSheet16x16.png[39m[0m
[  70% ] [90m[1m_update_scan_actions[22m | QuickSand32x32.png[39m[0m
[  70% ] [90m[1m_update_scan_actions[22m | SpriteSheet16x16.png[39m[0m
[  70% ] [90m[1m_update_scan_actions[22m | SpriteSheetPurple.png[39m[0m
[  70% ] [90m[1m_update_scan_actions[22m | BottomSheet16x16.png[39m[0m
[  70% ] [90m[1m_update_scan_actions[22m | MiddleSheet16x16.png[39m[0m
[  70% ] [90m[1m_update_scan_actions[22m | TopSheet16x16.png[39m[0m
[  70% ] [90m[1m_update_scan_actions[22m | Watermill_A_34x36.png[39m[0m
[  70% ] [90m[1m_update_scan_actions[22m | Watermill_B_34x36.png[39m[0m
[  70% ] [90m[1m_update_scan_actions[22m | Elements.png[39m[0m
[  70% ] [90m[1m_update_scan_actions[22m | TilesetInterior.png[39m[0m
[  70% ] [90m[1m_update_scan_actions[22m | TilesetInteriorFloor.png[39m[0m
[  70% ] [90m[1m_update_scan_actions[22m | TilesetWallSimple.png[39m[0m
[  70% ] [90m[1m_update_scan_actions[22m | Pipes.png[39m[0m
[  70% ] [90m[1m_update_scan_actions[22m | TilesetDesert.png[39m[0m
[  70% ] [90m[1m_update_scan_actions[22m | TilesetDungeon.png[39m[0m
[  70% ] [90m[1m_update_scan_actions[22m | TilesetElement.png[39m[0m
[  70% ] [90m[1m_update_scan_actions[22m | TilesetField.png[39m[0m
[  71% ] [90m[1m_update_scan_actions[22m | TilesetFloor.png[39m[0m
[  71% ] [90m[1m_update_scan_actions[22m | TilesetFloorB.png[39m[0m
[  71% ] [90m[1m_update_scan_actions[22m | TilesetFloorDetail.png[39m[0m
[  71% ] [90m[1m_update_scan_actions[22m | TilesetHole.png[39m[0m
[  71% ] [90m[1m_update_scan_actions[22m | TilesetHouse.png[39m[0m
[  71% ] [90m[1m_update_scan_actions[22m | TilesetLogic.png[39m[0m
[  71% ] [90m[1m_update_scan_actions[22m | TilesetNature.png[39m[0m
[  71% ] [90m[1m_update_scan_actions[22m | TilesetRelief.png[39m[0m
[  71% ] [90m[1m_update_scan_actions[22m | TilesetReliefDetail.png[39m[0m
[  71% ] [90m[1m_update_scan_actions[22m | TilesetTowers.png[39m[0m
[  71% ] [90m[1m_update_scan_actions[22m | TilesetVillageAbandoned.png[39m[0m
[  71% ] [90m[1m_update_scan_actions[22m | TilesetWater.png[39m[0m
[  71% ] [90m[1m_update_scan_actions[22m | tileset_bed.png[39m[0m
[  71% ] [90m[1m_update_scan_actions[22m | tileset_camp.png[39m[0m
[  71% ] [90m[1m_update_scan_actions[22m | Boat.png[39m[0m
[  71% ] [90m[1m_update_scan_actions[22m | Crane.png[39m[0m
[  71% ] [90m[1m_update_scan_actions[22m | FishNet.png[39m[0m
[  71% ] [90m[1m_update_scan_actions[22m | FishNetFull.png[39m[0m
[  71% ] [90m[1m_update_scan_actions[22m | Sail.png[39m[0m
[  71% ] [90m[1m_update_scan_actions[22m | SpriteSheet.png[39m[0m
[  71% ] [90m[1m_update_scan_actions[22m | SpriteSheet.png[39m[0m
[  72% ] [90m[1m_update_scan_actions[22m | SpriteSheet.png[39m[0m
[  72% ] [90m[1m_update_scan_actions[22m | SpriteSheet.png[39m[0m
[  72% ] [90m[1m_update_scan_actions[22m | SpriteSheet.png[39m[0m
[  72% ] [90m[1m_update_scan_actions[22m | SpriteSheet.png[39m[0m
[  72% ] [90m[1m_update_scan_actions[22m | SpriteSheet.png[39m[0m
[  72% ] [90m[1m_update_scan_actions[22m | SpriteSheet.png[39m[0m
[  72% ] [90m[1m_update_scan_actions[22m | SpriteSheet.png[39m[0m
[  72% ] [90m[1m_update_scan_actions[22m | SpriteSheet.png[39m[0m
[  72% ] [90m[1m_update_scan_actions[22m | SpriteSheet.png[39m[0m
[  72% ] [90m[1m_update_scan_actions[22m | SpriteSheetB.png[39m[0m
[  72% ] [90m[1m_update_scan_actions[22m | SpriteSheetFlake.png[39m[0m
[  72% ] [90m[1m_update_scan_actions[22m | SpriteSheet.png[39m[0m
[  72% ] [90m[1m_update_scan_actions[22m | SpriteSheetB.png[39m[0m
[  72% ] [90m[1m_update_scan_actions[22m | SpriteSheet.png[39m[0m
[  72% ] [90m[1m_update_scan_actions[22m | SpriteSheetB.png[39m[0m
[  72% ] [90m[1m_update_scan_actions[22m | SpriteSheet.png[39m[0m
[  72% ] [90m[1m_update_scan_actions[22m | SpriteSheet.png[39m[0m
[  72% ] [90m[1m_update_scan_actions[22m | SpriteSheet.png[39m[0m
[  72% ] [90m[1m_update_scan_actions[22m | SpriteSheet.png[39m[0m
[  72% ] [90m[1m_update_scan_actions[22m | Fog.png[39m[0m
[  72% ] [90m[1m_update_scan_actions[22m | Raylight.png[39m[0m
[  73% ] [90m[1m_update_scan_actions[22m | SpriteSheet.png[39m[0m
[  73% ] [90m[1m_update_scan_actions[22m | SpriteSheet.png[39m[0m
[  73% ] [90m[1m_update_scan_actions[22m | SpriteSheetOrange.png[39m[0m
[  73% ] [90m[1m_update_scan_actions[22m | SpriteSheetSpark2.png[39m[0m
[  73% ] [90m[1m_update_scan_actions[22m | SpriteSheetSpark.png[39m[0m
[  73% ] [90m[1m_update_scan_actions[22m | SpriteSheetWhite.png[39m[0m
[  73% ] [90m[1m_update_scan_actions[22m | SpriteSheetBlue.png[39m[0m
[  73% ] [90m[1m_update_scan_actions[22m | SpriteSheetYellow.png[39m[0m
[  73% ] [90m[1m_update_scan_actions[22m | SpriteSheet.png[39m[0m
[  73% ] [90m[1m_update_scan_actions[22m | SpriteSheet.png[39m[0m
[  73% ] [90m[1m_update_scan_actions[22m | SpriteSheetBlue.png[39m[0m
[  73% ] [90m[1m_update_scan_actions[22m | SpriteSheetDouble.png[39m[0m
[  73% ] [90m[1m_update_scan_actions[22m | AllPreview.png[39m[0m
[  73% ] [90m[1m_update_scan_actions[22m | Bamboo.png[39m[0m
[  73% ] [90m[1m_update_scan_actions[22m | Clouds.png[39m[0m
[  73% ] [90m[1m_update_scan_actions[22m | Fire.png[39m[0m
[  73% ] [90m[1m_update_scan_actions[22m | Grass.png[39m[0m
[  73% ] [90m[1m_update_scan_actions[22m | Leaf.png[39m[0m
[  73% ] [90m[1m_update_scan_actions[22m | LeafPink.png[39m[0m
[  73% ] [90m[1m_update_scan_actions[22m | Rain.png[39m[0m
[  74% ] [90m[1m_update_scan_actions[22m | RainOnFloor.png[39m[0m
[  74% ] [90m[1m_update_scan_actions[22m | Rock.png[39m[0m
[  74% ] [90m[1m_update_scan_actions[22m | RockGray.png[39m[0m
[  74% ] [90m[1m_update_scan_actions[22m | Snow.png[39m[0m
[  74% ] [90m[1m_update_scan_actions[22m | Spark.png[39m[0m
[  74% ] [90m[1m_update_scan_actions[22m | Vase.png[39m[0m
[  74% ] [90m[1m_update_scan_actions[22m | Wood.png[39m[0m
[  74% ] [90m[1m_update_scan_actions[22m | SpriteSheet.png[39m[0m
[  74% ] [90m[1m_update_scan_actions[22m | SpriteSheet.png[39m[0m
[  74% ] [90m[1m_update_scan_actions[22m | AllPreview.png[39m[0m
[  74% ] [90m[1m_update_scan_actions[22m | Arrow.png[39m[0m
[  74% ] [90m[1m_update_scan_actions[22m | BigEnergyBall.png[39m[0m
[  74% ] [90m[1m_update_scan_actions[22m | BigKunai.png[39m[0m
[  74% ] [90m[1m_update_scan_actions[22m | BigShuriken.png[39m[0m
[  74% ] [90m[1m_update_scan_actions[22m | CanonBall.png[39m[0m
[  74% ] [90m[1m_update_scan_actions[22m | EnergyBall.png[39m[0m
[  74% ] [90m[1m_update_scan_actions[22m | Fireball.png[39m[0m
[  74% ] [90m[1m_update_scan_actions[22m | IceSpike.png[39m[0m
[  74% ] [90m[1m_update_scan_actions[22m | Kunai.png[39m[0m
[  74% ] [90m[1m_update_scan_actions[22m | PlantSpike.png[39m[0m
[  74% ] [90m[1m_update_scan_actions[22m | Shuriken.png[39m[0m
[  75% ] [90m[1m_update_scan_actions[22m | ShurikenMagic.png[39m[0m
[  75% ] [90m[1m_update_scan_actions[22m | SpriteSheetRock.png[39m[0m
[  75% ] [90m[1m_update_scan_actions[22m | SpriteSheetArc.png[39m[0m
[  75% ] [90m[1m_update_scan_actions[22m | SpriteSheetCircular.png[39m[0m
[  75% ] [90m[1m_update_scan_actions[22m | SpriteSheetMulti.png[39m[0m
[  75% ] [90m[1m_update_scan_actions[22m | SpriteSheetSlash01.png[39m[0m
[  75% ] [90m[1m_update_scan_actions[22m | SpriteSheetSlash02.png[39m[0m
[  75% ] [90m[1m_update_scan_actions[22m | SpriteSheetSlash03.png[39m[0m
[  75% ] [90m[1m_update_scan_actions[22m | SpriteSheet.png[39m[0m
[  75% ] [90m[1m_update_scan_actions[22m | SpriteSheet.png[39m[0m
[  75% ] [90m[1m_update_scan_actions[22m | AllPreview.png[39m[0m
[  75% ] [90m[1m_update_scan_actions[22m | Hit.png[39m[0m
[  75% ] [90m[1m_update_scan_actions[22m | Interact.png[39m[0m
[  75% ] [90m[1m_update_scan_actions[22m | Beaf.png[39m[0m
[  75% ] [90m[1m_update_scan_actions[22m | Calamari.png[39m[0m
[  75% ] [90m[1m_update_scan_actions[22m | Fish.png[39m[0m
[  75% ] [90m[1m_update_scan_actions[22m | FortuneCookie.png[39m[0m
[  75% ] [90m[1m_update_scan_actions[22m | Honey.png[39m[0m
[  75% ] [90m[1m_update_scan_actions[22m | Meat.png[39m[0m
[  75% ] [90m[1m_update_scan_actions[22m | Noodle.png[39m[0m
[  75% ] [90m[1m_update_scan_actions[22m | Nut2.png[39m[0m
[  76% ] [90m[1m_update_scan_actions[22m | Nut.png[39m[0m
[  76% ] [90m[1m_update_scan_actions[22m | Octopus.png[39m[0m
[  76% ] [90m[1m_update_scan_actions[22m | Onigiri.png[39m[0m
[  76% ] [90m[1m_update_scan_actions[22m | Seed1.png[39m[0m
[  76% ] [90m[1m_update_scan_actions[22m | Seed2.png[39m[0m
[  76% ] [90m[1m_update_scan_actions[22m | Seed3.png[39m[0m
[  76% ] [90m[1m_update_scan_actions[22m | SeedBig1.png[39m[0m
[  76% ] [90m[1m_update_scan_actions[22m | SeedBig2.png[39m[0m
[  76% ] [90m[1m_update_scan_actions[22m | SeedBig3.png[39m[0m
[  76% ] [90m[1m_update_scan_actions[22m | SeedLarge.png[39m[0m
[  76% ] [90m[1m_update_scan_actions[22m | SeedLargeWhite.png[39m[0m
[  76% ] [90m[1m_update_scan_actions[22m | Shrimp.png[39m[0m
[  76% ] [90m[1m_update_scan_actions[22m | Sushi2.png[39m[0m
[  76% ] [90m[1m_update_scan_actions[22m | Sushi.png[39m[0m
[  76% ] [90m[1m_update_scan_actions[22m | TeaLeaf.png[39m[0m
[  76% ] [90m[1m_update_scan_actions[22m | Yakitori.png[39m[0m
[  76% ] [90m[1m_update_scan_actions[22m | Bag.png[39m[0m
[  76% ] [90m[1m_update_scan_actions[22m | Book.png[39m[0m
[  76% ] [90m[1m_update_scan_actions[22m | CrateEmpty.png[39m[0m
[  76% ] [90m[1m_update_scan_actions[22m | Dice 4.png[39m[0m
[  77% ] [90m[1m_update_scan_actions[22m | Dice 6.png[39m[0m
[  77% ] [90m[1m_update_scan_actions[22m | Dice 8.png[39m[0m
[  77% ] [90m[1m_update_scan_actions[22m | Dice 20.png[39m[0m
[  77% ] [90m[1m_update_scan_actions[22m | Gourd.png[39m[0m
[  77% ] [90m[1m_update_scan_actions[22m | Hourglass.png[39m[0m
[  77% ] [90m[1m_update_scan_actions[22m | MoneyBag.png[39m[0m
[  77% ] [90m[1m_update_scan_actions[22m | PanFlute.png[39m[0m
[  77% ] [90m[1m_update_scan_actions[22m | Letter2.png[39m[0m
[  77% ] [90m[1m_update_scan_actions[22m | Letter3.png[39m[0m
[  77% ] [90m[1m_update_scan_actions[22m | Letter.png[39m[0m
[  77% ] [90m[1m_update_scan_actions[22m | Stamp.png[39m[0m
[  77% ] [90m[1m_update_scan_actions[22m | EmptyPot.png[39m[0m
[  77% ] [90m[1m_update_scan_actions[22m | Heart.png[39m[0m
[  77% ] [90m[1m_update_scan_actions[22m | LifePot.png[39m[0m
[  77% ] [90m[1m_update_scan_actions[22m | Medipack.png[39m[0m
[  77% ] [90m[1m_update_scan_actions[22m | MilkPot.png[39m[0m
[  77% ] [90m[1m_update_scan_actions[22m | WaterPot.png[39m[0m
[  77% ] [90m[1m_update_scan_actions[22m | Arrow.png[39m[0m
[  77% ] [90m[1m_update_scan_actions[22m | Bomb.png[39m[0m
[  77% ] [90m[1m_update_scan_actions[22m | Caltrop.png[39m[0m
[  77% ] [90m[1m_update_scan_actions[22m | CrateDynamite.png[39m[0m
[  78% ] [90m[1m_update_scan_actions[22m | Dynamite.png[39m[0m
[  78% ] [90m[1m_update_scan_actions[22m | Kunai.png[39m[0m
[  78% ] [90m[1m_update_scan_actions[22m | Shuriken.png[39m[0m
[  78% ] [90m[1m_update_scan_actions[22m | BarCopper.png[39m[0m
[  78% ] [90m[1m_update_scan_actions[22m | BarGold.png[39m[0m
[  78% ] [90m[1m_update_scan_actions[22m | BarIron.png[39m[0m
[  78% ] [90m[1m_update_scan_actions[22m | BarMithril.png[39m[0m
[  78% ] [90m[1m_update_scan_actions[22m | BarPurple.png[39m[0m
[  78% ] [90m[1m_update_scan_actions[22m | BarSilver.png[39m[0m
[  78% ] [90m[1m_update_scan_actions[22m | Branch.png[39m[0m
[  78% ] [90m[1m_update_scan_actions[22m | feather.png[39m[0m
[  78% ] [90m[1m_update_scan_actions[22m | GemGreen.png[39m[0m
[  78% ] [90m[1m_update_scan_actions[22m | GemPurple.png[39m[0m
[  78% ] [90m[1m_update_scan_actions[22m | GemRed.png[39m[0m
[  78% ] [90m[1m_update_scan_actions[22m | GemYellow.png[39m[0m
[  78% ] [90m[1m_update_scan_actions[22m | Grass.png[39m[0m
[  78% ] [90m[1m_update_scan_actions[22m | Rock.png[39m[0m
[  78% ] [90m[1m_update_scan_actions[22m | Water.png[39m[0m
[  78% ] [90m[1m_update_scan_actions[22m | Scroll.png[39m[0m
[  78% ] [90m[1m_update_scan_actions[22m | ScrollEmpty.png[39m[0m
[  78% ] [90m[1m_update_scan_actions[22m | ScrollFire.png[39m[0m
[  79% ] [90m[1m_update_scan_actions[22m | ScrollIce.png[39m[0m
[  79% ] [90m[1m_update_scan_actions[22m | ScrollPlant.png[39m[0m
[  79% ] [90m[1m_update_scan_actions[22m | ScrollRock.png[39m[0m
[  79% ] [90m[1m_update_scan_actions[22m | ScrollThunder.png[39m[0m
[  79% ] [90m[1m_update_scan_actions[22m | Anvil.png[39m[0m
[  79% ] [90m[1m_update_scan_actions[22m | Axe.png[39m[0m
[  79% ] [90m[1m_update_scan_actions[22m | Hammer.png[39m[0m
[  79% ] [90m[1m_update_scan_actions[22m | Hoe.png[39m[0m
[  79% ] [90m[1m_update_scan_actions[22m | Pickaxe.png[39m[0m
[  79% ] [90m[1m_update_scan_actions[22m | Shovel.png[39m[0m
[  79% ] [90m[1m_update_scan_actions[22m | Sickle.png[39m[0m
[  79% ] [90m[1m_update_scan_actions[22m | WateringCan.png[39m[0m
[  79% ] [90m[1m_update_scan_actions[22m | BigTreasureChest.png[39m[0m
[  79% ] [90m[1m_update_scan_actions[22m | Coin2.png[39m[0m
[  79% ] [90m[1m_update_scan_actions[22m | GoldCoin.png[39m[0m
[  79% ] [90m[1m_update_scan_actions[22m | GoldCup.png[39m[0m
[  79% ] [90m[1m_update_scan_actions[22m | GoldKey.png[39m[0m
[  79% ] [90m[1m_update_scan_actions[22m | LittleTreasureChest.png[39m[0m
[  79% ] [90m[1m_update_scan_actions[22m | SilverCoin.png[39m[0m
[  79% ] [90m[1m_update_scan_actions[22m | SilverCup.png[39m[0m
[  79% ] [90m[1m_update_scan_actions[22m | SilverKey.png[39m[0m
[  80% ] [90m[1m_update_scan_actions[22m | Sprite.png[39m[0m
[  80% ] [90m[1m_update_scan_actions[22m | SpriteInHand.png[39m[0m
[  80% ] [90m[1m_update_scan_actions[22m | Sprite.png[39m[0m
[  80% ] [90m[1m_update_scan_actions[22m | SpriteInHand.png[39m[0m
[  80% ] [90m[1m_update_scan_actions[22m | Sprite.png[39m[0m
[  80% ] [90m[1m_update_scan_actions[22m | SpriteInHand.png[39m[0m
[  80% ] [90m[1m_update_scan_actions[22m | Sprite.png[39m[0m
[  80% ] [90m[1m_update_scan_actions[22m | SpriteInHand.png[39m[0m
[  80% ] [90m[1m_update_scan_actions[22m | Sprite.png[39m[0m
[  80% ] [90m[1m_update_scan_actions[22m | SpriteInHand.png[39m[0m
[  80% ] [90m[1m_update_scan_actions[22m | Arrow.png[39m[0m
[  80% ] [90m[1m_update_scan_actions[22m | Sprite.png[39m[0m
[  80% ] [90m[1m_update_scan_actions[22m | Arrow.png[39m[0m
[  80% ] [90m[1m_update_scan_actions[22m | Sprite.png[39m[0m
[  80% ] [90m[1m_update_scan_actions[22m | Sprite.png[39m[0m
[  80% ] [90m[1m_update_scan_actions[22m | SpriteInHand.png[39m[0m
[  80% ] [90m[1m_update_scan_actions[22m | Sprite.png[39m[0m
[  80% ] [90m[1m_update_scan_actions[22m | Sprite.png[39m[0m
[  80% ] [90m[1m_update_scan_actions[22m | SpriteInHand.png[39m[0m
[  80% ] [90m[1m_update_scan_actions[22m | Sprite.png[39m[0m
[  81% ] [90m[1m_update_scan_actions[22m | SpriteInHand.png[39m[0m
[  81% ] [90m[1m_update_scan_actions[22m | Sprite.png[39m[0m
[  81% ] [90m[1m_update_scan_actions[22m | SpriteInHand.png[39m[0m
[  81% ] [90m[1m_update_scan_actions[22m | Sprite.png[39m[0m
[  81% ] [90m[1m_update_scan_actions[22m | SpriteInHand.png[39m[0m
[  81% ] [90m[1m_update_scan_actions[22m | Sprite.png[39m[0m
[  81% ] [90m[1m_update_scan_actions[22m | SpriteInHand.png[39m[0m
[  81% ] [90m[1m_update_scan_actions[22m | Sprite.png[39m[0m
[  81% ] [90m[1m_update_scan_actions[22m | SpriteInHand.png[39m[0m
[  81% ] [90m[1m_update_scan_actions[22m | Sprite.png[39m[0m
[  81% ] [90m[1m_update_scan_actions[22m | SpriteInHand.png[39m[0m
[  81% ] [90m[1m_update_scan_actions[22m | Sprite.png[39m[0m
[  81% ] [90m[1m_update_scan_actions[22m | SpriteInHand.png[39m[0m
[  81% ] [90m[1m_update_scan_actions[22m | Sprite.png[39m[0m
[  81% ] [90m[1m_update_scan_actions[22m | SpriteInHand.png[39m[0m
[  81% ] [90m[1m_update_scan_actions[22m | Sprite.png[39m[0m
[  81% ] [90m[1m_update_scan_actions[22m | SpriteInHand.png[39m[0m
[  81% ] [90m[1m_update_scan_actions[22m | Sprite.png[39m[0m
[  81% ] [90m[1m_update_scan_actions[22m | SpriteInHand.png[39m[0m
[  81% ] [90m[1m_update_scan_actions[22m | Sprite.png[39m[0m
[  81% ] [90m[1m_update_scan_actions[22m | SpriteInHand.png[39m[0m
[  82% ] [90m[1m_update_scan_actions[22m | Sprite.png[39m[0m
[  82% ] [90m[1m_update_scan_actions[22m | SpriteInHand.png[39m[0m
[  82% ] [90m[1m_update_scan_actions[22m | Sprite.png[39m[0m
[  82% ] [90m[1m_update_scan_actions[22m | SpriteInHand.png[39m[0m
[  82% ] [90m[1m_update_scan_actions[22m | AllPreview.png[39m[0m
[  82% ] [90m[1m_update_scan_actions[22m | WeaponPreview2.png[39m[0m
[  82% ] [90m[1m_update_scan_actions[22m | ChoiceBox.png[39m[0m
[  82% ] [90m[1m_update_scan_actions[22m | DialogBox.png[39m[0m
[  82% ] [90m[1m_update_scan_actions[22m | DialogBoxFaceset.png[39m[0m
[  82% ] [90m[1m_update_scan_actions[22m | DialogInfo.png[39m[0m
[  82% ] [90m[1m_update_scan_actions[22m | DialogueBoxSimple.png[39m[0m
[  82% ] [90m[1m_update_scan_actions[22m | FacesetBox.png[39m[0m
[  82% ] [90m[1m_update_scan_actions[22m | NoButton.png[39m[0m
[  82% ] [90m[1m_update_scan_actions[22m | YesButton.png[39m[0m
[  82% ] [90m[1m_update_scan_actions[22m | emote1.png[39m[0m
[  82% ] [90m[1m_update_scan_actions[22m | emote2.png[39m[0m
[  82% ] [90m[1m_update_scan_actions[22m | emote3.png[39m[0m
[  82% ] [90m[1m_update_scan_actions[22m | emote4.png[39m[0m
[  82% ] [90m[1m_update_scan_actions[22m | emote5.png[39m[0m
[  82% ] [90m[1m_update_scan_actions[22m | emote6.png[39m[0m
[  82% ] [90m[1m_update_scan_actions[22m | emote7.png[39m[0m
[  83% ] [90m[1m_update_scan_actions[22m | emote8.png[39m[0m
[  83% ] [90m[1m_update_scan_actions[22m | emote9.png[39m[0m
[  83% ] [90m[1m_update_scan_actions[22m | emote10.png[39m[0m
[  83% ] [90m[1m_update_scan_actions[22m | emote11.png[39m[0m
[  83% ] [90m[1m_update_scan_actions[22m | emote12.png[39m[0m
[  83% ] [90m[1m_update_scan_actions[22m | emote13.png[39m[0m
[  83% ] [90m[1m_update_scan_actions[22m | emote14.png[39m[0m
[  83% ] [90m[1m_update_scan_actions[22m | emote15.png[39m[0m
[  83% ] [90m[1m_update_scan_actions[22m | emote16.png[39m[0m
[  83% ] [90m[1m_update_scan_actions[22m | emote17.png[39m[0m
[  83% ] [90m[1m_update_scan_actions[22m | emote18.png[39m[0m
[  83% ] [90m[1m_update_scan_actions[22m | emote19.png[39m[0m
[  83% ] [90m[1m_update_scan_actions[22m | emote20.png[39m[0m
[  83% ] [90m[1m_update_scan_actions[22m | emote21.png[39m[0m
[  83% ] [90m[1m_update_scan_actions[22m | emote22.png[39m[0m
[  83% ] [90m[1m_update_scan_actions[22m | emote23.png[39m[0m
[  83% ] [90m[1m_update_scan_actions[22m | emote24.png[39m[0m
[  83% ] [90m[1m_update_scan_actions[22m | emote25.png[39m[0m
[  83% ] [90m[1m_update_scan_actions[22m | emote26.png[39m[0m
[  83% ] [90m[1m_update_scan_actions[22m | emote27.png[39m[0m
[  83% ] [90m[1m_update_scan_actions[22m | emote28.png[39m[0m
[  84% ] [90m[1m_update_scan_actions[22m | emote29.png[39m[0m
[  84% ] [90m[1m_update_scan_actions[22m | emote30.png[39m[0m
[  84% ] [90m[1m_update_scan_actions[22m | font8x8.png[39m[0m
[  84% ] [90m[1m_update_scan_actions[22m | font24x30.png[39m[0m
[  84% ] [90m[1m_update_scan_actions[22m | NormalFont.ttf[39m[0m
[  84% ] [90m[1m_update_scan_actions[22m | Disabled.png[39m[0m
[  84% ] [90m[1m_update_scan_actions[22m | Hovered.png[39m[0m
[  84% ] [90m[1m_update_scan_actions[22m | Idle.png[39m[0m
[  84% ] [90m[1m_update_scan_actions[22m | Pressed.png[39m[0m
[  84% ] [90m[1m_update_scan_actions[22m | Disabled.png[39m[0m
[  84% ] [90m[1m_update_scan_actions[22m | Hovered.png[39m[0m
[  84% ] [90m[1m_update_scan_actions[22m | Idle.png[39m[0m
[  84% ] [90m[1m_update_scan_actions[22m | Pressed.png[39m[0m
[  84% ] [90m[1m_update_scan_actions[22m | Disabled.png[39m[0m
[  84% ] [90m[1m_update_scan_actions[22m | Hovered.png[39m[0m
[  84% ] [90m[1m_update_scan_actions[22m | Idle.png[39m[0m
[  84% ] [90m[1m_update_scan_actions[22m | Pressed.png[39m[0m
[  84% ] [90m[1m_update_scan_actions[22m | ButtonY.png[39m[0m
[  84% ] [90m[1m_update_scan_actions[22m | Disabled.png[39m[0m
[  84% ] [90m[1m_update_scan_actions[22m | Hovered.png[39m[0m
[  85% ] [90m[1m_update_scan_actions[22m | Pressed.png[39m[0m
[  85% ] [90m[1m_update_scan_actions[22m | ButtonDown.png[39m[0m
[  85% ] [90m[1m_update_scan_actions[22m | ButtonLB.png[39m[0m
[  85% ] [90m[1m_update_scan_actions[22m | ButtonLeft.png[39m[0m
[  85% ] [90m[1m_update_scan_actions[22m | ButtonLT.png[39m[0m
[  85% ] [90m[1m_update_scan_actions[22m | ButtonMinus.png[39m[0m
[  85% ] [90m[1m_update_scan_actions[22m | ButtonPlus.png[39m[0m
[  85% ] [90m[1m_update_scan_actions[22m | ButtonRB.png[39m[0m
[  85% ] [90m[1m_update_scan_actions[22m | ButtonRight.png[39m[0m
[  85% ] [90m[1m_update_scan_actions[22m | ButtonRT.png[39m[0m
[  85% ] [90m[1m_update_scan_actions[22m | ButtonUp.png[39m[0m
[  85% ] [90m[1m_update_scan_actions[22m | DPad.png[39m[0m
[  85% ] [90m[1m_update_scan_actions[22m | DPadDown.png[39m[0m
[  85% ] [90m[1m_update_scan_actions[22m | DPadLeft.png[39m[0m
[  85% ] [90m[1m_update_scan_actions[22m | DPadRight.png[39m[0m
[  85% ] [90m[1m_update_scan_actions[22m | DPadUp.png[39m[0m
[  85% ] [90m[1m_update_scan_actions[22m | JoystickLeft.png[39m[0m
[  85% ] [90m[1m_update_scan_actions[22m | JoystickLeftPressed.png[39m[0m
[  85% ] [90m[1m_update_scan_actions[22m | JoystickRight.png[39m[0m
[  85% ] [90m[1m_update_scan_actions[22m | JoystickRightPressed.png[39m[0m
[  85% ] [90m[1m_update_scan_actions[22m | Select.png[39m[0m
[  86% ] [90m[1m_update_scan_actions[22m | Start.png[39m[0m
[  86% ] [90m[1m_update_scan_actions[22m | Key0.png[39m[0m
[  86% ] [90m[1m_update_scan_actions[22m | Key1.png[39m[0m
[  86% ] [90m[1m_update_scan_actions[22m | Key2.png[39m[0m
[  86% ] [90m[1m_update_scan_actions[22m | Key3.png[39m[0m
[  86% ] [90m[1m_update_scan_actions[22m | Key4.png[39m[0m
[  86% ] [90m[1m_update_scan_actions[22m | Key5.png[39m[0m
[  86% ] [90m[1m_update_scan_actions[22m | Key6.png[39m[0m
[  86% ] [90m[1m_update_scan_actions[22m | Key7.png[39m[0m
[  86% ] [90m[1m_update_scan_actions[22m | Key8.png[39m[0m
[  86% ] [90m[1m_update_scan_actions[22m | Key9.png[39m[0m
[  86% ] [90m[1m_update_scan_actions[22m | KeyA.png[39m[0m
[  86% ] [90m[1m_update_scan_actions[22m | KeyAlt.png[39m[0m
[  86% ] [90m[1m_update_scan_actions[22m | KeyB.png[39m[0m
[  86% ] [90m[1m_update_scan_actions[22m | KeyC.png[39m[0m
[  86% ] [90m[1m_update_scan_actions[22m | KeyCtrl.png[39m[0m
[  86% ] [90m[1m_update_scan_actions[22m | KeyD.png[39m[0m
[  86% ] [90m[1m_update_scan_actions[22m | KeyDelete.png[39m[0m
[  86% ] [90m[1m_update_scan_actions[22m | KeyDown.png[39m[0m
[  86% ] [90m[1m_update_scan_actions[22m | KeyE.png[39m[0m
[  86% ] [90m[1m_update_scan_actions[22m | KeyEnter.png[39m[0m
[  87% ] [90m[1m_update_scan_actions[22m | KeyEscape.png[39m[0m
[  87% ] [90m[1m_update_scan_actions[22m | KeyF1.png[39m[0m
[  87% ] [90m[1m_update_scan_actions[22m | KeyF2.png[39m[0m
[  87% ] [90m[1m_update_scan_actions[22m | KeyF3.png[39m[0m
[  87% ] [90m[1m_update_scan_actions[22m | KeyF4.png[39m[0m
[  87% ] [90m[1m_update_scan_actions[22m | KeyF5.png[39m[0m
[  87% ] [90m[1m_update_scan_actions[22m | KeyF6.png[39m[0m
[  87% ] [90m[1m_update_scan_actions[22m | KeyF7.png[39m[0m
[  87% ] [90m[1m_update_scan_actions[22m | KeyF8.png[39m[0m
[  87% ] [90m[1m_update_scan_actions[22m | KeyF9.png[39m[0m
[  87% ] [90m[1m_update_scan_actions[22m | KeyF10.png[39m[0m
[  87% ] [90m[1m_update_scan_actions[22m | KeyF11.png[39m[0m
[  87% ] [90m[1m_update_scan_actions[22m | KeyF12.png[39m[0m
[  87% ] [90m[1m_update_scan_actions[22m | KeyF.png[39m[0m
[  87% ] [90m[1m_update_scan_actions[22m | KeyG.png[39m[0m
[  87% ] [90m[1m_update_scan_actions[22m | KeyH.png[39m[0m
[  87% ] [90m[1m_update_scan_actions[22m | KeyI.png[39m[0m
[  87% ] [90m[1m_update_scan_actions[22m | KeyJ.png[39m[0m
[  87% ] [90m[1m_update_scan_actions[22m | KeyK.png[39m[0m
[  87% ] [90m[1m_update_scan_actions[22m | KeyL.png[39m[0m
[  87% ] [90m[1m_update_scan_actions[22m | KeyLeft.png[39m[0m
[  88% ] [90m[1m_update_scan_actions[22m | KeyM.png[39m[0m
[  88% ] [90m[1m_update_scan_actions[22m | KeyN.png[39m[0m
[  88% ] [90m[1m_update_scan_actions[22m | KeyO.png[39m[0m
[  88% ] [90m[1m_update_scan_actions[22m | KeyP.png[39m[0m
[  88% ] [90m[1m_update_scan_actions[22m | KeyQ.png[39m[0m
[  88% ] [90m[1m_update_scan_actions[22m | KeyR.png[39m[0m
[  88% ] [90m[1m_update_scan_actions[22m | KeyRight.png[39m[0m
[  88% ] [90m[1m_update_scan_actions[22m | KeyS.png[39m[0m
[  88% ] [90m[1m_update_scan_actions[22m | KeyShift.png[39m[0m
[  88% ] [90m[1m_update_scan_actions[22m | KeySpace.png[39m[0m
[  88% ] [90m[1m_update_scan_actions[22m | KeyT.png[39m[0m
[  88% ] [90m[1m_update_scan_actions[22m | KeyTab.png[39m[0m
[  88% ] [90m[1m_update_scan_actions[22m | KeyU.png[39m[0m
[  88% ] [90m[1m_update_scan_actions[22m | KeyUp.png[39m[0m
[  88% ] [90m[1m_update_scan_actions[22m | KeyV.png[39m[0m
[  88% ] [90m[1m_update_scan_actions[22m | KeyW.png[39m[0m
[  88% ] [90m[1m_update_scan_actions[22m | KeyX.png[39m[0m
[  88% ] [90m[1m_update_scan_actions[22m | KeyY.png[39m[0m
[  88% ] [90m[1m_update_scan_actions[22m | KeyZ.png[39m[0m
[  88% ] [90m[1m_update_scan_actions[22m | Mouse.png[39m[0m
[  89% ] [90m[1m_update_scan_actions[22m | MouseButtonLeft.png[39m[0m
[  89% ] [90m[1m_update_scan_actions[22m | MouseButtonMiddle.png[39m[0m
[  89% ] [90m[1m_update_scan_actions[22m | MouseButtonRight.png[39m[0m
[  89% ] [90m[1m_update_scan_actions[22m | MouseDisabled.png[39m[0m
[  89% ] [90m[1m_update_scan_actions[22m | MouseWheelDown.png[39m[0m
[  89% ] [90m[1m_update_scan_actions[22m | MouseWheelUp.png[39m[0m
[  89% ] [90m[1m_update_scan_actions[22m | IconGamepad.png[39m[0m
[  89% ] [90m[1m_update_scan_actions[22m | IconKeyboard.png[39m[0m
[  89% ] [90m[1m_update_scan_actions[22m | IconMouse.png[39m[0m
[  89% ] [90m[1m_update_scan_actions[22m | Preview.png[39m[0m
[  89% ] [90m[1m_update_scan_actions[22m | Tuto.png[39m[0m
[  89% ] [90m[1m_update_scan_actions[22m | Ammokunai.png[39m[0m
[  89% ] [90m[1m_update_scan_actions[22m | AmmoSkill.png[39m[0m
[  89% ] [90m[1m_update_scan_actions[22m | AmmoSpecial.png[39m[0m
[  89% ] [90m[1m_update_scan_actions[22m | BackgroundBag.png[39m[0m
[  89% ] [90m[1m_update_scan_actions[22m | BackgroundBamboo.png[39m[0m
[  89% ] [90m[1m_update_scan_actions[22m | BackgroundBottle.png[39m[0m
[  89% ] [90m[1m_update_scan_actions[22m | BackgroundScroll.png[39m[0m
[  89% ] [90m[1m_update_scan_actions[22m | BackgroundWood.png[39m[0m
[  89% ] [90m[1m_update_scan_actions[22m | Preview.png[39m[0m
[  89% ] [90m[1m_update_scan_actions[22m | ProgressHealth.png[39m[0m
[  90% ] [90m[1m_update_scan_actions[22m | ProgressWhite.png[39m[0m
[  90% ] [90m[1m_update_scan_actions[22m | BackgroundBamboo.png[39m[0m
[  90% ] [90m[1m_update_scan_actions[22m | BackgroundFlask.png[39m[0m
[  90% ] [90m[1m_update_scan_actions[22m | BackgroundIron2.png[39m[0m
[  90% ] [90m[1m_update_scan_actions[22m | BackgroundIron.png[39m[0m
[  90% ] [90m[1m_update_scan_actions[22m | BackgroundMetal.png[39m[0m
[  90% ] [90m[1m_update_scan_actions[22m | BackgroundRed.png[39m[0m
[  90% ] [90m[1m_update_scan_actions[22m | BackgroundWood.png[39m[0m
[  90% ] [90m[1m_update_scan_actions[22m | Over.png[39m[0m
[  90% ] [90m[1m_update_scan_actions[22m | Preview.png[39m[0m
[  90% ] [90m[1m_update_scan_actions[22m | ProgressBlack.png[39m[0m
[  90% ] [90m[1m_update_scan_actions[22m | ProgressGreen.png[39m[0m
[  90% ] [90m[1m_update_scan_actions[22m | ProgressHealth.png[39m[0m
[  90% ] [90m[1m_update_scan_actions[22m | ProgressMana.png[39m[0m
[  90% ] [90m[1m_update_scan_actions[22m | ProgressPurple.png[39m[0m
[  90% ] [90m[1m_update_scan_actions[22m | ProgressWhite.png[39m[0m
[  90% ] [90m[1m_update_scan_actions[22m | ProgressYellow.png[39m[0m
[  90% ] [90m[1m_update_scan_actions[22m | Heart2.png[39m[0m
[  90% ] [90m[1m_update_scan_actions[22m | Heart3.png[39m[0m
[  90% ] [90m[1m_update_scan_actions[22m | Heart.png[39m[0m
[  90% ] [90m[1m_update_scan_actions[22m | IconHeart.png[39m[0m
[  91% ] [90m[1m_update_scan_actions[22m | LifeBarMiniProgress.png[39m[0m
[  91% ] [90m[1m_update_scan_actions[22m | LifeBarMiniUnder.png[39m[0m
[  91% ] [90m[1m_update_scan_actions[22m | Amulet.png[39m[0m
[  91% ] [90m[1m_update_scan_actions[22m | AmuletDisabled.png[39m[0m
[  91% ] [90m[1m_update_scan_actions[22m | Armor.png[39m[0m
[  91% ] [90m[1m_update_scan_actions[22m | ArmorDisabled.png[39m[0m
[  91% ] [90m[1m_update_scan_actions[22m | Arrow.png[39m[0m
[  91% ] [90m[1m_update_scan_actions[22m | ArrowDisabled.png[39m[0m
[  91% ] [90m[1m_update_scan_actions[22m | Boot.png[39m[0m
[  91% ] [90m[1m_update_scan_actions[22m | BootDisabled.png[39m[0m
[  91% ] [90m[1m_update_scan_actions[22m | Guard.png[39m[0m
[  91% ] [90m[1m_update_scan_actions[22m | GuardDisabled.png[39m[0m
[  91% ] [90m[1m_update_scan_actions[22m | Helmet.png[39m[0m
[  91% ] [90m[1m_update_scan_actions[22m | HelmetDisabled.png[39m[0m
[  91% ] [90m[1m_update_scan_actions[22m | Hook.png[39m[0m
[  91% ] [90m[1m_update_scan_actions[22m | HookDisabled.png[39m[0m
[  91% ] [90m[1m_update_scan_actions[22m | Kunai.png[39m[0m
[  91% ] [90m[1m_update_scan_actions[22m | KunaiDisabled.png[39m[0m
[  91% ] [90m[1m_update_scan_actions[22m | Money.png[39m[0m
[  91% ] [90m[1m_update_scan_actions[22m | MoneyDisabled.png[39m[0m
[  91% ] [90m[1m_update_scan_actions[22m | Ring.png[39m[0m
[  92% ] [90m[1m_update_scan_actions[22m | RingDisabled.png[39m[0m
[  92% ] [90m[1m_update_scan_actions[22m | Scroll.png[39m[0m
[  92% ] [90m[1m_update_scan_actions[22m | ScrollDisabled.png[39m[0m
[  92% ] [90m[1m_update_scan_actions[22m | Shuriken.png[39m[0m
[  92% ] [90m[1m_update_scan_actions[22m | ShurikenDisabled.png[39m[0m
[  92% ] [90m[1m_update_scan_actions[22m | Cook.png[39m[0m
[  92% ] [90m[1m_update_scan_actions[22m | CookDisabled.png[39m[0m
[  92% ] [90m[1m_update_scan_actions[22m | Dish.png[39m[0m
[  92% ] [90m[1m_update_scan_actions[22m | DishDisabled.png[39m[0m
[  92% ] [90m[1m_update_scan_actions[22m | Harvest.png[39m[0m
[  92% ] [90m[1m_update_scan_actions[22m | HarvestDisabled.png[39m[0m
[  92% ] [90m[1m_update_scan_actions[22m | Interact.png[39m[0m
[  92% ] [90m[1m_update_scan_actions[22m | InteractDisabled.png[39m[0m
[  92% ] [90m[1m_update_scan_actions[22m | Mine.png[39m[0m
[  92% ] [90m[1m_update_scan_actions[22m | MineDisabled.png[39m[0m
[  92% ] [90m[1m_update_scan_actions[22m | Plant.png[39m[0m
[  92% ] [90m[1m_update_scan_actions[22m | PlantDisabled.png[39m[0m
[  92% ] [90m[1m_update_scan_actions[22m | Potion.png[39m[0m
[  92% ] [90m[1m_update_scan_actions[22m | PotionDisabled.png[39m[0m
[  92% ] [90m[1m_update_scan_actions[22m | Punch.png[39m[0m
[  93% ] [90m[1m_update_scan_actions[22m | PunchDisabled.png[39m[0m
[  93% ] [90m[1m_update_scan_actions[22m | Repair.png[39m[0m
[  93% ] [90m[1m_update_scan_actions[22m | RepairDisabled.png[39m[0m
[  93% ] [90m[1m_update_scan_actions[22m | Sing.png[39m[0m
[  93% ] [90m[1m_update_scan_actions[22m | SingDisabled.png[39m[0m
[  93% ] [90m[1m_update_scan_actions[22m | Talk.png[39m[0m
[  93% ] [90m[1m_update_scan_actions[22m | TalkDisabled.png[39m[0m
[  93% ] [90m[1m_update_scan_actions[22m | Water.png[39m[0m
[  93% ] [90m[1m_update_scan_actions[22m | WaterDisabled.png[39m[0m
[  93% ] [90m[1m_update_scan_actions[22m | Moon.png[39m[0m
[  93% ] [90m[1m_update_scan_actions[22m | MoonDisabled.png[39m[0m
[  93% ] [90m[1m_update_scan_actions[22m | Rain.png[39m[0m
[  93% ] [90m[1m_update_scan_actions[22m | RainDisabled.png[39m[0m
[  93% ] [90m[1m_update_scan_actions[22m | Snow.png[39m[0m
[  93% ] [90m[1m_update_scan_actions[22m | SnowDisabled.png[39m[0m
[  93% ] [90m[1m_update_scan_actions[22m | Sun.png[39m[0m
[  93% ] [90m[1m_update_scan_actions[22m | SunDisabled.png[39m[0m
[  93% ] [90m[1m_update_scan_actions[22m | Alchemy.png[39m[0m
[  93% ] [90m[1m_update_scan_actions[22m | AlchemyDisabled.png[39m[0m
[  93% ] [90m[1m_update_scan_actions[22m | AttackUpgrade.png[39m[0m
[  93% ] [90m[1m_update_scan_actions[22m | AttackUpgradeDisabled.png[39m[0m
[  94% ] [90m[1m_update_scan_actions[22m | BookDarkness.png[39m[0m
[  94% ] [90m[1m_update_scan_actions[22m | BookDarknessDisabled.png[39m[0m
[  94% ] [90m[1m_update_scan_actions[22m | BookDeath.png[39m[0m
[  94% ] [90m[1m_update_scan_actions[22m | BookDeathDisabled.png[39m[0m
[  94% ] [90m[1m_update_scan_actions[22m | BookFire.png[39m[0m
[  94% ] [90m[1m_update_scan_actions[22m | BookFireDisabled.png[39m[0m
[  94% ] [90m[1m_update_scan_actions[22m | BookIce.png[39m[0m
[  94% ] [90m[1m_update_scan_actions[22m | BookIceDisabled.png[39m[0m
[  94% ] [90m[1m_update_scan_actions[22m | BookLight.png[39m[0m
[  94% ] [90m[1m_update_scan_actions[22m | BookLightDisabled.png[39m[0m
[  94% ] [90m[1m_update_scan_actions[22m | BookPlant.png[39m[0m
[  94% ] [90m[1m_update_scan_actions[22m | BookPlantDisabled.png[39m[0m
[  94% ] [90m[1m_update_scan_actions[22m | BookRock.png[39m[0m
[  94% ] [90m[1m_update_scan_actions[22m | BookRockDisabled.png[39m[0m
[  94% ] [90m[1m_update_scan_actions[22m | BookThunder.png[39m[0m
[  94% ] [90m[1m_update_scan_actions[22m | BookThunderDisabled.png[39m[0m
[  94% ] [90m[1m_update_scan_actions[22m | BookWind.png[39m[0m
[  94% ] [90m[1m_update_scan_actions[22m | BookWindDisabled.png[39m[0m
[  94% ] [90m[1m_update_scan_actions[22m | Camouflage.png[39m[0m
[  94% ] [90m[1m_update_scan_actions[22m | CamouflageDisabled.png[39m[0m
[  94% ] [90m[1m_update_scan_actions[22m | Counter.png[39m[0m
[  95% ] [90m[1m_update_scan_actions[22m | CounterDisabled.png[39m[0m
[  95% ] [90m[1m_update_scan_actions[22m | Cut.png[39m[0m
[  95% ] [90m[1m_update_scan_actions[22m | CutDisabled.png[39m[0m
[  95% ] [90m[1m_update_scan_actions[22m | Death.png[39m[0m
[  95% ] [90m[1m_update_scan_actions[22m | DeathDisabled.png[39m[0m
[  95% ] [90m[1m_update_scan_actions[22m | DefenseUpgrade.png[39m[0m
[  95% ] [90m[1m_update_scan_actions[22m | DefenseUpgradeDisabled.png[39m[0m
[  95% ] [90m[1m_update_scan_actions[22m | Downgrade.png[39m[0m
[  95% ] [90m[1m_update_scan_actions[22m | DowngradeDisabled.png[39m[0m
[  95% ] [90m[1m_update_scan_actions[22m | Explosion.png[39m[0m
[  95% ] [90m[1m_update_scan_actions[22m | ExplosionDisabled.png[39m[0m
[  95% ] [90m[1m_update_scan_actions[22m | Fireball.png[39m[0m
[  95% ] [90m[1m_update_scan_actions[22m | FireballDisabled.png[39m[0m
[  95% ] [90m[1m_update_scan_actions[22m | Heal.png[39m[0m
[  95% ] [90m[1m_update_scan_actions[22m | HealDisabled.png[39m[0m
[  95% ] [90m[1m_update_scan_actions[22m | LuckUpgrade.png[39m[0m
[  95% ] [90m[1m_update_scan_actions[22m | LuckUpgradeDisabled.png[39m[0m
[  95% ] [90m[1m_update_scan_actions[22m | MagicWeapon.png[39m[0m
[  95% ] [90m[1m_update_scan_actions[22m | MagicWeaponDisabled.png[39m[0m
[  95% ] [90m[1m_update_scan_actions[22m | Mist.png[39m[0m
[  95% ] [90m[1m_update_scan_actions[22m | MistDisabled.png[39m[0m
[  96% ] [90m[1m_update_scan_actions[22m | Necromancy.png[39m[0m
[  96% ] [90m[1m_update_scan_actions[22m | NecromancyDisabled.png[39m[0m
[  96% ] [90m[1m_update_scan_actions[22m | OrbDarkness.png[39m[0m
[  96% ] [90m[1m_update_scan_actions[22m | OrbDisabled.png[39m[0m
[  96% ] [90m[1m_update_scan_actions[22m | OrbFire.png[39m[0m
[  96% ] [90m[1m_update_scan_actions[22m | OrbLight.png[39m[0m
[  96% ] [90m[1m_update_scan_actions[22m | OrbPlant.png[39m[0m
[  96% ] [90m[1m_update_scan_actions[22m | OrbWater.png[39m[0m
[  96% ] [90m[1m_update_scan_actions[22m | Permutation.png[39m[0m
[  96% ] [90m[1m_update_scan_actions[22m | PermutationDisabled.png[39m[0m
[  96% ] [90m[1m_update_scan_actions[22m | RockSpike.png[39m[0m
[  96% ] [90m[1m_update_scan_actions[22m | RockSpikeDisabled.png[39m[0m
[  96% ] [90m[1m_update_scan_actions[22m | Upgrade.png[39m[0m
[  96% ] [90m[1m_update_scan_actions[22m | UpgradeDisabled.png[39m[0m
[  96% ] [90m[1m_update_scan_actions[22m | Vision.png[39m[0m
[  96% ] [90m[1m_update_scan_actions[22m | VisionDisabled.png[39m[0m
[  96% ] [90m[1m_update_scan_actions[22m | WaterCanon.png[39m[0m
[  96% ] [90m[1m_update_scan_actions[22m | WaterCanonDisabled.png[39m[0m
[  96% ] [90m[1m_update_scan_actions[22m | Preview.png[39m[0m
[  96% ] [90m[1m_update_scan_actions[22m | arrow_left.png[39m[0m
[  97% ] [90m[1m_update_scan_actions[22m | arrow_left_hover.png[39m[0m
[  97% ] [90m[1m_update_scan_actions[22m | arrow_right.png[39m[0m
[  97% ] [90m[1m_update_scan_actions[22m | arrow_right_hover.png[39m[0m
[  97% ] [90m[1m_update_scan_actions[22m | button_checked.png[39m[0m
[  97% ] [90m[1m_update_scan_actions[22m | button_checked_disabled.png[39m[0m
[  97% ] [90m[1m_update_scan_actions[22m | button_disabled.png[39m[0m
[  97% ] [90m[1m_update_scan_actions[22m | button_hover.png[39m[0m
[  97% ] [90m[1m_update_scan_actions[22m | button_normal.png[39m[0m
[  97% ] [90m[1m_update_scan_actions[22m | button_pressed.png[39m[0m
[  97% ] [90m[1m_update_scan_actions[22m | button_unchecked.png[39m[0m
[  97% ] [90m[1m_update_scan_actions[22m | button_unchecked_disabled.png[39m[0m
[  97% ] [90m[1m_update_scan_actions[22m | checked.png[39m[0m
[  97% ] [90m[1m_update_scan_actions[22m | checked_disabled.png[39m[0m
[  97% ] [90m[1m_update_scan_actions[22m | h_slidder_grabber.png[39m[0m
[  97% ] [90m[1m_update_scan_actions[22m | h_slidder_grabber_disabled.png[39m[0m
[  97% ] [90m[1m_update_scan_actions[22m | h_slidder_grabber_hover.png[39m[0m
[  97% ] [90m[1m_update_scan_actions[22m | inventory_cell.png[39m[0m
[  97% ] [90m[1m_update_scan_actions[22m | nine_path_bg.png[39m[0m
[  97% ] [90m[1m_update_scan_actions[22m | nine_path_bg_2.png[39m[0m
[  97% ] [90m[1m_update_scan_actions[22m | nine_path_focus.png[39m[0m
[  97% ] [90m[1m_update_scan_actions[22m | nine_path_panel.png[39m[0m
[  98% ] [90m[1m_update_scan_actions[22m | nine_path_panel_2.png[39m[0m
[  98% ] [90m[1m_update_scan_actions[22m | nine_path_panel_3.png[39m[0m
[  98% ] [90m[1m_update_scan_actions[22m | nine_path_panel_disabled.png[39m[0m
[  98% ] [90m[1m_update_scan_actions[22m | nine_path_panel_interior.png[39m[0m
[  98% ] [90m[1m_update_scan_actions[22m | radio_checked.png[39m[0m
[  98% ] [90m[1m_update_scan_actions[22m | radio_checked_disabled.png[39m[0m
[  98% ] [90m[1m_update_scan_actions[22m | radio_unchecked.png[39m[0m
[  98% ] [90m[1m_update_scan_actions[22m | radio_unchecked_disabled.png[39m[0m
[  98% ] [90m[1m_update_scan_actions[22m | slider_progress.png[39m[0m
[  98% ] [90m[1m_update_scan_actions[22m | slider_progress_hover.png[39m[0m
[  98% ] [90m[1m_update_scan_actions[22m | tab.png[39m[0m
[  98% ] [90m[1m_update_scan_actions[22m | tab_disabled.png[39m[0m
[  98% ] [90m[1m_update_scan_actions[22m | tab_hover.png[39m[0m
[  98% ] [90m[1m_update_scan_actions[22m | tab_selected.png[39m[0m
[  98% ] [90m[1m_update_scan_actions[22m | tab_unselected.png[39m[0m
[  98% ] [90m[1m_update_scan_actions[22m | unchecked.png[39m[0m
[  98% ] [90m[1m_update_scan_actions[22m | unchecked_disabled.png[39m[0m
[  98% ] [90m[1m_update_scan_actions[22m | v_slidder_grabber.png[39m[0m
[  98% ] [90m[1m_update_scan_actions[22m | v_slidder_grabber_disabled.png[39m[0m
[  98% ] [90m[1m_update_scan_actions[22m | v_slidder_grabber_hover.png[39m[0m
[  98% ] [90m[1m_update_scan_actions[22m | nine_path_panel.png[39m[0m
[  99% ] [90m[1m_update_scan_actions[22m | nine_path_panel.png[39m[0m
[  99% ] [90m[1m_update_scan_actions[22m | nine_path_panel.png[39m[0m
[  99% ] [90m[1m_update_scan_actions[22m | nine_path_panel.png[39m[0m
[  99% ] [90m[1m_update_scan_actions[22m | nine_path_panel.png[39m[0m
[  99% ] [90m[1m_update_scan_actions[22m | nine_path_panel.png[39m[0m
[  99% ] [90m[1m_update_scan_actions[22m | nine_path_panel.png[39m[0m
[  99% ] [90m[1m_update_scan_actions[22m | nine_path_panel.png[39m[0m
[  99% ] [90m[1m_update_scan_actions[22m | nine_path_panel.png[39m[0m
[  99% ] [90m[1m_update_scan_actions[22m | nine_path_panel.png[39m[0m
[  99% ] [90m[1m_update_scan_actions[22m | nine_path_panel.png[39m[0m
[  99% ] [90m[1m_update_scan_actions[22m | nine_path_panel.png[39m[0m
[  99% ] [90m[1m_update_scan_actions[22m | preview.png[39m[0m
[  99% ] [90m[1m_update_scan_actions[22m | Arrow.png[39m[0m
[  99% ] [90m[1m_update_scan_actions[22m | Example 5 ( Old Version).png[39m[0m
[  99% ] [90m[1m_update_scan_actions[22m | MusicCover.png[39m[0m
[  99% ] [90m[1m_update_scan_actions[22m | Palette.png[39m[0m
[  99% ] [90m[1m_update_scan_actions[22m | preview-part-1.png[39m[0m
[  99% ] [90m[1m_update_scan_actions[22m | preview-part-2.png[39m[0m
[  99% ] [90m[1m_update_scan_actions[22m | icon.svg[39m[0m
[92m[ DONE ][39m [1m_update_scan_actions[22m
[0m
[   0% ] [90m[1mreimport[22m | Started (Re)Importing Assets (2073 steps)[39m[0m
[   0% ] [90m[1mreimport[22m | Preparing files to reimport...[39m[0m
[   0% ] [90m[1mreimport[22m | Preparing files to reimport...[39m[0m
[   0% ] [90m[1mreimport[22m | Preparing files to reimport...[39m[0m
[   0% ] [90m[1mreimport[22m | Preparing files to reimport...[39m[0m
[   0% ] [90m[1mreimport[22m | Preparing files to reimport...[39m[0m
[   0% ] [90m[1mreimport[22m | Preparing files to reimport...[39m[0m
[   0% ] [90m[1mreimport[22m | Preparing files to reimport...[39m[0m
[   0% ] [90m[1mreimport[22m | Preparing files to reimport...[39m[0m
[   0% ] [90m[1mreimport[22m | Preparing files to reimport...[39m[0m
[   0% ] [90m[1mreimport[22m | Preparing files to reimport...[39m[0m
[   0% ] [90m[1mreimport[22m | Preparing files to reimport...[39m[0m
[   0% ] [90m[1mreimport[22m | Preparing files to reimport...[39m[0m
[   0% ] [90m[1mreimport[22m | Preparing files to reimport...[39m[0m
[   0% ] [90m[1mreimport[22m | Preparing files to reimport...[39m[0m
[   0% ] [90m[1mreimport[22m | Preparing files to reimport...[39m[0m
[   0% ] [90m[1mreimport[22m | Preparing files to reimport...[39m[0m
[   0% ] [90m[1mreimport[22m | Preparing files to reimport...[39m[0m
[   0% ] [90m[1mreimport[22m | Preparing files to reimport...[39m[0m
[   0% ] [90m[1mreimport[22m | Preparing files to reimport...[39m[0m
[   0% ] [90m[1mreimport[22m | Preparing files to reimport...[39m[0m
[   0% ] [90m[1mreimport[22m | Preparing files to reimport...[39m[0m
[   1% ] [90m[1mreimport[22m | Preparing files to reimport...[39m[0m
[   1% ] [90m[1mreimport[22m | Preparing files to reimport...[39m[0m
[   1% ] [90m[1mreimport[22m | Preparing files to reimport...[39m[0m
[   1% ] [90m[1mreimport[22m | Preparing files to reimport...[39m[0m
[   1% ] [90m[1mreimport[22m | Preparing files to reimport...[39m[0m
[   1% ] [90m[1mreimport[22m | Preparing files to reimport...[39m[0m
[   1% ] [90m[1mreimport[22m | Preparing files to reimport...[39m[0m
[   1% ] [90m[1mreimport[22m | Preparing files to reimport...[39m[0m
[   1% ] [90m[1mreimport[22m | Preparing files to reimport...[39m[0m
[   1% ] [90m[1mreimport[22m | Preparing files to reimport...[39m[0m
[   1% ] [90m[1mreimport[22m | Preparing files to reimport...[39m[0m
[   1% ] [90m[1mreimport[22m | Preparing files to reimport...[39m[0m
[   1% ] [90m[1mreimport[22m | Preparing files to reimport...[39m[0m
[   1% ] [90m[1mreimport[22m | Preparing files to reimport...[39m[0m
[   1% ] [90m[1mreimport[22m | Preparing files to reimport...[39m[0m
[   1% ] [90m[1mreimport[22m | Preparing files to reimport...[39m[0m
[   1% ] [90m[1mreimport[22m | Preparing files to reimport...[39m[0m
[   1% ] [90m[1mreimport[22m | Preparing files to reimport...[39m[0m
[   1% ] [90m[1mreimport[22m | Preparing files to reimport...[39m[0m
[   1% ] [90m[1mreimport[22m | Preparing files to reimport...[39m[0m
[   1% ] [90m[1mreimport[22m | Preparing files to reimport...[39m[0m
[   2% ] [90m[1mreimport[22m | Preparing files to reimport...[39m[0m
[   2% ] [90m[1mreimport[22m | Preparing files to reimport...[39m[0m
[   2% ] [90m[1mreimport[22m | Preparing files to reimport...[39m[0m
[   2% ] [90m[1mreimport[22m | Preparing files to reimport...[39m[0m
[   2% ] [90m[1mreimport[22m | Preparing files to reimport...[39m[0m
[   2% ] [90m[1mreimport[22m | Preparing files to reimport...[39m[0m
[   2% ] [90m[1mreimport[22m | Preparing files to reimport...[39m[0m
[   2% ] [90m[1mreimport[22m | Preparing files to reimport...[39m[0m
[   2% ] [90m[1mreimport[22m | Preparing files to reimport...[39m[0m
[   2% ] [90m[1mreimport[22m | Preparing files to reimport...[39m[0m
[   2% ] [90m[1mreimport[22m | Preparing files to reimport...[39m[0m
[   2% ] [90m[1mreimport[22m | Preparing files to reimport...[39m[0m
[   2% ] [90m[1mreimport[22m | Preparing files to reimport...[39m[0m
[   2% ] [90m[1mreimport[22m | Preparing files to reimport...[39m[0m
[   2% ] [90m[1mreimport[22m | Preparing files to reimport...[39m[0m
[   2% ] [90m[1mreimport[22m | Preparing files to reimport...[39m[0m
[   2% ] [90m[1mreimport[22m | Preparing files to reimport...[39m[0m
[   2% ] [90m[1mreimport[22m | Preparing files to reimport...[39m[0m
[   2% ] [90m[1mreimport[22m | Preparing files to reimport...[39m[0m
[   2% ] [90m[1mreimport[22m | Preparing files to reimport...[39m[0m
[   2% ] [90m[1mreimport[22m | Preparing files to reimport...[39m[0m
[   3% ] [90m[1mreimport[22m | Preparing files to reimport...[39m[0m
[   3% ] [90m[1mreimport[22m | Preparing files to reimport...[39m[0m
[   3% ] [90m[1mreimport[22m | Preparing files to reimport...[39m[0m
[   3% ] [90m[1mreimport[22m | Preparing files to reimport...[39m[0m
[   3% ] [90m[1mreimport[22m | Preparing files to reimport...[39m[0m
[   3% ] [90m[1mreimport[22m | Preparing files to reimport...[39m[0m
[   3% ] [90m[1mreimport[22m | Preparing files to reimport...[39m[0m
[   3% ] [90m[1mreimport[22m | Preparing files to reimport...[39m[0m
[   3% ] [90m[1mreimport[22m | Preparing files to reimport...[39m[0m
[   3% ] [90m[1mreimport[22m | Preparing files to reimport...[39m[0m
[   3% ] [90m[1mreimport[22m | Preparing files to reimport...[39m[0m
[   3% ] [90m[1mreimport[22m | Preparing files to reimport...[39m[0m
[   3% ] [90m[1mreimport[22m | Preparing files to reimport...[39m[0m
[   3% ] [90m[1mreimport[22m | Preparing files to reimport...[39m[0m
[   3% ] [90m[1mreimport[22m | Preparing files to reimport...[39m[0m
[   3% ] [90m[1mreimport[22m | Preparing files to reimport...[39m[0m
[   3% ] [90m[1mreimport[22m | Preparing files to reimport...[39m[0m
[   3% ] [90m[1mreimport[22m | Preparing files to reimport...[39m[0m
[   3% ] [90m[1mreimport[22m | Preparing files to reimport...[39m[0m
[   3% ] [90m[1mreimport[22m | Preparing files to reimport...[39m[0m
[   4% ] [90m[1mreimport[22m | Preparing files to reimport...[39m[0m
[   4% ] [90m[1mreimport[22m | Preparing files to reimport...[39m[0m
[   4% ] [90m[1mreimport[22m | Preparing files to reimport...[39m[0m
[   4% ] [90m[1mreimport[22m | Preparing files to reimport...[39m[0m
[   4% ] [90m[1mreimport[22m | Preparing files to reimport...[39m[0m
[   4% ] [90m[1mreimport[22m | Preparing files to reimport...[39m[0m
[   4% ] [90m[1mreimport[22m | Preparing files to reimport...[39m[0m
[   4% ] [90m[1mreimport[22m | Preparing files to reimport...[39m[0m
[   4% ] [90m[1mreimport[22m | Preparing files to reimport...[39m[0m
[   4% ] [90m[1mreimport[22m | Preparing files to reimport...[39m[0m
[   4% ] [90m[1mreimport[22m | Preparing files to reimport...[39m[0m
[   4% ] [90m[1mreimport[22m | Preparing files to reimport...[39m[0m
[   4% ] [90m[1mreimport[22m | Preparing files to reimport...[39m[0m
[   4% ] [90m[1mreimport[22m | Preparing files to reimport...[39m[0m
[   4% ] [90m[1mreimport[22m | Preparing files to reimport...[39m[0m
[   4% ] [90m[1mreimport[22m | Preparing files to reimport...[39m[0m
[   4% ] [90m[1mreimport[22m | Preparing files to reimport...[39m[0m
[   4% ] [90m[1mreimport[22m | Preparing files to reimport...[39m[0m
[   4% ] [90m[1mreimport[22m | Preparing files to reimport...[39m[0m
[   4% ] [90m[1mreimport[22m | Preparing files to reimport...[39m[0m
[   4% ] [90m[1mreimport[22m | Preparing files to reimport...[39m[0m
[   5% ] [90m[1mreimport[22m | Preparing files to reimport...[39m[0m
[   5% ] [90m[1mreimport[22m | Preparing files to reimport...[39m[0m
[   5% ] [90m[1mreimport[22m | Preparing files to reimport...[39m[0m
[   5% ] [90m[1mreimport[22m | Preparing files to reimport...[39m[0m
[   5% ] [90m[1mreimport[22m | Preparing files to reimport...[39m[0m
[   5% ] [90m[1mreimport[22m | Preparing files to reimport...[39m[0m
[   5% ] [90m[1mreimport[22m | Preparing files to reimport...[39m[0m
[   5% ] [90m[1mreimport[22m | Preparing files to reimport...[39m[0m
[   5% ] [90m[1mreimport[22m | Preparing files to reimport...[39m[0m
[   5% ] [90m[1mreimport[22m | Preparing files to reimport...[39m[0m
[   5% ] [90m[1mreimport[22m | Preparing files to reimport...[39m[0m
[   5% ] [90m[1mreimport[22m | Preparing files to reimport...[39m[0m
[   5% ] [90m[1mreimport[22m | Preparing files to reimport...[39m[0m
[   5% ] [90m[1mreimport[22m | Preparing files to reimport...[39m[0m
[   5% ] [90m[1mreimport[22m | Preparing files to reimport...[39m[0m
[   5% ] [90m[1mreimport[22m | Preparing files to reimport...[39m[0m
[   5% ] [90m[1mreimport[22m | Preparing files to reimport...[39m[0m
[   5% ] [90m[1mreimport[22m | Preparing files to reimport...[39m[0m
[   5% ] [90m[1mreimport[22m | Preparing files to reimport...[39m[0m
[   5% ] [90m[1mreimport[22m | Preparing files to reimport...[39m[0m
[   5% ] [90m[1mreimport[22m | Preparing files to reimport...[39m[0m
[   6% ] [90m[1mreimport[22m | Preparing files to reimport...[39m[0m
[   6% ] [90m[1mreimport[22m | Preparing files to reimport...[39m[0m
[   6% ] [90m[1mreimport[22m | Preparing files to reimport...[39m[0m
[   6% ] [90m[1mreimport[22m | Preparing files to reimport...[39m[0m
[   6% ] [90m[1mreimport[22m | Preparing files to reimport...[39m[0m
[   6% ] [90m[1mreimport[22m | Preparing files to reimport...[39m[0m
[   6% ] [90m[1mreimport[22m | Preparing files to reimport...[39m[0m
[   6% ] [90m[1mreimport[22m | Preparing files to reimport...[39m[0m
[   6% ] [90m[1mreimport[22m | Preparing files to reimport...[39m[0m
[   6% ] [90m[1mreimport[22m | Preparing files to reimport...[39m[0m
[   6% ] [90m[1mreimport[22m | Preparing files to reimport...[39m[0m
[   6% ] [90m[1mreimport[22m | Preparing files to reimport...[39m[0m
[   6% ] [90m[1mreimport[22m | Preparing files to reimport...[39m[0m
[   6% ] [90m[1mreimport[22m | Preparing files to reimport...[39m[0m
[   6% ] [90m[1mreimport[22m | Preparing files to reimport...[39m[0m
[   6% ] [90m[1mreimport[22m | Preparing files to reimport...[39m[0m
[   6% ] [90m[1mreimport[22m | Preparing files to reimport...[39m[0m
[   6% ] [90m[1mreimport[22m | Preparing files to reimport...[39m[0m
[   6% ] [90m[1mreimport[22m | Preparing files to reimport...[39m[0m
[   6% ] [90m[1mreimport[22m | Preparing files to reimport...[39m[0m
[   6% ] [90m[1mreimport[22m | Preparing files to reimport...[39m[0m
[   7% ] [90m[1mreimport[22m | Preparing files to reimport...[39m[0m
[   7% ] [90m[1mreimport[22m | Preparing files to reimport...[39m[0m
[   7% ] [90m[1mreimport[22m | Preparing files to reimport...[39m[0m
[   7% ] [90m[1mreimport[22m | Preparing files to reimport...[39m[0m
[   7% ] [90m[1mreimport[22m | Preparing files to reimport...[39m[0m
[   7% ] [90m[1mreimport[22m | Preparing files to reimport...[39m[0m
[   7% ] [90m[1mreimport[22m | Preparing files to reimport...[39m[0m
[   7% ] [90m[1mreimport[22m | Preparing files to reimport...[39m[0m
[   7% ] [90m[1mreimport[22m | Preparing files to reimport...[39m[0m
[   7% ] [90m[1mreimport[22m | Preparing files to reimport...[39m[0m
[   7% ] [90m[1mreimport[22m | Preparing files to reimport...[39m[0m
[   7% ] [90m[1mreimport[22m | Preparing files to reimport...[39m[0m
[   7% ] [90m[1mreimport[22m | Preparing files to reimport...[39m[0m
[   7% ] [90m[1mreimport[22m | Preparing files to reimport...[39m[0m
[   7% ] [90m[1mreimport[22m | Preparing files to reimport...[39m[0m
[   7% ] [90m[1mreimport[22m | Preparing files to reimport...[39m[0m
[   7% ] [90m[1mreimport[22m | Preparing files to reimport...[39m[0m
[   7% ] [90m[1mreimport[22m | Preparing files to reimport...[39m[0m
[   7% ] [90m[1mreimport[22m | Preparing files to reimport...[39m[0m
[   7% ] [90m[1mreimport[22m | Preparing files to reimport...[39m[0m
[   8% ] [90m[1mreimport[22m | Preparing files to reimport...[39m[0m
[   8% ] [90m[1mreimport[22m | Preparing files to reimport...[39m[0m
[   8% ] [90m[1mreimport[22m | Preparing files to reimport...[39m[0m
[   8% ] [90m[1mreimport[22m | Preparing files to reimport...[39m[0m
[   8% ] [90m[1mreimport[22m | Preparing files to reimport...[39m[0m
[   8% ] [90m[1mreimport[22m | Preparing files to reimport...[39m[0m
[   8% ] [90m[1mreimport[22m | Preparing files to reimport...[39m[0m
[   8% ] [90m[1mreimport[22m | Preparing files to reimport...[39m[0m
[   8% ] [90m[1mreimport[22m | Preparing files to reimport...[39m[0m
[   8% ] [90m[1mreimport[22m | Preparing files to reimport...[39m[0m
[   8% ] [90m[1mreimport[22m | Preparing files to reimport...[39m[0m
[   8% ] [90m[1mreimport[22m | Preparing files to reimport...[39m[0m
[   8% ] [90m[1mreimport[22m | Preparing files to reimport...[39m[0m
[   8% ] [90m[1mreimport[22m | Preparing files to reimport...[39m[0m
[   8% ] [90m[1mreimport[22m | Preparing files to reimport...[39m[0m
[   8% ] [90m[1mreimport[22m | Preparing files to reimport...[39m[0m
[   8% ] [90m[1mreimport[22m | Preparing files to reimport...[39m[0m
[   8% ] [90m[1mreimport[22m | Preparing files to reimport...[39m[0m
[   8% ] [90m[1mreimport[22m | Preparing files to reimport...[39m[0m
[   8% ] [90m[1mreimport[22m | Preparing files to reimport...[39m[0m
[   8% ] [90m[1mreimport[22m | Preparing files to reimport...[39m[0m
[   9% ] [90m[1mreimport[22m | Preparing files to reimport...[39m[0m
[   9% ] [90m[1mreimport[22m | Preparing files to reimport...[39m[0m
[   9% ] [90m[1mreimport[22m | Preparing files to reimport...[39m[0m
[   9% ] [90m[1mreimport[22m | Preparing files to reimport...[39m[0m
[   9% ] [90m[1mreimport[22m | Preparing files to reimport...[39m[0m
[   9% ] [90m[1mreimport[22m | Preparing files to reimport...[39m[0m
[   9% ] [90m[1mreimport[22m | Preparing files to reimport...[39m[0m
[   9% ] [90m[1mreimport[22m | Preparing files to reimport...[39m[0m
[   9% ] [90m[1mreimport[22m | Preparing files to reimport...[39m[0m
[   9% ] [90m[1mreimport[22m | Preparing files to reimport...[39m[0m
[   9% ] [90m[1mreimport[22m | Preparing files to reimport...[39m[0m
[   9% ] [90m[1mreimport[22m | Preparing files to reimport...[39m[0m
[   9% ] [90m[1mreimport[22m | Preparing files to reimport...[39m[0m
[   9% ] [90m[1mreimport[22m | Preparing files to reimport...[39m[0m
[   9% ] [90m[1mreimport[22m | Preparing files to reimport...[39m[0m
[   9% ] [90m[1mreimport[22m | Preparing files to reimport...[39m[0m
[   9% ] [90m[1mreimport[22m | Preparing files to reimport...[39m[0m
[   9% ] [90m[1mreimport[22m | Preparing files to reimport...[39m[0m
[   9% ] [90m[1mreimport[22m | Preparing files to reimport...[39m[0m
[   9% ] [90m[1mreimport[22m | Preparing files to reimport...[39m[0m
[   9% ] [90m[1mreimport[22m | Preparing files to reimport...[39m[0m
[  10% ] [90m[1mreimport[22m | Preparing files to reimport...[39m[0m
[  10% ] [90m[1mreimport[22m | Preparing files to reimport...[39m[0m
[  10% ] [90m[1mreimport[22m | Preparing files to reimport...[39m[0m
[  10% ] [90m[1mreimport[22m | Preparing files to reimport...[39m[0m
[  10% ] [90m[1mreimport[22m | Preparing files to reimport...[39m[0m
[  10% ] [90m[1mreimport[22m | Preparing files to reimport...[39m[0m
[  10% ] [90m[1mreimport[22m | Preparing files to reimport...[39m[0m
[  10% ] [90m[1mreimport[22m | Preparing files to reimport...[39m[0m
[  10% ] [90m[1mreimport[22m | Preparing files to reimport...[39m[0m
[  10% ] [90m[1mreimport[22m | Preparing files to reimport...[39m[0m
[  10% ] [90m[1mreimport[22m | Preparing files to reimport...[39m[0m
[  10% ] [90m[1mreimport[22m | Preparing files to reimport...[39m[0m
[  10% ] [90m[1mreimport[22m | Preparing files to reimport...[39m[0m
[  10% ] [90m[1mreimport[22m | Preparing files to reimport...[39m[0m
[  10% ] [90m[1mreimport[22m | Preparing files to reimport...[39m[0m
[  10% ] [90m[1mreimport[22m | Preparing files to reimport...[39m[0m
[  10% ] [90m[1mreimport[22m | Preparing files to reimport...[39m[0m
[  10% ] [90m[1mreimport[22m | Preparing files to reimport...[39m[0m
[  10% ] [90m[1mreimport[22m | Preparing files to reimport...[39m[0m
[  10% ] [90m[1mreimport[22m | Preparing files to reimport...[39m[0m
[  10% ] [90m[1mreimport[22m | Preparing files to reimport...[39m[0m
[  11% ] [90m[1mreimport[22m | Preparing files to reimport...[39m[0m
[  11% ] [90m[1mreimport[22m | Preparing files to reimport...[39m[0m
[  11% ] [90m[1mreimport[22m | Preparing files to reimport...[39m[0m
[  11% ] [90m[1mreimport[22m | Preparing files to reimport...[39m[0m
[  11% ] [90m[1mreimport[22m | Preparing files to reimport...[39m[0m
[  11% ] [90m[1mreimport[22m | Preparing files to reimport...[39m[0m
[  11% ] [90m[1mreimport[22m | Preparing files to reimport...[39m[0m
[  11% ] [90m[1mreimport[22m | Preparing files to reimport...[39m[0m
[  11% ] [90m[1mreimport[22m | Preparing files to reimport...[39m[0m
[  11% ] [90m[1mreimport[22m | Preparing files to reimport...[39m[0m
[  11% ] [90m[1mreimport[22m | Preparing files to reimport...[39m[0m
[  11% ] [90m[1mreimport[22m | Preparing files to reimport...[39m[0m
[  11% ] [90m[1mreimport[22m | Preparing files to reimport...[39m[0m
[  11% ] [90m[1mreimport[22m | Preparing files to reimport...[39m[0m
[  11% ] [90m[1mreimport[22m | Preparing files to reimport...[39m[0m
[  11% ] [90m[1mreimport[22m | Preparing files to reimport...[39m[0m
[  11% ] [90m[1mreimport[22m | Preparing files to reimport...[39m[0m
[  11% ] [90m[1mreimport[22m | Preparing files to reimport...[39m[0m
[  11% ] [90m[1mreimport[22m | Preparing files to reimport...[39m[0m
[  11% ] [90m[1mreimport[22m | Preparing files to reimport...[39m[0m
[  12% ] [90m[1mreimport[22m | Preparing files to reimport...[39m[0m
[  12% ] [90m[1mreimport[22m | Preparing files to reimport...[39m[0m
[  12% ] [90m[1mreimport[22m | Preparing files to reimport...[39m[0m
[  12% ] [90m[1mreimport[22m | Preparing files to reimport...[39m[0m
[  12% ] [90m[1mreimport[22m | Preparing files to reimport...[39m[0m
[  12% ] [90m[1mreimport[22m | Preparing files to reimport...[39m[0m
[  12% ] [90m[1mreimport[22m | Preparing files to reimport...[39m[0m
[  12% ] [90m[1mreimport[22m | Preparing files to reimport...[39m[0m
[  12% ] [90m[1mreimport[22m | Preparing files to reimport...[39m[0m
[  12% ] [90m[1mreimport[22m | Preparing files to reimport...[39m[0m
[  12% ] [90m[1mreimport[22m | Preparing files to reimport...[39m[0m
[  12% ] [90m[1mreimport[22m | Preparing files to reimport...[39m[0m
[  12% ] [90m[1mreimport[22m | Preparing files to reimport...[39m[0m
[  12% ] [90m[1mreimport[22m | Preparing files to reimport...[39m[0m
[  12% ] [90m[1mreimport[22m | Preparing files to reimport...[39m[0m
[  12% ] [90m[1mreimport[22m | Preparing files to reimport...[39m[0m
[  12% ] [90m[1mreimport[22m | Preparing files to reimport...[39m[0m
[  12% ] [90m[1mreimport[22m | Preparing files to reimport...[39m[0m
[  12% ] [90m[1mreimport[22m | Preparing files to reimport...[39m[0m
[  12% ] [90m[1mreimport[22m | Preparing files to reimport...[39m[0m
[  12% ] [90m[1mreimport[22m | Preparing files to reimport...[39m[0m
[  13% ] [90m[1mreimport[22m | Preparing files to reimport...[39m[0m
[  13% ] [90m[1mreimport[22m | Preparing files to reimport...[39m[0m
[  13% ] [90m[1mreimport[22m | Preparing files to reimport...[39m[0m
[  13% ] [90m[1mreimport[22m | Preparing files to reimport...[39m[0m
[  13% ] [90m[1mreimport[22m | Preparing files to reimport...[39m[0m
[  13% ] [90m[1mreimport[22m | Preparing files to reimport...[39m[0m
[  13% ] [90m[1mreimport[22m | Preparing files to reimport...[39m[0m
[  13% ] [90m[1mreimport[22m | Preparing files to reimport...[39m[0m
[  13% ] [90m[1mreimport[22m | Preparing files to reimport...[39m[0m
[  13% ] [90m[1mreimport[22m | Preparing files to reimport...[39m[0m
[  13% ] [90m[1mreimport[22m | Preparing files to reimport...[39m[0m
[  13% ] [90m[1mreimport[22m | Preparing files to reimport...[39m[0m
[  13% ] [90m[1mreimport[22m | Preparing files to reimport...[39m[0m
[  13% ] [90m[1mreimport[22m | Preparing files to reimport...[39m[0m
[  13% ] [90m[1mreimport[22m | Preparing files to reimport...[39m[0m
[  13% ] [90m[1mreimport[22m | Preparing files to reimport...[39m[0m
[  13% ] [90m[1mreimport[22m | Preparing files to reimport...[39m[0m
[  13% ] [90m[1mreimport[22m | Preparing files to reimport...[39m[0m
[  13% ] [90m[1mreimport[22m | Preparing files to reimport...[39m[0m
[  13% ] [90m[1mreimport[22m | Preparing files to reimport...[39m[0m
[  13% ] [90m[1mreimport[22m | Preparing files to reimport...[39m[0m
[  14% ] [90m[1mreimport[22m | Preparing files to reimport...[39m[0m
[  14% ] [90m[1mreimport[22m | Preparing files to reimport...[39m[0m
[  14% ] [90m[1mreimport[22m | Preparing files to reimport...[39m[0m
[  14% ] [90m[1mreimport[22m | Preparing files to reimport...[39m[0m
[  14% ] [90m[1mreimport[22m | Preparing files to reimport...[39m[0m
[  14% ] [90m[1mreimport[22m | Preparing files to reimport...[39m[0m
[  14% ] [90m[1mreimport[22m | Preparing files to reimport...[39m[0m
[  14% ] [90m[1mreimport[22m | Preparing files to reimport...[39m[0m
[  14% ] [90m[1mreimport[22m | Preparing files to reimport...[39m[0m
[  14% ] [90m[1mreimport[22m | Preparing files to reimport...[39m[0m
[  14% ] [90m[1mreimport[22m | Preparing files to reimport...[39m[0m
[  14% ] [90m[1mreimport[22m | Preparing files to reimport...[39m[0m
[  14% ] [90m[1mreimport[22m | Preparing files to reimport...[39m[0m
[  14% ] [90m[1mreimport[22m | Preparing files to reimport...[39m[0m
[  14% ] [90m[1mreimport[22m | Preparing files to reimport...[39m[0m
[  14% ] [90m[1mreimport[22m | Preparing files to reimport...[39m[0m
[  14% ] [90m[1mreimport[22m | Preparing files to reimport...[39m[0m
[  14% ] [90m[1mreimport[22m | Preparing files to reimport...[39m[0m
[  14% ] [90m[1mreimport[22m | Preparing files to reimport...[39m[0m
[  14% ] [90m[1mreimport[22m | Preparing files to reimport...[39m[0m
[  14% ] [90m[1mreimport[22m | Preparing files to reimport...[39m[0m
[  15% ] [90m[1mreimport[22m | Preparing files to reimport...[39m[0m
[  15% ] [90m[1mreimport[22m | Preparing files to reimport...[39m[0m
[  15% ] [90m[1mreimport[22m | Preparing files to reimport...[39m[0m
[  15% ] [90m[1mreimport[22m | Preparing files to reimport...[39m[0m
[  15% ] [90m[1mreimport[22m | Preparing files to reimport...[39m[0m
[  15% ] [90m[1mreimport[22m | Preparing files to reimport...[39m[0m
[  15% ] [90m[1mreimport[22m | Preparing files to reimport...[39m[0m
[  15% ] [90m[1mreimport[22m | Preparing files to reimport...[39m[0m
[  15% ] [90m[1mreimport[22m | Preparing files to reimport...[39m[0m
[  15% ] [90m[1mreimport[22m | Preparing files to reimport...[39m[0m
[  15% ] [90m[1mreimport[22m | Preparing files to reimport...[39m[0m
[  15% ] [90m[1mreimport[22m | Preparing files to reimport...[39m[0m
[  15% ] [90m[1mreimport[22m | Preparing files to reimport...[39m[0m
[  15% ] [90m[1mreimport[22m | Preparing files to reimport...[39m[0m
[  15% ] [90m[1mreimport[22m | Preparing files to reimport...[39m[0m
[  15% ] [90m[1mreimport[22m | Preparing files to reimport...[39m[0m
[  15% ] [90m[1mreimport[22m | Preparing files to reimport...[39m[0m
[  15% ] [90m[1mreimport[22m | Preparing files to reimport...[39m[0m
[  15% ] [90m[1mreimport[22m | Preparing files to reimport...[39m[0m
[  15% ] [90m[1mreimport[22m | Preparing files to reimport...[39m[0m
[  16% ] [90m[1mreimport[22m | Preparing files to reimport...[39m[0m
[  16% ] [90m[1mreimport[22m | Preparing files to reimport...[39m[0m
[  16% ] [90m[1mreimport[22m | Preparing files to reimport...[39m[0m
[  16% ] [90m[1mreimport[22m | Preparing files to reimport...[39m[0m
[  16% ] [90m[1mreimport[22m | Preparing files to reimport...[39m[0m
[  16% ] [90m[1mreimport[22m | Preparing files to reimport...[39m[0m
[  16% ] [90m[1mreimport[22m | Preparing files to reimport...[39m[0m
[  16% ] [90m[1mreimport[22m | Preparing files to reimport...[39m[0m
[  16% ] [90m[1mreimport[22m | Preparing files to reimport...[39m[0m
[  16% ] [90m[1mreimport[22m | Preparing files to reimport...[39m[0m
[  16% ] [90m[1mreimport[22m | Preparing files to reimport...[39m[0m
[  16% ] [90m[1mreimport[22m | Preparing files to reimport...[39m[0m
[  16% ] [90m[1mreimport[22m | Preparing files to reimport...[39m[0m
[  16% ] [90m[1mreimport[22m | Preparing files to reimport...[39m[0m
[  16% ] [90m[1mreimport[22m | Preparing files to reimport...[39m[0m
[  16% ] [90m[1mreimport[22m | Preparing files to reimport...[39m[0m
[  16% ] [90m[1mreimport[22m | Preparing files to reimport...[39m[0m
[  16% ] [90m[1mreimport[22m | Preparing files to reimport...[39m[0m
[  16% ] [90m[1mreimport[22m | Preparing files to reimport...[39m[0m
[  16% ] [90m[1mreimport[22m | Preparing files to reimport...[39m[0m
[  16% ] [90m[1mreimport[22m | Preparing files to reimport...[39m[0m
[  17% ] [90m[1mreimport[22m | Preparing files to reimport...[39m[0m
[  17% ] [90m[1mreimport[22m | Preparing files to reimport...[39m[0m
[  17% ] [90m[1mreimport[22m | Preparing files to reimport...[39m[0m
[  17% ] [90m[1mreimport[22m | Preparing files to reimport...[39m[0m
[  17% ] [90m[1mreimport[22m | Preparing files to reimport...[39m[0m
[  17% ] [90m[1mreimport[22m | Preparing files to reimport...[39m[0m
[  17% ] [90m[1mreimport[22m | Preparing files to reimport...[39m[0m
[  17% ] [90m[1mreimport[22m | Preparing files to reimport...[39m[0m
[  17% ] [90m[1mreimport[22m | Preparing files to reimport...[39m[0m
[  17% ] [90m[1mreimport[22m | Preparing files to reimport...[39m[0m
[  17% ] [90m[1mreimport[22m | Preparing files to reimport...[39m[0m
[  17% ] [90m[1mreimport[22m | Preparing files to reimport...[39m[0m
[  17% ] [90m[1mreimport[22m | Preparing files to reimport...[39m[0m
[  17% ] [90m[1mreimport[22m | Preparing files to reimport...[39m[0m
[  17% ] [90m[1mreimport[22m | Preparing files to reimport...[39m[0m
[  17% ] [90m[1mreimport[22m | Preparing files to reimport...[39m[0m
[  17% ] [90m[1mreimport[22m | Preparing files to reimport...[39m[0m
[  17% ] [90m[1mreimport[22m | Preparing files to reimport...[39m[0m
[  17% ] [90m[1mreimport[22m | Preparing files to reimport...[39m[0m
[  17% ] [90m[1mreimport[22m | Preparing files to reimport...[39m[0m
[  17% ] [90m[1mreimport[22m | Preparing files to reimport...[39m[0m
[  18% ] [90m[1mreimport[22m | Preparing files to reimport...[39m[0m
[  18% ] [90m[1mreimport[22m | Preparing files to reimport...[39m[0m
[  18% ] [90m[1mreimport[22m | Preparing files to reimport...[39m[0m
[  18% ] [90m[1mreimport[22m | Preparing files to reimport...[39m[0m
[  18% ] [90m[1mreimport[22m | Preparing files to reimport...[39m[0m
[  18% ] [90m[1mreimport[22m | Preparing files to reimport...[39m[0m
[  18% ] [90m[1mreimport[22m | Preparing files to reimport...[39m[0m
[  18% ] [90m[1mreimport[22m | Preparing files to reimport...[39m[0m
[  18% ] [90m[1mreimport[22m | Preparing files to reimport...[39m[0m
[  18% ] [90m[1mreimport[22m | Preparing files to reimport...[39m[0m
[  18% ] [90m[1mreimport[22m | Preparing files to reimport...[39m[0m
[  18% ] [90m[1mreimport[22m | Preparing files to reimport...[39m[0m
[  18% ] [90m[1mreimport[22m | Preparing files to reimport...[39m[0m
[  18% ] [90m[1mreimport[22m | Preparing files to reimport...[39m[0m
[  18% ] [90m[1mreimport[22m | Preparing files to reimport...[39m[0m
[  18% ] [90m[1mreimport[22m | Preparing files to reimport...[39m[0m
[  18% ] [90m[1mreimport[22m | Preparing files to reimport...[39m[0m
[  18% ] [90m[1mreimport[22m | Preparing files to reimport...[39m[0m
[  18% ] [90m[1mreimport[22m | Preparing files to reimport...[39m[0m
[  18% ] [90m[1mreimport[22m | Preparing files to reimport...[39m[0m
[  18% ] [90m[1mreimport[22m | Preparing files to reimport...[39m[0m
[  19% ] [90m[1mreimport[22m | Preparing files to reimport...[39m[0m
[  19% ] [90m[1mreimport[22m | Preparing files to reimport...[39m[0m
[  19% ] [90m[1mreimport[22m | Preparing files to reimport...[39m[0m
[  19% ] [90m[1mreimport[22m | Preparing files to reimport...[39m[0m
[  19% ] [90m[1mreimport[22m | Preparing files to reimport...[39m[0m
[  19% ] [90m[1mreimport[22m | Preparing files to reimport...[39m[0m
[  19% ] [90m[1mreimport[22m | Preparing files to reimport...[39m[0m
[  19% ] [90m[1mreimport[22m | Preparing files to reimport...[39m[0m
[  19% ] [90m[1mreimport[22m | Preparing files to reimport...[39m[0m
[  19% ] [90m[1mreimport[22m | Preparing files to reimport...[39m[0m
[  19% ] [90m[1mreimport[22m | Preparing files to reimport...[39m[0m
[  19% ] [90m[1mreimport[22m | Preparing files to reimport...[39m[0m
[  19% ] [90m[1mreimport[22m | Preparing files to reimport...[39m[0m
[  19% ] [90m[1mreimport[22m | Preparing files to reimport...[39m[0m
[  19% ] [90m[1mreimport[22m | Preparing files to reimport...[39m[0m
[  19% ] [90m[1mreimport[22m | Preparing files to reimport...[39m[0m
[  19% ] [90m[1mreimport[22m | Preparing files to reimport...[39m[0m
[  19% ] [90m[1mreimport[22m | Preparing files to reimport...[39m[0m
[  19% ] [90m[1mreimport[22m | Preparing files to reimport...[39m[0m
[  19% ] [90m[1mreimport[22m | Preparing files to reimport...[39m[0m
[  20% ] [90m[1mreimport[22m | Preparing files to reimport...[39m[0m
[  20% ] [90m[1mreimport[22m | Preparing files to reimport...[39m[0m
[  20% ] [90m[1mreimport[22m | Preparing files to reimport...[39m[0m
[  20% ] [90m[1mreimport[22m | Preparing files to reimport...[39m[0m
[  20% ] [90m[1mreimport[22m | Preparing files to reimport...[39m[0m
[  20% ] [90m[1mreimport[22m | Preparing files to reimport...[39m[0m
[  20% ] [90m[1mreimport[22m | Preparing files to reimport...[39m[0m
[  20% ] [90m[1mreimport[22m | Preparing files to reimport...[39m[0m
[  20% ] [90m[1mreimport[22m | Preparing files to reimport...[39m[0m
[  20% ] [90m[1mreimport[22m | Preparing files to reimport...[39m[0m
[  20% ] [90m[1mreimport[22m | Preparing files to reimport...[39m[0m
[  20% ] [90m[1mreimport[22m | Preparing files to reimport...[39m[0m
[  20% ] [90m[1mreimport[22m | Preparing files to reimport...[39m[0m
[  20% ] [90m[1mreimport[22m | Preparing files to reimport...[39m[0m
[  20% ] [90m[1mreimport[22m | Preparing files to reimport...[39m[0m
[  20% ] [90m[1mreimport[22m | Preparing files to reimport...[39m[0m
[  20% ] [90m[1mreimport[22m | Preparing files to reimport...[39m[0m
[  20% ] [90m[1mreimport[22m | Preparing files to reimport...[39m[0m
[  20% ] [90m[1mreimport[22m | Preparing files to reimport...[39m[0m
[  20% ] [90m[1mreimport[22m | Preparing files to reimport...[39m[0m
[  20% ] [90m[1mreimport[22m | Preparing files to reimport...[39m[0m
[  21% ] [90m[1mreimport[22m | Preparing files to reimport...[39m[0m
[  21% ] [90m[1mreimport[22m | Preparing files to reimport...[39m[0m
[  21% ] [90m[1mreimport[22m | Preparing files to reimport...[39m[0m
[  21% ] [90m[1mreimport[22m | Preparing files to reimport...[39m[0m
[  21% ] [90m[1mreimport[22m | Preparing files to reimport...[39m[0m
[  21% ] [90m[1mreimport[22m | Preparing files to reimport...[39m[0m
[  21% ] [90m[1mreimport[22m | Preparing files to reimport...[39m[0m
[  21% ] [90m[1mreimport[22m | Preparing files to reimport...[39m[0m
[  21% ] [90m[1mreimport[22m | Preparing files to reimport...[39m[0m
[  21% ] [90m[1mreimport[22m | Preparing files to reimport...[39m[0m
[  21% ] [90m[1mreimport[22m | Preparing files to reimport...[39m[0m
[  21% ] [90m[1mreimport[22m | Preparing files to reimport...[39m[0m
[  21% ] [90m[1mreimport[22m | Preparing files to reimport...[39m[0m
[  21% ] [90m[1mreimport[22m | Preparing files to reimport...[39m[0m
[  21% ] [90m[1mreimport[22m | Preparing files to reimport...[39m[0m
[  21% ] [90m[1mreimport[22m | Preparing files to reimport...[39m[0m
[  21% ] [90m[1mreimport[22m | Preparing files to reimport...[39m[0m
[  21% ] [90m[1mreimport[22m | Preparing files to reimport...[39m[0m
[  21% ] [90m[1mreimport[22m | Preparing files to reimport...[39m[0m
[  21% ] [90m[1mreimport[22m | Preparing files to reimport...[39m[0m
[  21% ] [90m[1mreimport[22m | Preparing files to reimport...[39m[0m
[  22% ] [90m[1mreimport[22m | Preparing files to reimport...[39m[0m
[  22% ] [90m[1mreimport[22m | Preparing files to reimport...[39m[0m
[  22% ] [90m[1mreimport[22m | Preparing files to reimport...[39m[0m
[  22% ] [90m[1mreimport[22m | Preparing files to reimport...[39m[0m
[  22% ] [90m[1mreimport[22m | Preparing files to reimport...[39m[0m
[  22% ] [90m[1mreimport[22m | Preparing files to reimport...[39m[0m
[  22% ] [90m[1mreimport[22m | Preparing files to reimport...[39m[0m
[  22% ] [90m[1mreimport[22m | Preparing files to reimport...[39m[0m
[  22% ] [90m[1mreimport[22m | Preparing files to reimport...[39m[0m
[  22% ] [90m[1mreimport[22m | Preparing files to reimport...[39m[0m
[  22% ] [90m[1mreimport[22m | Preparing files to reimport...[39m[0m
[  22% ] [90m[1mreimport[22m | Preparing files to reimport...[39m[0m
[  22% ] [90m[1mreimport[22m | Preparing files to reimport...[39m[0m
[  22% ] [90m[1mreimport[22m | Preparing files to reimport...[39m[0m
[  22% ] [90m[1mreimport[22m | Preparing files to reimport...[39m[0m
[  22% ] [90m[1mreimport[22m | Preparing files to reimport...[39m[0m
[  22% ] [90m[1mreimport[22m | Preparing files to reimport...[39m[0m
[  22% ] [90m[1mreimport[22m | Preparing files to reimport...[39m[0m
[  22% ] [90m[1mreimport[22m | Preparing files to reimport...[39m[0m
[  22% ] [90m[1mreimport[22m | Preparing files to reimport...[39m[0m
[  22% ] [90m[1mreimport[22m | Preparing files to reimport...[39m[0m
[  23% ] [90m[1mreimport[22m | Preparing files to reimport...[39m[0m
[  23% ] [90m[1mreimport[22m | Preparing files to reimport...[39m[0m
[  23% ] [90m[1mreimport[22m | Preparing files to reimport...[39m[0m
[  23% ] [90m[1mreimport[22m | Preparing files to reimport...[39m[0m
[  23% ] [90m[1mreimport[22m | Preparing files to reimport...[39m[0m
[  23% ] [90m[1mreimport[22m | Preparing files to reimport...[39m[0m
[  23% ] [90m[1mreimport[22m | Preparing files to reimport...[39m[0m
[  23% ] [90m[1mreimport[22m | Preparing files to reimport...[39m[0m
[  23% ] [90m[1mreimport[22m | Preparing files to reimport...[39m[0m
[  23% ] [90m[1mreimport[22m | Preparing files to reimport...[39m[0m
[  23% ] [90m[1mreimport[22m | Preparing files to reimport...[39m[0m
[  23% ] [90m[1mreimport[22m | Preparing files to reimport...[39m[0m
[  23% ] [90m[1mreimport[22m | Preparing files to reimport...[39m[0m
[  23% ] [90m[1mreimport[22m | Preparing files to reimport...[39m[0m
[  23% ] [90m[1mreimport[22m | Preparing files to reimport...[39m[0m
[  23% ] [90m[1mreimport[22m | Preparing files to reimport...[39m[0m
[  23% ] [90m[1mreimport[22m | Preparing files to reimport...[39m[0m
[  23% ] [90m[1mreimport[22m | Preparing files to reimport...[39m[0m
[  23% ] [90m[1mreimport[22m | Preparing files to reimport...[39m[0m
[  23% ] [90m[1mreimport[22m | Preparing files to reimport...[39m[0m
[  24% ] [90m[1mreimport[22m | Preparing files to reimport...[39m[0m
[  24% ] [90m[1mreimport[22m | Preparing files to reimport...[39m[0m
[  24% ] [90m[1mreimport[22m | Preparing files to reimport...[39m[0m
[  24% ] [90m[1mreimport[22m | Preparing files to reimport...[39m[0m
[  24% ] [90m[1mreimport[22m | Preparing files to reimport...[39m[0m
[  24% ] [90m[1mreimport[22m | Preparing files to reimport...[39m[0m
[  24% ] [90m[1mreimport[22m | Preparing files to reimport...[39m[0m
[  24% ] [90m[1mreimport[22m | Preparing files to reimport...[39m[0m
[  24% ] [90m[1mreimport[22m | Preparing files to reimport...[39m[0m
[  24% ] [90m[1mreimport[22m | Preparing files to reimport...[39m[0m
[  24% ] [90m[1mreimport[22m | Preparing files to reimport...[39m[0m
[  24% ] [90m[1mreimport[22m | Preparing files to reimport...[39m[0m
[  24% ] [90m[1mreimport[22m | Preparing files to reimport...[39m[0m
[  24% ] [90m[1mreimport[22m | Preparing files to reimport...[39m[0m
[  24% ] [90m[1mreimport[22m | Preparing files to reimport...[39m[0m
[  24% ] [90m[1mreimport[22m | Preparing files to reimport...[39m[0m
[  24% ] [90m[1mreimport[22m | Preparing files to reimport...[39m[0m
[  24% ] [90m[1mreimport[22m | Preparing files to reimport...[39m[0m
[  24% ] [90m[1mreimport[22m | Preparing files to reimport...[39m[0m
[  24% ] [90m[1mreimport[22m | Preparing files to reimport...[39m[0m
[  24% ] [90m[1mreimport[22m | Preparing files to reimport...[39m[0m
[  25% ] [90m[1mreimport[22m | Preparing files to reimport...[39m[0m
[  25% ] [90m[1mreimport[22m | Preparing files to reimport...[39m[0m
[  25% ] [90m[1mreimport[22m | Preparing files to reimport...[39m[0m
[  25% ] [90m[1mreimport[22m | Preparing files to reimport...[39m[0m
[  25% ] [90m[1mreimport[22m | Preparing files to reimport...[39m[0m
[  25% ] [90m[1mreimport[22m | Preparing files to reimport...[39m[0m
[  25% ] [90m[1mreimport[22m | Preparing files to reimport...[39m[0m
[  25% ] [90m[1mreimport[22m | Preparing files to reimport...[39m[0m
[  25% ] [90m[1mreimport[22m | Preparing files to reimport...[39m[0m
[  25% ] [90m[1mreimport[22m | Preparing files to reimport...[39m[0m
[  25% ] [90m[1mreimport[22m | Preparing files to reimport...[39m[0m
[  25% ] [90m[1mreimport[22m | Preparing files to reimport...[39m[0m
[  25% ] [90m[1mreimport[22m | Preparing files to reimport...[39m[0m
[  25% ] [90m[1mreimport[22m | Preparing files to reimport...[39m[0m
[  25% ] [90m[1mreimport[22m | Preparing files to reimport...[39m[0m
[  25% ] [90m[1mreimport[22m | Preparing files to reimport...[39m[0m
[  25% ] [90m[1mreimport[22m | Preparing files to reimport...[39m[0m
[  25% ] [90m[1mreimport[22m | Preparing files to reimport...[39m[0m
[  25% ] [90m[1mreimport[22m | Preparing files to reimport...[39m[0m
[  25% ] [90m[1mreimport[22m | Preparing files to reimport...[39m[0m
[  25% ] [90m[1mreimport[22m | Preparing files to reimport...[39m[0m
[  26% ] [90m[1mreimport[22m | Preparing files to reimport...[39m[0m
[  26% ] [90m[1mreimport[22m | Preparing files to reimport...[39m[0m
[  26% ] [90m[1mreimport[22m | Preparing files to reimport...[39m[0m
[  26% ] [90m[1mreimport[22m | Preparing files to reimport...[39m[0m
[  26% ] [90m[1mreimport[22m | Preparing files to reimport...[39m[0m
[  26% ] [90m[1mreimport[22m | Preparing files to reimport...[39m[0m
[  26% ] [90m[1mreimport[22m | Preparing files to reimport...[39m[0m
[  26% ] [90m[1mreimport[22m | Preparing files to reimport...[39m[0m
[  26% ] [90m[1mreimport[22m | Preparing files to reimport...[39m[0m
[  26% ] [90m[1mreimport[22m | Preparing files to reimport...[39m[0m
[  26% ] [90m[1mreimport[22m | Preparing files to reimport...[39m[0m
[  26% ] [90m[1mreimport[22m | Preparing files to reimport...[39m[0m
[  26% ] [90m[1mreimport[22m | Preparing files to reimport...[39m[0m
[  26% ] [90m[1mreimport[22m | Preparing files to reimport...[39m[0m
[  26% ] [90m[1mreimport[22m | Preparing files to reimport...[39m[0m
[  26% ] [90m[1mreimport[22m | Preparing files to reimport...[39m[0m
[  26% ] [90m[1mreimport[22m | Preparing files to reimport...[39m[0m
[  26% ] [90m[1mreimport[22m | Preparing files to reimport...[39m[0m
[  26% ] [90m[1mreimport[22m | Preparing files to reimport...[39m[0m
[  26% ] [90m[1mreimport[22m | Preparing files to reimport...[39m[0m
[  27% ] [90m[1mreimport[22m | Preparing files to reimport...[39m[0m
[  27% ] [90m[1mreimport[22m | Preparing files to reimport...[39m[0m
[  27% ] [90m[1mreimport[22m | Preparing files to reimport...[39m[0m
[  27% ] [90m[1mreimport[22m | Preparing files to reimport...[39m[0m
[  27% ] [90m[1mreimport[22m | Preparing files to reimport...[39m[0m
[  27% ] [90m[1mreimport[22m | Preparing files to reimport...[39m[0m
[  27% ] [90m[1mreimport[22m | Preparing files to reimport...[39m[0m
[  27% ] [90m[1mreimport[22m | Preparing files to reimport...[39m[0m
[  27% ] [90m[1mreimport[22m | Preparing files to reimport...[39m[0m
[  27% ] [90m[1mreimport[22m | Preparing files to reimport...[39m[0m
[  27% ] [90m[1mreimport[22m | Preparing files to reimport...[39m[0m
[  27% ] [90m[1mreimport[22m | Preparing files to reimport...[39m[0m
[  27% ] [90m[1mreimport[22m | Preparing files to reimport...[39m[0m
[  27% ] [90m[1mreimport[22m | Preparing files to reimport...[39m[0m
[  27% ] [90m[1mreimport[22m | Preparing files to reimport...[39m[0m
[  27% ] [90m[1mreimport[22m | Preparing files to reimport...[39m[0m
[  27% ] [90m[1mreimport[22m | Preparing files to reimport...[39m[0m
[  27% ] [90m[1mreimport[22m | Preparing files to reimport...[39m[0m
[  27% ] [90m[1mreimport[22m | Preparing files to reimport...[39m[0m
[  27% ] [90m[1mreimport[22m | Preparing files to reimport...[39m[0m
[  27% ] [90m[1mreimport[22m | Preparing files to reimport...[39m[0m
[  28% ] [90m[1mreimport[22m | Preparing files to reimport...[39m[0m
[  28% ] [90m[1mreimport[22m | Preparing files to reimport...[39m[0m
[  28% ] [90m[1mreimport[22m | Preparing files to reimport...[39m[0m
[  28% ] [90m[1mreimport[22m | Preparing files to reimport...[39m[0m
[  28% ] [90m[1mreimport[22m | Preparing files to reimport...[39m[0m
[  28% ] [90m[1mreimport[22m | Preparing files to reimport...[39m[0m
[  28% ] [90m[1mreimport[22m | Preparing files to reimport...[39m[0m
[  28% ] [90m[1mreimport[22m | Preparing files to reimport...[39m[0m
[  28% ] [90m[1mreimport[22m | Preparing files to reimport...[39m[0m
[  28% ] [90m[1mreimport[22m | Preparing files to reimport...[39m[0m
[  28% ] [90m[1mreimport[22m | Preparing files to reimport...[39m[0m
[  28% ] [90m[1mreimport[22m | Preparing files to reimport...[39m[0m
[  28% ] [90m[1mreimport[22m | Preparing files to reimport...[39m[0m
[  28% ] [90m[1mreimport[22m | Preparing files to reimport...[39m[0m
[  28% ] [90m[1mreimport[22m | Preparing files to reimport...[39m[0m
[  28% ] [90m[1mreimport[22m | Preparing files to reimport...[39m[0m
[  28% ] [90m[1mreimport[22m | Preparing files to reimport...[39m[0m
[  28% ] [90m[1mreimport[22m | Preparing files to reimport...[39m[0m
[  28% ] [90m[1mreimport[22m | Preparing files to reimport...[39m[0m
[  28% ] [90m[1mreimport[22m | Preparing files to reimport...[39m[0m
[  28% ] [90m[1mreimport[22m | Preparing files to reimport...[39m[0m
[  29% ] [90m[1mreimport[22m | Preparing files to reimport...[39m[0m
[  29% ] [90m[1mreimport[22m | Preparing files to reimport...[39m[0m
[  29% ] [90m[1mreimport[22m | Preparing files to reimport...[39m[0m
[  29% ] [90m[1mreimport[22m | Preparing files to reimport...[39m[0m
[  29% ] [90m[1mreimport[22m | Preparing files to reimport...[39m[0m
[  29% ] [90m[1mreimport[22m | Preparing files to reimport...[39m[0m
[  29% ] [90m[1mreimport[22m | Preparing files to reimport...[39m[0m
[  29% ] [90m[1mreimport[22m | Preparing files to reimport...[39m[0m
[  29% ] [90m[1mreimport[22m | Preparing files to reimport...[39m[0m
[  29% ] [90m[1mreimport[22m | Preparing files to reimport...[39m[0m
[  29% ] [90m[1mreimport[22m | Preparing files to reimport...[39m[0m
[  29% ] [90m[1mreimport[22m | Preparing files to reimport...[39m[0m
[  29% ] [90m[1mreimport[22m | Preparing files to reimport...[39m[0m
[  29% ] [90m[1mreimport[22m | Preparing files to reimport...[39m[0m
[  29% ] [90m[1mreimport[22m | Preparing files to reimport...[39m[0m
[  29% ] [90m[1mreimport[22m | Preparing files to reimport...[39m[0m
[  29% ] [90m[1mreimport[22m | Preparing files to reimport...[39m[0m
[  29% ] [90m[1mreimport[22m | Preparing files to reimport...[39m[0m
[  29% ] [90m[1mreimport[22m | Preparing files to reimport...[39m[0m
[  29% ] [90m[1mreimport[22m | Preparing files to reimport...[39m[0m
[  29% ] [90m[1mreimport[22m | Preparing files to reimport...[39m[0m
[  30% ] [90m[1mreimport[22m | Preparing files to reimport...[39m[0m
[  30% ] [90m[1mreimport[22m | Preparing files to reimport...[39m[0m
[  30% ] [90m[1mreimport[22m | Preparing files to reimport...[39m[0m
[  30% ] [90m[1mreimport[22m | Preparing files to reimport...[39m[0m
[  30% ] [90m[1mreimport[22m | Preparing files to reimport...[39m[0m
[  30% ] [90m[1mreimport[22m | Preparing files to reimport...[39m[0m
[  30% ] [90m[1mreimport[22m | Preparing files to reimport...[39m[0m
[  30% ] [90m[1mreimport[22m | Preparing files to reimport...[39m[0m
[  30% ] [90m[1mreimport[22m | Preparing files to reimport...[39m[0m
[  30% ] [90m[1mreimport[22m | Preparing files to reimport...[39m[0m
[  30% ] [90m[1mreimport[22m | Preparing files to reimport...[39m[0m
[  30% ] [90m[1mreimport[22m | Preparing files to reimport...[39m[0m
[  30% ] [90m[1mreimport[22m | Preparing files to reimport...[39m[0m
[  30% ] [90m[1mreimport[22m | Preparing files to reimport...[39m[0m
[  30% ] [90m[1mreimport[22m | Preparing files to reimport...[39m[0m
[  30% ] [90m[1mreimport[22m | Preparing files to reimport...[39m[0m
[  30% ] [90m[1mreimport[22m | Preparing files to reimport...[39m[0m
[  30% ] [90m[1mreimport[22m | Preparing files to reimport...[39m[0m
[  30% ] [90m[1mreimport[22m | Preparing files to reimport...[39m[0m
[  30% ] [90m[1mreimport[22m | Preparing files to reimport...[39m[0m
[  31% ] [90m[1mreimport[22m | Preparing files to reimport...[39m[0m
[  31% ] [90m[1mreimport[22m | Preparing files to reimport...[39m[0m
[  31% ] [90m[1mreimport[22m | Preparing files to reimport...[39m[0m
[  31% ] [90m[1mreimport[22m | Preparing files to reimport...[39m[0m
[  31% ] [90m[1mreimport[22m | Preparing files to reimport...[39m[0m
[  31% ] [90m[1mreimport[22m | Preparing files to reimport...[39m[0m
[  31% ] [90m[1mreimport[22m | Preparing files to reimport...[39m[0m
[  31% ] [90m[1mreimport[22m | Preparing files to reimport...[39m[0m
[  31% ] [90m[1mreimport[22m | Preparing files to reimport...[39m[0m
[  31% ] [90m[1mreimport[22m | Preparing files to reimport...[39m[0m
[  31% ] [90m[1mreimport[22m | Preparing files to reimport...[39m[0m
[  31% ] [90m[1mreimport[22m | Preparing files to reimport...[39m[0m
[  31% ] [90m[1mreimport[22m | Preparing files to reimport...[39m[0m
[  31% ] [90m[1mreimport[22m | Preparing files to reimport...[39m[0m
[  31% ] [90m[1mreimport[22m | Preparing files to reimport...[39m[0m
[  31% ] [90m[1mreimport[22m | Preparing files to reimport...[39m[0m
[  31% ] [90m[1mreimport[22m | Preparing files to reimport...[39m[0m
[  31% ] [90m[1mreimport[22m | Preparing files to reimport...[39m[0m
[  31% ] [90m[1mreimport[22m | Preparing files to reimport...[39m[0m
[  31% ] [90m[1mreimport[22m | Preparing files to reimport...[39m[0m
[  31% ] [90m[1mreimport[22m | Preparing files to reimport...[39m[0m
[  32% ] [90m[1mreimport[22m | Preparing files to reimport...[39m[0m
[  32% ] [90m[1mreimport[22m | Preparing files to reimport...[39m[0m
[  32% ] [90m[1mreimport[22m | Preparing files to reimport...[39m[0m
[  32% ] [90m[1mreimport[22m | Preparing files to reimport...[39m[0m
[  32% ] [90m[1mreimport[22m | Preparing files to reimport...[39m[0m
[  32% ] [90m[1mreimport[22m | Preparing files to reimport...[39m[0m
[  32% ] [90m[1mreimport[22m | Preparing files to reimport...[39m[0m
[  32% ] [90m[1mreimport[22m | Preparing files to reimport...[39m[0m
[  32% ] [90m[1mreimport[22m | Preparing files to reimport...[39m[0m
[  32% ] [90m[1mreimport[22m | Preparing files to reimport...[39m[0m
[  32% ] [90m[1mreimport[22m | Preparing files to reimport...[39m[0m
[  32% ] [90m[1mreimport[22m | Preparing files to reimport...[39m[0m
[  32% ] [90m[1mreimport[22m | Preparing files to reimport...[39m[0m
[  32% ] [90m[1mreimport[22m | Preparing files to reimport...[39m[0m
[  32% ] [90m[1mreimport[22m | Preparing files to reimport...[39m[0m
[  32% ] [90m[1mreimport[22m | Preparing files to reimport...[39m[0m
[  32% ] [90m[1mreimport[22m | Preparing files to reimport...[39m[0m
[  32% ] [90m[1mreimport[22m | Preparing files to reimport...[39m[0m
[  32% ] [90m[1mreimport[22m | Preparing files to reimport...[39m[0m
[  32% ] [90m[1mreimport[22m | Preparing files to reimport...[39m[0m
[  32% ] [90m[1mreimport[22m | Preparing files to reimport...[39m[0m
[  33% ] [90m[1mreimport[22m | Preparing files to reimport...[39m[0m
[  33% ] [90m[1mreimport[22m | Preparing files to reimport...[39m[0m
[  33% ] [90m[1mreimport[22m | Preparing files to reimport...[39m[0m
[  33% ] [90m[1mreimport[22m | Preparing files to reimport...[39m[0m
[  33% ] [90m[1mreimport[22m | Preparing files to reimport...[39m[0m
[  33% ] [90m[1mreimport[22m | Preparing files to reimport...[39m[0m
[  33% ] [90m[1mreimport[22m | Preparing files to reimport...[39m[0m
[  33% ] [90m[1mreimport[22m | Preparing files to reimport...[39m[0m
[  33% ] [90m[1mreimport[22m | Preparing files to reimport...[39m[0m
[  33% ] [90m[1mreimport[22m | Preparing files to reimport...[39m[0m
[  33% ] [90m[1mreimport[22m | Preparing files to reimport...[39m[0m
[  33% ] [90m[1mreimport[22m | Preparing files to reimport...[39m[0m
[  33% ] [90m[1mreimport[22m | Preparing files to reimport...[39m[0m
[  33% ] [90m[1mreimport[22m | Preparing files to reimport...[39m[0m
[  33% ] [90m[1mreimport[22m | Preparing files to reimport...[39m[0m
[  33% ] [90m[1mreimport[22m | Preparing files to reimport...[39m[0m
[  33% ] [90m[1mreimport[22m | Preparing files to reimport...[39m[0m
[  33% ] [90m[1mreimport[22m | Preparing files to reimport...[39m[0m
[  33% ] [90m[1mreimport[22m | Preparing files to reimport...[39m[0m
[  33% ] [90m[1mreimport[22m | Preparing files to reimport...[39m[0m
[  33% ] [90m[1mreimport[22m | Preparing files to reimport...[39m[0m
[  34% ] [90m[1mreimport[22m | Preparing files to reimport...[39m[0m
[  34% ] [90m[1mreimport[22m | Preparing files to reimport...[39m[0m
[  34% ] [90m[1mreimport[22m | Preparing files to reimport...[39m[0m
[  34% ] [90m[1mreimport[22m | Preparing files to reimport...[39m[0m
[  34% ] [90m[1mreimport[22m | Preparing files to reimport...[39m[0m
[  34% ] [90m[1mreimport[22m | Preparing files to reimport...[39m[0m
[  34% ] [90m[1mreimport[22m | Preparing files to reimport...[39m[0m
[  34% ] [90m[1mreimport[22m | Preparing files to reimport...[39m[0m
[  34% ] [90m[1mreimport[22m | Preparing files to reimport...[39m[0m
[  34% ] [90m[1mreimport[22m | Preparing files to reimport...[39m[0m
[  34% ] [90m[1mreimport[22m | Preparing files to reimport...[39m[0m
[  34% ] [90m[1mreimport[22m | Preparing files to reimport...[39m[0m
[  34% ] [90m[1mreimport[22m | Preparing files to reimport...[39m[0m
[  34% ] [90m[1mreimport[22m | Preparing files to reimport...[39m[0m
[  34% ] [90m[1mreimport[22m | Preparing files to reimport...[39m[0m
[  34% ] [90m[1mreimport[22m | Preparing files to reimport...[39m[0m
[  34% ] [90m[1mreimport[22m | Preparing files to reimport...[39m[0m
[  34% ] [90m[1mreimport[22m | Preparing files to reimport...[39m[0m
[  34% ] [90m[1mreimport[22m | Preparing files to reimport...[39m[0m
[  34% ] [90m[1mreimport[22m | Preparing files to reimport...[39m[0m
[  35% ] [90m[1mreimport[22m | Preparing files to reimport...[39m[0m
[  35% ] [90m[1mreimport[22m | Preparing files to reimport...[39m[0m
[  35% ] [90m[1mreimport[22m | Preparing files to reimport...[39m[0m
[  35% ] [90m[1mreimport[22m | Preparing files to reimport...[39m[0m
[  35% ] [90m[1mreimport[22m | Preparing files to reimport...[39m[0m
[  35% ] [90m[1mreimport[22m | Preparing files to reimport...[39m[0m
[  35% ] [90m[1mreimport[22m | Preparing files to reimport...[39m[0m
[  35% ] [90m[1mreimport[22m | Preparing files to reimport...[39m[0m
[  35% ] [90m[1mreimport[22m | Preparing files to reimport...[39m[0m
[  35% ] [90m[1mreimport[22m | Preparing files to reimport...[39m[0m
[  35% ] [90m[1mreimport[22m | Preparing files to reimport...[39m[0m
[  35% ] [90m[1mreimport[22m | Preparing files to reimport...[39m[0m
[  35% ] [90m[1mreimport[22m | Preparing files to reimport...[39m[0m
[  35% ] [90m[1mreimport[22m | Preparing files to reimport...[39m[0m
[  35% ] [90m[1mreimport[22m | Preparing files to reimport...[39m[0m
[  35% ] [90m[1mreimport[22m | Preparing files to reimport...[39m[0m
[  35% ] [90m[1mreimport[22m | Preparing files to reimport...[39m[0m
[  35% ] [90m[1mreimport[22m | Preparing files to reimport...[39m[0m
[  35% ] [90m[1mreimport[22m | Preparing files to reimport...[39m[0m
[  35% ] [90m[1mreimport[22m | Preparing files to reimport...[39m[0m
[  35% ] [90m[1mreimport[22m | Preparing files to reimport...[39m[0m
[  36% ] [90m[1mreimport[22m | Preparing files to reimport...[39m[0m
[  36% ] [90m[1mreimport[22m | Preparing files to reimport...[39m[0m
[  36% ] [90m[1mreimport[22m | Preparing files to reimport...[39m[0m
[  36% ] [90m[1mreimport[22m | Preparing files to reimport...[39m[0m
[  36% ] [90m[1mreimport[22m | Preparing files to reimport...[39m[0m
[  36% ] [90m[1mreimport[22m | Preparing files to reimport...[39m[0m
[  36% ] [90m[1mreimport[22m | Preparing files to reimport...[39m[0m
[  36% ] [90m[1mreimport[22m | Preparing files to reimport...[39m[0m
[  36% ] [90m[1mreimport[22m | Preparing files to reimport...[39m[0m
[  36% ] [90m[1mreimport[22m | Preparing files to reimport...[39m[0m
[  36% ] [90m[1mreimport[22m | Preparing files to reimport...[39m[0m
[  36% ] [90m[1mreimport[22m | Preparing files to reimport...[39m[0m
[  36% ] [90m[1mreimport[22m | Preparing files to reimport...[39m[0m
[  36% ] [90m[1mreimport[22m | Preparing files to reimport...[39m[0m
[  36% ] [90m[1mreimport[22m | Preparing files to reimport...[39m[0m
[  36% ] [90m[1mreimport[22m | Preparing files to reimport...[39m[0m
[  36% ] [90m[1mreimport[22m | Preparing files to reimport...[39m[0m
[  36% ] [90m[1mreimport[22m | Preparing files to reimport...[39m[0m
[  36% ] [90m[1mreimport[22m | Preparing files to reimport...[39m[0m
[  36% ] [90m[1mreimport[22m | Preparing files to reimport...[39m[0m
[  36% ] [90m[1mreimport[22m | Preparing files to reimport...[39m[0m
[  37% ] [90m[1mreimport[22m | Preparing files to reimport...[39m[0m
[  37% ] [90m[1mreimport[22m | Preparing files to reimport...[39m[0m
[  37% ] [90m[1mreimport[22m | Preparing files to reimport...[39m[0m
[  37% ] [90m[1mreimport[22m | Preparing files to reimport...[39m[0m
[  37% ] [90m[1mreimport[22m | Preparing files to reimport...[39m[0m
[  37% ] [90m[1mreimport[22m | Preparing files to reimport...[39m[0m
[  37% ] [90m[1mreimport[22m | Preparing files to reimport...[39m[0m
[  37% ] [90m[1mreimport[22m | Preparing files to reimport...[39m[0m
[  37% ] [90m[1mreimport[22m | Preparing files to reimport...[39m[0m
[  37% ] [90m[1mreimport[22m | Preparing files to reimport...[39m[0m
[  37% ] [90m[1mreimport[22m | Preparing files to reimport...[39m[0m
[  37% ] [90m[1mreimport[22m | Preparing files to reimport...[39m[0m
[  37% ] [90m[1mreimport[22m | Preparing files to reimport...[39m[0m
[  37% ] [90m[1mreimport[22m | Preparing files to reimport...[39m[0m
[  37% ] [90m[1mreimport[22m | Preparing files to reimport...[39m[0m
[  37% ] [90m[1mreimport[22m | Preparing files to reimport...[39m[0m
[  37% ] [90m[1mreimport[22m | Preparing files to reimport...[39m[0m
[  37% ] [90m[1mreimport[22m | Preparing files to reimport...[39m[0m
[  37% ] [90m[1mreimport[22m | Preparing files to reimport...[39m[0m
[  37% ] [90m[1mreimport[22m | Preparing files to reimport...[39m[0m
[  37% ] [90m[1mreimport[22m | Preparing files to reimport...[39m[0m
[  38% ] [90m[1mreimport[22m | Preparing files to reimport...[39m[0m
[  38% ] [90m[1mreimport[22m | Preparing files to reimport...[39m[0m
[  38% ] [90m[1mreimport[22m | Preparing files to reimport...[39m[0m
[  38% ] [90m[1mreimport[22m | Preparing files to reimport...[39m[0m
[  38% ] [90m[1mreimport[22m | Preparing files to reimport...[39m[0m
[  38% ] [90m[1mreimport[22m | Preparing files to reimport...[39m[0m
[  38% ] [90m[1mreimport[22m | Preparing files to reimport...[39m[0m
[  38% ] [90m[1mreimport[22m | Preparing files to reimport...[39m[0m
[  38% ] [90m[1mreimport[22m | Preparing files to reimport...[39m[0m
[  38% ] [90m[1mreimport[22m | Preparing files to reimport...[39m[0m
[  38% ] [90m[1mreimport[22m | Preparing files to reimport...[39m[0m
[  38% ] [90m[1mreimport[22m | Preparing files to reimport...[39m[0m
[  38% ] [90m[1mreimport[22m | Preparing files to reimport...[39m[0m
[  38% ] [90m[1mreimport[22m | Preparing files to reimport...[39m[0m
[  38% ] [90m[1mreimport[22m | Preparing files to reimport...[39m[0m
[  38% ] [90m[1mreimport[22m | Preparing files to reimport...[39m[0m
[  38% ] [90m[1mreimport[22m | Preparing files to reimport...[39m[0m
[  38% ] [90m[1mreimport[22m | Preparing files to reimport...[39m[0m
[  38% ] [90m[1mreimport[22m | Preparing files to reimport...[39m[0m
[  38% ] [90m[1mreimport[22m | Preparing files to reimport...[39m[0m
[  39% ] [90m[1mreimport[22m | Preparing files to reimport...[39m[0m
[  39% ] [90m[1mreimport[22m | Preparing files to reimport...[39m[0m
[  39% ] [90m[1mreimport[22m | Preparing files to reimport...[39m[0m
[  39% ] [90m[1mreimport[22m | Preparing files to reimport...[39m[0m
[  39% ] [90m[1mreimport[22m | Preparing files to reimport...[39m[0m
[  39% ] [90m[1mreimport[22m | Preparing files to reimport...[39m[0m
[  39% ] [90m[1mreimport[22m | Preparing files to reimport...[39m[0m
[  39% ] [90m[1mreimport[22m | Preparing files to reimport...[39m[0m
[  39% ] [90m[1mreimport[22m | Preparing files to reimport...[39m[0m
[  39% ] [90m[1mreimport[22m | Preparing files to reimport...[39m[0m
[  39% ] [90m[1mreimport[22m | Preparing files to reimport...[39m[0m
[  39% ] [90m[1mreimport[22m | Preparing files to reimport...[39m[0m
[  39% ] [90m[1mreimport[22m | Preparing files to reimport...[39m[0m
[  39% ] [90m[1mreimport[22m | Preparing files to reimport...[39m[0m
[  39% ] [90m[1mreimport[22m | Preparing files to reimport...[39m[0m
[  39% ] [90m[1mreimport[22m | Preparing files to reimport...[39m[0m
[  39% ] [90m[1mreimport[22m | Preparing files to reimport...[39m[0m
[  39% ] [90m[1mreimport[22m | Preparing files to reimport...[39m[0m
[  39% ] [90m[1mreimport[22m | Preparing files to reimport...[39m[0m
[  39% ] [90m[1mreimport[22m | Preparing files to reimport...[39m[0m
[  39% ] [90m[1mreimport[22m | Preparing files to reimport...[39m[0m
[  40% ] [90m[1mreimport[22m | Preparing files to reimport...[39m[0m
[  40% ] [90m[1mreimport[22m | Preparing files to reimport...[39m[0m
[  40% ] [90m[1mreimport[22m | Preparing files to reimport...[39m[0m
[  40% ] [90m[1mreimport[22m | Preparing files to reimport...[39m[0m
[  40% ] [90m[1mreimport[22m | Preparing files to reimport...[39m[0m
[  40% ] [90m[1mreimport[22m | Preparing files to reimport...[39m[0m
[  40% ] [90m[1mreimport[22m | Preparing files to reimport...[39m[0m
[  40% ] [90m[1mreimport[22m | Preparing files to reimport...[39m[0m
[  40% ] [90m[1mreimport[22m | Preparing files to reimport...[39m[0m
[  40% ] [90m[1mreimport[22m | Preparing files to reimport...[39m[0m
[  40% ] [90m[1mreimport[22m | Preparing files to reimport...[39m[0m
[  40% ] [90m[1mreimport[22m | Preparing files to reimport...[39m[0m
[  40% ] [90m[1mreimport[22m | Preparing files to reimport...[39m[0m
[  40% ] [90m[1mreimport[22m | Preparing files to reimport...[39m[0m
[  40% ] [90m[1mreimport[22m | Preparing files to reimport...[39m[0m
[  40% ] [90m[1mreimport[22m | Preparing files to reimport...[39m[0m
[  40% ] [90m[1mreimport[22m | Preparing files to reimport...[39m[0m
[  40% ] [90m[1mreimport[22m | Preparing files to reimport...[39m[0m
[  40% ] [90m[1mreimport[22m | Preparing files to reimport...[39m[0m
[  40% ] [90m[1mreimport[22m | Preparing files to reimport...[39m[0m
[  40% ] [90m[1mreimport[22m | Preparing files to reimport...[39m[0m
[  41% ] [90m[1mreimport[22m | Preparing files to reimport...[39m[0m
[  41% ] [90m[1mreimport[22m | Preparing files to reimport...[39m[0m
[  41% ] [90m[1mreimport[22m | Preparing files to reimport...[39m[0m
[  41% ] [90m[1mreimport[22m | Preparing files to reimport...[39m[0m
[  41% ] [90m[1mreimport[22m | Preparing files to reimport...[39m[0m
[  41% ] [90m[1mreimport[22m | Preparing files to reimport...[39m[0m
[  41% ] [90m[1mreimport[22m | Preparing files to reimport...[39m[0m
[  41% ] [90m[1mreimport[22m | Preparing files to reimport...[39m[0m
[  41% ] [90m[1mreimport[22m | Preparing files to reimport...[39m[0m
[  41% ] [90m[1mreimport[22m | Preparing files to reimport...[39m[0m
[  41% ] [90m[1mreimport[22m | Preparing files to reimport...[39m[0m
[  41% ] [90m[1mreimport[22m | Preparing files to reimport...[39m[0m
[  41% ] [90m[1mreimport[22m | Preparing files to reimport...[39m[0m
[  41% ] [90m[1mreimport[22m | Preparing files to reimport...[39m[0m
[  41% ] [90m[1mreimport[22m | Preparing files to reimport...[39m[0m
[  41% ] [90m[1mreimport[22m | Preparing files to reimport...[39m[0m
[  41% ] [90m[1mreimport[22m | Preparing files to reimport...[39m[0m
[  41% ] [90m[1mreimport[22m | Preparing files to reimport...[39m[0m
[  41% ] [90m[1mreimport[22m | Preparing files to reimport...[39m[0m
[  41% ] [90m[1mreimport[22m | Preparing files to reimport...[39m[0m
[  41% ] [90m[1mreimport[22m | Preparing files to reimport...[39m[0m
[  42% ] [90m[1mreimport[22m | Preparing files to reimport...[39m[0m
[  42% ] [90m[1mreimport[22m | Preparing files to reimport...[39m[0m
[  42% ] [90m[1mreimport[22m | Preparing files to reimport...[39m[0m
[  42% ] [90m[1mreimport[22m | Preparing files to reimport...[39m[0m
[  42% ] [90m[1mreimport[22m | Preparing files to reimport...[39m[0m
[  42% ] [90m[1mreimport[22m | Preparing files to reimport...[39m[0m
[  42% ] [90m[1mreimport[22m | Preparing files to reimport...[39m[0m
[  42% ] [90m[1mreimport[22m | Preparing files to reimport...[39m[0m
[  42% ] [90m[1mreimport[22m | Preparing files to reimport...[39m[0m
[  42% ] [90m[1mreimport[22m | Preparing files to reimport...[39m[0m
[  42% ] [90m[1mreimport[22m | Preparing files to reimport...[39m[0m
[  42% ] [90m[1mreimport[22m | Preparing files to reimport...[39m[0m
[  42% ] [90m[1mreimport[22m | Preparing files to reimport...[39m[0m
[  42% ] [90m[1mreimport[22m | Preparing files to reimport...[39m[0m
[  42% ] [90m[1mreimport[22m | Preparing files to reimport...[39m[0m
[  42% ] [90m[1mreimport[22m | Preparing files to reimport...[39m[0m
[  42% ] [90m[1mreimport[22m | Preparing files to reimport...[39m[0m
[  42% ] [90m[1mreimport[22m | Preparing files to reimport...[39m[0m
[  42% ] [90m[1mreimport[22m | Preparing files to reimport...[39m[0m
[  42% ] [90m[1mreimport[22m | Preparing files to reimport...[39m[0m
[  43% ] [90m[1mreimport[22m | Preparing files to reimport...[39m[0m
[  43% ] [90m[1mreimport[22m | Preparing files to reimport...[39m[0m
[  43% ] [90m[1mreimport[22m | Preparing files to reimport...[39m[0m
[  43% ] [90m[1mreimport[22m | Preparing files to reimport...[39m[0m
[  43% ] [90m[1mreimport[22m | Preparing files to reimport...[39m[0m
[  43% ] [90m[1mreimport[22m | Preparing files to reimport...[39m[0m
[  43% ] [90m[1mreimport[22m | Preparing files to reimport...[39m[0m
[  43% ] [90m[1mreimport[22m | Preparing files to reimport...[39m[0m
[  43% ] [90m[1mreimport[22m | Preparing files to reimport...[39m[0m
[  43% ] [90m[1mreimport[22m | Preparing files to reimport...[39m[0m
[  43% ] [90m[1mreimport[22m | Preparing files to reimport...[39m[0m
[  43% ] [90m[1mreimport[22m | Preparing files to reimport...[39m[0m
[  43% ] [90m[1mreimport[22m | Preparing files to reimport...[39m[0m
[  43% ] [90m[1mreimport[22m | Preparing files to reimport...[39m[0m
[  43% ] [90m[1mreimport[22m | Preparing files to reimport...[39m[0m
[  43% ] [90m[1mreimport[22m | Preparing files to reimport...[39m[0m
[  43% ] [90m[1mreimport[22m | Preparing files to reimport...[39m[0m
[  43% ] [90m[1mreimport[22m | Preparing files to reimport...[39m[0m
[  43% ] [90m[1mreimport[22m | Preparing files to reimport...[39m[0m
[  43% ] [90m[1mreimport[22m | Preparing files to reimport...[39m[0m
[  43% ] [90m[1mreimport[22m | Preparing files to reimport...[39m[0m
[  44% ] [90m[1mreimport[22m | Preparing files to reimport...[39m[0m
[  44% ] [90m[1mreimport[22m | Preparing files to reimport...[39m[0m
[  44% ] [90m[1mreimport[22m | Preparing files to reimport...[39m[0m
[  44% ] [90m[1mreimport[22m | Preparing files to reimport...[39m[0m
[  44% ] [90m[1mreimport[22m | Preparing files to reimport...[39m[0m
[  44% ] [90m[1mreimport[22m | Preparing files to reimport...[39m[0m
[  44% ] [90m[1mreimport[22m | Preparing files to reimport...[39m[0m
[  44% ] [90m[1mreimport[22m | Preparing files to reimport...[39m[0m
[  44% ] [90m[1mreimport[22m | Preparing files to reimport...[39m[0m
[  44% ] [90m[1mreimport[22m | Preparing files to reimport...[39m[0m
[  44% ] [90m[1mreimport[22m | Preparing files to reimport...[39m[0m
[  44% ] [90m[1mreimport[22m | Preparing files to reimport...[39m[0m
[  44% ] [90m[1mreimport[22m | Preparing files to reimport...[39m[0m
[  44% ] [90m[1mreimport[22m | Preparing files to reimport...[39m[0m
[  44% ] [90m[1mreimport[22m | Preparing files to reimport...[39m[0m
[  44% ] [90m[1mreimport[22m | Preparing files to reimport...[39m[0m
[  44% ] [90m[1mreimport[22m | Preparing files to reimport...[39m[0m
[  44% ] [90m[1mreimport[22m | Preparing files to reimport...[39m[0m
[  44% ] [90m[1mreimport[22m | Preparing files to reimport...[39m[0m
[  44% ] [90m[1mreimport[22m | Preparing files to reimport...[39m[0m
[  44% ] [90m[1mreimport[22m | Preparing files to reimport...[39m[0m
[  45% ] [90m[1mreimport[22m | Preparing files to reimport...[39m[0m
[  45% ] [90m[1mreimport[22m | Preparing files to reimport...[39m[0m
[  45% ] [90m[1mreimport[22m | Preparing files to reimport...[39m[0m
[  45% ] [90m[1mreimport[22m | Preparing files to reimport...[39m[0m
[  45% ] [90m[1mreimport[22m | Preparing files to reimport...[39m[0m
[  45% ] [90m[1mreimport[22m | Preparing files to reimport...[39m[0m
[  45% ] [90m[1mreimport[22m | Preparing files to reimport...[39m[0m
[  45% ] [90m[1mreimport[22m | Preparing files to reimport...[39m[0m
[  45% ] [90m[1mreimport[22m | Preparing files to reimport...[39m[0m
[  45% ] [90m[1mreimport[22m | Preparing files to reimport...[39m[0m
[  45% ] [90m[1mreimport[22m | Preparing files to reimport...[39m[0m
[  45% ] [90m[1mreimport[22m | Preparing files to reimport...[39m[0m
[  45% ] [90m[1mreimport[22m | Preparing files to reimport...[39m[0m
[  45% ] [90m[1mreimport[22m | Preparing files to reimport...[39m[0m
[  45% ] [90m[1mreimport[22m | Preparing files to reimport...[39m[0m
[  45% ] [90m[1mreimport[22m | Preparing files to reimport...[39m[0m
[  45% ] [90m[1mreimport[22m | Preparing files to reimport...[39m[0m
[  45% ] [90m[1mreimport[22m | Preparing files to reimport...[39m[0m
[  45% ] [90m[1mreimport[22m | Preparing files to reimport...[39m[0m
[  45% ] [90m[1mreimport[22m | Preparing files to reimport...[39m[0m
[  45% ] [90m[1mreimport[22m | Preparing files to reimport...[39m[0m
[  46% ] [90m[1mreimport[22m | Preparing files to reimport...[39m[0m
[  46% ] [90m[1mreimport[22m | Preparing files to reimport...[39m[0m
[  46% ] [90m[1mreimport[22m | Preparing files to reimport...[39m[0m
[  46% ] [90m[1mreimport[22m | Preparing files to reimport...[39m[0m
[  46% ] [90m[1mreimport[22m | Preparing files to reimport...[39m[0m
[  46% ] [90m[1mreimport[22m | Preparing files to reimport...[39m[0m
[  46% ] [90m[1mreimport[22m | Preparing files to reimport...[39m[0m
[  46% ] [90m[1mreimport[22m | Preparing files to reimport...[39m[0m
[  46% ] [90m[1mreimport[22m | Preparing files to reimport...[39m[0m
[  46% ] [90m[1mreimport[22m | Preparing files to reimport...[39m[0m
[  46% ] [90m[1mreimport[22m | Preparing files to reimport...[39m[0m
[  46% ] [90m[1mreimport[22m | Preparing files to reimport...[39m[0m
[  46% ] [90m[1mreimport[22m | Preparing files to reimport...[39m[0m
[  46% ] [90m[1mreimport[22m | Preparing files to reimport...[39m[0m
[  46% ] [90m[1mreimport[22m | Preparing files to reimport...[39m[0m
[  46% ] [90m[1mreimport[22m | Preparing files to reimport...[39m[0m
[  46% ] [90m[1mreimport[22m | Preparing files to reimport...[39m[0m
[  46% ] [90m[1mreimport[22m | Preparing files to reimport...[39m[0m
[  46% ] [90m[1mreimport[22m | Preparing files to reimport...[39m[0m
[  46% ] [90m[1mreimport[22m | Preparing files to reimport...[39m[0m
[  47% ] [90m[1mreimport[22m | Preparing files to reimport...[39m[0m
[  47% ] [90m[1mreimport[22m | Preparing files to reimport...[39m[0m
[  47% ] [90m[1mreimport[22m | Preparing files to reimport...[39m[0m
[  47% ] [90m[1mreimport[22m | Preparing files to reimport...[39m[0m
[  47% ] [90m[1mreimport[22m | Preparing files to reimport...[39m[0m
[  47% ] [90m[1mreimport[22m | Preparing files to reimport...[39m[0m
[  47% ] [90m[1mreimport[22m | Preparing files to reimport...[39m[0m
[  47% ] [90m[1mreimport[22m | Preparing files to reimport...[39m[0m
[  47% ] [90m[1mreimport[22m | Preparing files to reimport...[39m[0m
[  47% ] [90m[1mreimport[22m | Preparing files to reimport...[39m[0m
[  47% ] [90m[1mreimport[22m | Preparing files to reimport...[39m[0m
[  47% ] [90m[1mreimport[22m | Preparing files to reimport...[39m[0m
[  47% ] [90m[1mreimport[22m | Preparing files to reimport...[39m[0m
[  47% ] [90m[1mreimport[22m | Preparing files to reimport...[39m[0m
[  47% ] [90m[1mreimport[22m | Preparing files to reimport...[39m[0m
[  47% ] [90m[1mreimport[22m | Preparing files to reimport...[39m[0m
[  47% ] [90m[1mreimport[22m | Preparing files to reimport...[39m[0m
[  47% ] [90m[1mreimport[22m | Preparing files to reimport...[39m[0m
[  47% ] [90m[1mreimport[22m | Preparing files to reimport...[39m[0m
[  47% ] [90m[1mreimport[22m | Preparing files to reimport...[39m[0m
[  47% ] [90m[1mreimport[22m | Preparing files to reimport...[39m[0m
[  48% ] [90m[1mreimport[22m | Preparing files to reimport...[39m[0m
[  48% ] [90m[1mreimport[22m | Preparing files to reimport...[39m[0m
[  48% ] [90m[1mreimport[22m | Preparing files to reimport...[39m[0m
[  48% ] [90m[1mreimport[22m | Preparing files to reimport...[39m[0m
[  48% ] [90m[1mreimport[22m | Preparing files to reimport...[39m[0m
[  48% ] [90m[1mreimport[22m | Preparing files to reimport...[39m[0m
[  48% ] [90m[1mreimport[22m | Preparing files to reimport...[39m[0m
[  48% ] [90m[1mreimport[22m | Preparing files to reimport...[39m[0m
[  48% ] [90m[1mreimport[22m | Preparing files to reimport...[39m[0m
[  48% ] [90m[1mreimport[22m | Preparing files to reimport...[39m[0m
[  48% ] [90m[1mreimport[22m | Preparing files to reimport...[39m[0m
[  48% ] [90m[1mreimport[22m | Preparing files to reimport...[39m[0m
[  48% ] [90m[1mreimport[22m | Preparing files to reimport...[39m[0m
[  48% ] [90m[1mreimport[22m | Preparing files to reimport...[39m[0m
[  48% ] [90m[1mreimport[22m | Preparing files to reimport...[39m[0m
[  48% ] [90m[1mreimport[22m | Preparing files to reimport...[39m[0m
[  48% ] [90m[1mreimport[22m | Preparing files to reimport...[39m[0m
[  48% ] [90m[1mreimport[22m | Preparing files to reimport...[39m[0m
[  48% ] [90m[1mreimport[22m | Preparing files to reimport...[39m[0m
[  48% ] [90m[1mreimport[22m | Preparing files to reimport...[39m[0m
[  48% ] [90m[1mreimport[22m | Preparing files to reimport...[39m[0m
[  49% ] [90m[1mreimport[22m | Preparing files to reimport...[39m[0m
[  49% ] [90m[1mreimport[22m | Preparing files to reimport...[39m[0m
[  49% ] [90m[1mreimport[22m | Preparing files to reimport...[39m[0m
[  49% ] [90m[1mreimport[22m | Preparing files to reimport...[39m[0m
[  49% ] [90m[1mreimport[22m | Preparing files to reimport...[39m[0m
[  49% ] [90m[1mreimport[22m | Preparing files to reimport...[39m[0m
[  49% ] [90m[1mreimport[22m | Preparing files to reimport...[39m[0m
[  49% ] [90m[1mreimport[22m | Preparing files to reimport...[39m[0m
[  49% ] [90m[1mreimport[22m | Preparing files to reimport...[39m[0m
[  49% ] [90m[1mreimport[22m | Preparing files to reimport...[39m[0m
[  49% ] [90m[1mreimport[22m | Preparing files to reimport...[39m[0m
[  49% ] [90m[1mreimport[22m | Preparing files to reimport...[39m[0m
[  49% ] [90m[1mreimport[22m | Preparing files to reimport...[39m[0m
[  49% ] [90m[1mreimport[22m | Preparing files to reimport...[39m[0m
[  49% ] [90m[1mreimport[22m | Preparing files to reimport...[39m[0m
[  49% ] [90m[1mreimport[22m | Preparing files to reimport...[39m[0m
[  49% ] [90m[1mreimport[22m | Preparing files to reimport...[39m[0m
[  49% ] [90m[1mreimport[22m | Preparing files to reimport...[39m[0m
[  49% ] [90m[1mreimport[22m | Preparing files to reimport...[39m[0m
[  49% ] [90m[1mreimport[22m | Preparing files to reimport...[39m[0m
[  50% ] [90m[1mreimport[22m | Preparing files to reimport...[39m[0m
[  50% ] [90m[1mreimport[22m | Preparing files to reimport...[39m[0m
[  50% ] [90m[1mreimport[22m | Preparing files to reimport...[39m[0m
[  50% ] [90m[1mreimport[22m | Preparing files to reimport...[39m[0m
[  50% ] [90m[1mreimport[22m | Preparing files to reimport...[39m[0m
[  50% ] [90m[1mreimport[22m | Preparing files to reimport...[39m[0m
[  50% ] [90m[1mreimport[22m | Preparing files to reimport...[39m[0m
[  50% ] [90m[1mreimport[22m | Preparing files to reimport...[39m[0m
[  50% ] [90m[1mreimport[22m | Preparing files to reimport...[39m[0m
[  50% ] [90m[1mreimport[22m | Preparing files to reimport...[39m[0m
[  50% ] [90m[1mreimport[22m | Preparing files to reimport...[39m[0m
[  50% ] [90m[1mreimport[22m | Preparing files to reimport...[39m[0m
[  50% ] [90m[1mreimport[22m | Preparing files to reimport...[39m[0m
[  50% ] [90m[1mreimport[22m | Preparing files to reimport...[39m[0m
[  50% ] [90m[1mreimport[22m | Preparing files to reimport...[39m[0m
[  50% ] [90m[1mreimport[22m | Preparing files to reimport...[39m[0m
[  50% ] [90m[1mreimport[22m | Preparing files to reimport...[39m[0m
[  50% ] [90m[1mreimport[22m | Preparing files to reimport...[39m[0m
[  50% ] [90m[1mreimport[22m | Preparing files to reimport...[39m[0m
[  50% ] [90m[1mreimport[22m | Preparing files to reimport...[39m[0m
[  50% ] [90m[1mreimport[22m | Preparing files to reimport...[39m[0m
[  51% ] [90m[1mreimport[22m | Preparing files to reimport...[39m[0m
[  51% ] [90m[1mreimport[22m | Preparing files to reimport...[39m[0m
[  51% ] [90m[1mreimport[22m | Preparing files to reimport...[39m[0m
[  51% ] [90m[1mreimport[22m | Preparing files to reimport...[39m[0m
[  51% ] [90m[1mreimport[22m | Preparing files to reimport...[39m[0m
[  51% ] [90m[1mreimport[22m | Preparing files to reimport...[39m[0m
[  51% ] [90m[1mreimport[22m | Preparing files to reimport...[39m[0m
[  51% ] [90m[1mreimport[22m | Preparing files to reimport...[39m[0m
[  51% ] [90m[1mreimport[22m | Preparing files to reimport...[39m[0m
[  51% ] [90m[1mreimport[22m | Preparing files to reimport...[39m[0m
[  51% ] [90m[1mreimport[22m | Preparing files to reimport...[39m[0m
[  51% ] [90m[1mreimport[22m | Preparing files to reimport...[39m[0m
[  51% ] [90m[1mreimport[22m | Preparing files to reimport...[39m[0m
[  51% ] [90m[1mreimport[22m | Preparing files to reimport...[39m[0m
[  51% ] [90m[1mreimport[22m | Preparing files to reimport...[39m[0m
[  51% ] [90m[1mreimport[22m | Preparing files to reimport...[39m[0m
[  51% ] [90m[1mreimport[22m | Preparing files to reimport...[39m[0m
[  51% ] [90m[1mreimport[22m | Preparing files to reimport...[39m[0m
[  51% ] [90m[1mreimport[22m | Preparing files to reimport...[39m[0m
[  51% ] [90m[1mreimport[22m | Preparing files to reimport...[39m[0m
[  51% ] [90m[1mreimport[22m | Preparing files to reimport...[39m[0m
[  52% ] [90m[1mreimport[22m | Preparing files to reimport...[39m[0m
[  52% ] [90m[1mreimport[22m | Preparing files to reimport...[39m[0m
[  52% ] [90m[1mreimport[22m | Preparing files to reimport...[39m[0m
[  52% ] [90m[1mreimport[22m | Preparing files to reimport...[39m[0m
[  52% ] [90m[1mreimport[22m | Preparing files to reimport...[39m[0m
[  52% ] [90m[1mreimport[22m | Preparing files to reimport...[39m[0m
[  52% ] [90m[1mreimport[22m | Preparing files to reimport...[39m[0m
[  52% ] [90m[1mreimport[22m | Preparing files to reimport...[39m[0m
[  52% ] [90m[1mreimport[22m | Preparing files to reimport...[39m[0m
[  52% ] [90m[1mreimport[22m | Preparing files to reimport...[39m[0m
[  52% ] [90m[1mreimport[22m | Preparing files to reimport...[39m[0m
[  52% ] [90m[1mreimport[22m | Preparing files to reimport...[39m[0m
[  52% ] [90m[1mreimport[22m | Preparing files to reimport...[39m[0m
[  52% ] [90m[1mreimport[22m | Preparing files to reimport...[39m[0m
[  52% ] [90m[1mreimport[22m | Preparing files to reimport...[39m[0m
[  52% ] [90m[1mreimport[22m | Preparing files to reimport...[39m[0m
[  52% ] [90m[1mreimport[22m | Preparing files to reimport...[39m[0m
[  52% ] [90m[1mreimport[22m | Preparing files to reimport...[39m[0m
[  52% ] [90m[1mreimport[22m | Preparing files to reimport...[39m[0m
[  52% ] [90m[1mreimport[22m | Preparing files to reimport...[39m[0m
[  52% ] [90m[1mreimport[22m | Preparing files to reimport...[39m[0m
[  53% ] [90m[1mreimport[22m | Preparing files to reimport...[39m[0m
[  53% ] [90m[1mreimport[22m | Preparing files to reimport...[39m[0m
[  53% ] [90m[1mreimport[22m | Preparing files to reimport...[39m[0m
[  53% ] [90m[1mreimport[22m | Preparing files to reimport...[39m[0m
[  53% ] [90m[1mreimport[22m | Preparing files to reimport...[39m[0m
[  53% ] [90m[1mreimport[22m | Preparing files to reimport...[39m[0m
[  53% ] [90m[1mreimport[22m | Preparing files to reimport...[39m[0m
[  53% ] [90m[1mreimport[22m | Preparing files to reimport...[39m[0m
[  53% ] [90m[1mreimport[22m | Preparing files to reimport...[39m[0m
[  53% ] [90m[1mreimport[22m | Preparing files to reimport...[39m[0m
[  53% ] [90m[1mreimport[22m | Preparing files to reimport...[39m[0m
[  53% ] [90m[1mreimport[22m | Preparing files to reimport...[39m[0m
[  53% ] [90m[1mreimport[22m | Preparing files to reimport...[39m[0m
[  53% ] [90m[1mreimport[22m | Preparing files to reimport...[39m[0m
[  53% ] [90m[1mreimport[22m | Preparing files to reimport...[39m[0m
[  53% ] [90m[1mreimport[22m | Preparing files to reimport...[39m[0m
[  53% ] [90m[1mreimport[22m | Preparing files to reimport...[39m[0m
[  53% ] [90m[1mreimport[22m | Preparing files to reimport...[39m[0m
[  53% ] [90m[1mreimport[22m | Preparing files to reimport...[39m[0m
[  53% ] [90m[1mreimport[22m | Preparing files to reimport...[39m[0m
[  54% ] [90m[1mreimport[22m | Preparing files to reimport...[39m[0m
[  54% ] [90m[1mreimport[22m | Preparing files to reimport...[39m[0m
[  54% ] [90m[1mreimport[22m | Preparing files to reimport...[39m[0m
[  54% ] [90m[1mreimport[22m | Preparing files to reimport...[39m[0m
[  54% ] [90m[1mreimport[22m | Preparing files to reimport...[39m[0m
[  54% ] [90m[1mreimport[22m | Preparing files to reimport...[39m[0m
[  54% ] [90m[1mreimport[22m | Preparing files to reimport...[39m[0m
[  54% ] [90m[1mreimport[22m | Preparing files to reimport...[39m[0m
[  54% ] [90m[1mreimport[22m | Preparing files to reimport...[39m[0m
[  54% ] [90m[1mreimport[22m | Preparing files to reimport...[39m[0m
[  54% ] [90m[1mreimport[22m | Preparing files to reimport...[39m[0m
[  54% ] [90m[1mreimport[22m | Preparing files to reimport...[39m[0m
[  54% ] [90m[1mreimport[22m | Preparing files to reimport...[39m[0m
[  54% ] [90m[1mreimport[22m | Preparing files to reimport...[39m[0m
[  54% ] [90m[1mreimport[22m | Preparing files to reimport...[39m[0m
[  54% ] [90m[1mreimport[22m | Preparing files to reimport...[39m[0m
[  54% ] [90m[1mreimport[22m | Preparing files to reimport...[39m[0m
[  54% ] [90m[1mreimport[22m | Preparing files to reimport...[39m[0m
[  54% ] [90m[1mreimport[22m | Preparing files to reimport...[39m[0m
[  54% ] [90m[1mreimport[22m | Preparing files to reimport...[39m[0m
[  54% ] [90m[1mreimport[22m | Preparing files to reimport...[39m[0m
[  55% ] [90m[1mreimport[22m | Preparing files to reimport...[39m[0m
[  55% ] [90m[1mreimport[22m | Preparing files to reimport...[39m[0m
[  55% ] [90m[1mreimport[22m | Preparing files to reimport...[39m[0m
[  55% ] [90m[1mreimport[22m | Preparing files to reimport...[39m[0m
[  55% ] [90m[1mreimport[22m | Preparing files to reimport...[39m[0m
[  55% ] [90m[1mreimport[22m | Preparing files to reimport...[39m[0m
[  55% ] [90m[1mreimport[22m | Preparing files to reimport...[39m[0m
[  55% ] [90m[1mreimport[22m | Preparing files to reimport...[39m[0m
[  55% ] [90m[1mreimport[22m | Preparing files to reimport...[39m[0m
[  55% ] [90m[1mreimport[22m | Preparing files to reimport...[39m[0m
[  55% ] [90m[1mreimport[22m | Preparing files to reimport...[39m[0m
[  55% ] [90m[1mreimport[22m | Preparing files to reimport...[39m[0m
[  55% ] [90m[1mreimport[22m | Preparing files to reimport...[39m[0m
[  55% ] [90m[1mreimport[22m | Preparing files to reimport...[39m[0m
[  55% ] [90m[1mreimport[22m | Preparing files to reimport...[39m[0m
[  55% ] [90m[1mreimport[22m | Preparing files to reimport...[39m[0m
[  55% ] [90m[1mreimport[22m | Preparing files to reimport...[39m[0m
[  55% ] [90m[1mreimport[22m | Preparing files to reimport...[39m[0m
[  55% ] [90m[1mreimport[22m | Preparing files to reimport...[39m[0m
[  55% ] [90m[1mreimport[22m | Preparing files to reimport...[39m[0m
[  55% ] [90m[1mreimport[22m | Preparing files to reimport...[39m[0m
[  56% ] [90m[1mreimport[22m | Preparing files to reimport...[39m[0m
[  56% ] [90m[1mreimport[22m | Preparing files to reimport...[39m[0m
[  56% ] [90m[1mreimport[22m | Preparing files to reimport...[39m[0m
[  56% ] [90m[1mreimport[22m | Preparing files to reimport...[39m[0m
[  56% ] [90m[1mreimport[22m | Preparing files to reimport...[39m[0m
[  56% ] [90m[1mreimport[22m | Preparing files to reimport...[39m[0m
[  56% ] [90m[1mreimport[22m | Preparing files to reimport...[39m[0m
[  56% ] [90m[1mreimport[22m | Preparing files to reimport...[39m[0m
[  56% ] [90m[1mreimport[22m | Preparing files to reimport...[39m[0m
[  56% ] [90m[1mreimport[22m | Preparing files to reimport...[39m[0m
[  56% ] [90m[1mreimport[22m | Preparing files to reimport...[39m[0m
[  56% ] [90m[1mreimport[22m | Preparing files to reimport...[39m[0m
[  56% ] [90m[1mreimport[22m | Preparing files to reimport...[39m[0m
[  56% ] [90m[1mreimport[22m | Preparing files to reimport...[39m[0m
[  56% ] [90m[1mreimport[22m | Preparing files to reimport...[39m[0m
[  56% ] [90m[1mreimport[22m | Preparing files to reimport...[39m[0m
[  56% ] [90m[1mreimport[22m | Preparing files to reimport...[39m[0m
[  56% ] [90m[1mreimport[22m | Preparing files to reimport...[39m[0m
[  56% ] [90m[1mreimport[22m | Preparing files to reimport...[39m[0m
[  56% ] [90m[1mreimport[22m | Preparing files to reimport...[39m[0m
[  56% ] [90m[1mreimport[22m | Preparing files to reimport...[39m[0m
[  57% ] [90m[1mreimport[22m | Preparing files to reimport...[39m[0m
[  57% ] [90m[1mreimport[22m | Preparing files to reimport...[39m[0m
[  57% ] [90m[1mreimport[22m | Preparing files to reimport...[39m[0m
[  57% ] [90m[1mreimport[22m | Preparing files to reimport...[39m[0m
[  57% ] [90m[1mreimport[22m | Preparing files to reimport...[39m[0m
[  57% ] [90m[1mreimport[22m | Preparing files to reimport...[39m[0m
[  57% ] [90m[1mreimport[22m | Preparing files to reimport...[39m[0m
[  57% ] [90m[1mreimport[22m | Preparing files to reimport...[39m[0m
[  57% ] [90m[1mreimport[22m | Preparing files to reimport...[39m[0m
[  57% ] [90m[1mreimport[22m | Preparing files to reimport...[39m[0m
[  57% ] [90m[1mreimport[22m | Preparing files to reimport...[39m[0m
[  57% ] [90m[1mreimport[22m | Preparing files to reimport...[39m[0m
[  57% ] [90m[1mreimport[22m | Preparing files to reimport...[39m[0m
[  57% ] [90m[1mreimport[22m | Preparing files to reimport...[39m[0m
[  57% ] [90m[1mreimport[22m | Preparing files to reimport...[39m[0m
[  57% ] [90m[1mreimport[22m | Preparing files to reimport...[39m[0m
[  57% ] [90m[1mreimport[22m | Preparing files to reimport...[39m[0m
[  57% ] [90m[1mreimport[22m | Preparing files to reimport...[39m[0m
[  57% ] [90m[1mreimport[22m | Preparing files to reimport...[39m[0m
[  57% ] [90m[1mreimport[22m | Preparing files to reimport...[39m[0m
[  58% ] [90m[1mreimport[22m | Preparing files to reimport...[39m[0m
[  58% ] [90m[1mreimport[22m | Preparing files to reimport...[39m[0m
[  58% ] [90m[1mreimport[22m | Preparing files to reimport...[39m[0m
[  58% ] [90m[1mreimport[22m | Preparing files to reimport...[39m[0m
[  58% ] [90m[1mreimport[22m | Preparing files to reimport...[39m[0m
[  58% ] [90m[1mreimport[22m | Preparing files to reimport...[39m[0m
[  58% ] [90m[1mreimport[22m | Preparing files to reimport...[39m[0m
[  58% ] [90m[1mreimport[22m | Preparing files to reimport...[39m[0m
[  58% ] [90m[1mreimport[22m | Preparing files to reimport...[39m[0m
[  58% ] [90m[1mreimport[22m | Preparing files to reimport...[39m[0m
[  58% ] [90m[1mreimport[22m | Preparing files to reimport...[39m[0m
[  58% ] [90m[1mreimport[22m | Preparing files to reimport...[39m[0m
[  58% ] [90m[1mreimport[22m | Preparing files to reimport...[39m[0m
[  58% ] [90m[1mreimport[22m | Preparing files to reimport...[39m[0m
[  58% ] [90m[1mreimport[22m | Preparing files to reimport...[39m[0m
[  58% ] [90m[1mreimport[22m | Preparing files to reimport...[39m[0m
[  58% ] [90m[1mreimport[22m | Preparing files to reimport...[39m[0m
[  58% ] [90m[1mreimport[22m | Preparing files to reimport...[39m[0m
[  58% ] [90m[1mreimport[22m | Preparing files to reimport...[39m[0m
[  58% ] [90m[1mreimport[22m | Preparing files to reimport...[39m[0m
[  58% ] [90m[1mreimport[22m | Preparing files to reimport...[39m[0m
[  59% ] [90m[1mreimport[22m | Preparing files to reimport...[39m[0m
[  59% ] [90m[1mreimport[22m | Preparing files to reimport...[39m[0m
[  59% ] [90m[1mreimport[22m | Preparing files to reimport...[39m[0m
[  59% ] [90m[1mreimport[22m | Preparing files to reimport...[39m[0m
[  59% ] [90m[1mreimport[22m | Preparing files to reimport...[39m[0m
[  59% ] [90m[1mreimport[22m | Preparing files to reimport...[39m[0m
[  59% ] [90m[1mreimport[22m | Preparing files to reimport...[39m[0m
[  59% ] [90m[1mreimport[22m | Preparing files to reimport...[39m[0m
[  59% ] [90m[1mreimport[22m | Preparing files to reimport...[39m[0m
[  59% ] [90m[1mreimport[22m | Preparing files to reimport...[39m[0m
[  59% ] [90m[1mreimport[22m | Preparing files to reimport...[39m[0m
[  59% ] [90m[1mreimport[22m | Preparing files to reimport...[39m[0m
[  59% ] [90m[1mreimport[22m | Preparing files to reimport...[39m[0m
[  59% ] [90m[1mreimport[22m | Preparing files to reimport...[39m[0m
[  59% ] [90m[1mreimport[22m | Preparing files to reimport...[39m[0m
[  59% ] [90m[1mreimport[22m | Preparing files to reimport...[39m[0m
[  59% ] [90m[1mreimport[22m | Preparing files to reimport...[39m[0m
[  59% ] [90m[1mreimport[22m | Preparing files to reimport...[39m[0m
[  59% ] [90m[1mreimport[22m | Preparing files to reimport...[39m[0m
[  59% ] [90m[1mreimport[22m | Preparing files to reimport...[39m[0m
[  59% ] [90m[1mreimport[22m | Preparing files to reimport...[39m[0m
[  60% ] [90m[1mreimport[22m | Preparing files to reimport...[39m[0m
[  60% ] [90m[1mreimport[22m | Preparing files to reimport...[39m[0m
[  60% ] [90m[1mreimport[22m | Preparing files to reimport...[39m[0m
[  60% ] [90m[1mreimport[22m | Preparing files to reimport...[39m[0m
[  60% ] [90m[1mreimport[22m | Preparing files to reimport...[39m[0m
[  60% ] [90m[1mreimport[22m | Preparing files to reimport...[39m[0m
[  60% ] [90m[1mreimport[22m | Preparing files to reimport...[39m[0m
[  60% ] [90m[1mreimport[22m | Preparing files to reimport...[39m[0m
[  60% ] [90m[1mreimport[22m | Preparing files to reimport...[39m[0m
[  60% ] [90m[1mreimport[22m | Preparing files to reimport...[39m[0m
[  60% ] [90m[1mreimport[22m | Preparing files to reimport...[39m[0m
[  60% ] [90m[1mreimport[22m | Preparing files to reimport...[39m[0m
[  60% ] [90m[1mreimport[22m | Preparing files to reimport...[39m[0m
[  60% ] [90m[1mreimport[22m | Preparing files to reimport...[39m[0m
[  60% ] [90m[1mreimport[22m | Preparing files to reimport...[39m[0m
[  60% ] [90m[1mreimport[22m | Preparing files to reimport...[39m[0m
[  60% ] [90m[1mreimport[22m | Preparing files to reimport...[39m[0m
[  60% ] [90m[1mreimport[22m | Preparing files to reimport...[39m[0m
[  60% ] [90m[1mreimport[22m | Preparing files to reimport...[39m[0m
[  60% ] [90m[1mreimport[22m | Preparing files to reimport...[39m[0m
[  60% ] [90m[1mreimport[22m | Preparing files to reimport...[39m[0m
[  61% ] [90m[1mreimport[22m | Preparing files to reimport...[39m[0m
[  61% ] [90m[1mreimport[22m | Preparing files to reimport...[39m[0m
[  61% ] [90m[1mreimport[22m | Preparing files to reimport...[39m[0m
[  61% ] [90m[1mreimport[22m | Preparing files to reimport...[39m[0m
[  61% ] [90m[1mreimport[22m | Preparing files to reimport...[39m[0m
[  61% ] [90m[1mreimport[22m | Preparing files to reimport...[39m[0m
[  61% ] [90m[1mreimport[22m | Preparing files to reimport...[39m[0m
[  61% ] [90m[1mreimport[22m | Preparing files to reimport...[39m[0m
[  61% ] [90m[1mreimport[22m | Preparing files to reimport...[39m[0m
[  61% ] [90m[1mreimport[22m | Preparing files to reimport...[39m[0m
[  61% ] [90m[1mreimport[22m | Preparing files to reimport...[39m[0m
[  61% ] [90m[1mreimport[22m | Preparing files to reimport...[39m[0m
[  61% ] [90m[1mreimport[22m | Preparing files to reimport...[39m[0m
[  61% ] [90m[1mreimport[22m | Preparing files to reimport...[39m[0m
[  61% ] [90m[1mreimport[22m | Preparing files to reimport...[39m[0m
[  61% ] [90m[1mreimport[22m | Preparing files to reimport...[39m[0m
[  61% ] [90m[1mreimport[22m | Preparing files to reimport...[39m[0m
[  61% ] [90m[1mreimport[22m | Preparing files to reimport...[39m[0m
[  61% ] [90m[1mreimport[22m | Preparing files to reimport...[39m[0m
[  61% ] [90m[1mreimport[22m | Preparing files to reimport...[39m[0m
[  62% ] [90m[1mreimport[22m | Preparing files to reimport...[39m[0m
[  62% ] [90m[1mreimport[22m | Preparing files to reimport...[39m[0m
[  62% ] [90m[1mreimport[22m | Preparing files to reimport...[39m[0m
[  62% ] [90m[1mreimport[22m | Preparing files to reimport...[39m[0m
[  62% ] [90m[1mreimport[22m | Preparing files to reimport...[39m[0m
[  62% ] [90m[1mreimport[22m | Preparing files to reimport...[39m[0m
[  62% ] [90m[1mreimport[22m | Preparing files to reimport...[39m[0m
[  62% ] [90m[1mreimport[22m | Preparing files to reimport...[39m[0m
[  62% ] [90m[1mreimport[22m | Preparing files to reimport...[39m[0m
[  62% ] [90m[1mreimport[22m | Preparing files to reimport...[39m[0m
[  62% ] [90m[1mreimport[22m | Preparing files to reimport...[39m[0m
[  62% ] [90m[1mreimport[22m | Preparing files to reimport...[39m[0m
[  62% ] [90m[1mreimport[22m | Preparing files to reimport...[39m[0m
[  62% ] [90m[1mreimport[22m | Preparing files to reimport...[39m[0m
[  62% ] [90m[1mreimport[22m | Preparing files to reimport...[39m[0m
[  62% ] [90m[1mreimport[22m | Preparing files to reimport...[39m[0m
[  62% ] [90m[1mreimport[22m | Preparing files to reimport...[39m[0m
[  62% ] [90m[1mreimport[22m | Preparing files to reimport...[39m[0m
[  62% ] [90m[1mreimport[22m | Preparing files to reimport...[39m[0m
[  62% ] [90m[1mreimport[22m | Preparing files to reimport...[39m[0m
[  62% ] [90m[1mreimport[22m | Preparing files to reimport...[39m[0m
[  63% ] [90m[1mreimport[22m | Preparing files to reimport...[39m[0m
[  63% ] [90m[1mreimport[22m | Preparing files to reimport...[39m[0m
[  63% ] [90m[1mreimport[22m | Preparing files to reimport...[39m[0m
[  63% ] [90m[1mreimport[22m | Preparing files to reimport...[39m[0m
[  63% ] [90m[1mreimport[22m | Preparing files to reimport...[39m[0m
[  63% ] [90m[1mreimport[22m | Preparing files to reimport...[39m[0m
[  63% ] [90m[1mreimport[22m | Preparing files to reimport...[39m[0m
[  63% ] [90m[1mreimport[22m | Preparing files to reimport...[39m[0m
[  63% ] [90m[1mreimport[22m | Preparing files to reimport...[39m[0m
[  63% ] [90m[1mreimport[22m | Preparing files to reimport...[39m[0m
[  63% ] [90m[1mreimport[22m | Preparing files to reimport...[39m[0m
[  63% ] [90m[1mreimport[22m | Preparing files to reimport...[39m[0m
[  63% ] [90m[1mreimport[22m | Preparing files to reimport...[39m[0m
[  63% ] [90m[1mreimport[22m | Preparing files to reimport...[39m[0m
[  63% ] [90m[1mreimport[22m | Preparing files to reimport...[39m[0m
[  63% ] [90m[1mreimport[22m | Preparing files to reimport...[39m[0m
[  63% ] [90m[1mreimport[22m | Preparing files to reimport...[39m[0m
[  63% ] [90m[1mreimport[22m | Preparing files to reimport...[39m[0m
[  63% ] [90m[1mreimport[22m | Preparing files to reimport...[39m[0m
[  63% ] [90m[1mreimport[22m | Preparing files to reimport...[39m[0m
[  63% ] [90m[1mreimport[22m | Preparing files to reimport...[39m[0m
[  64% ] [90m[1mreimport[22m | Preparing files to reimport...[39m[0m
[  64% ] [90m[1mreimport[22m | Preparing files to reimport...[39m[0m
[  64% ] [90m[1mreimport[22m | Preparing files to reimport...[39m[0m
[  64% ] [90m[1mreimport[22m | Preparing files to reimport...[39m[0m
[  64% ] [90m[1mreimport[22m | Preparing files to reimport...[39m[0m
[  64% ] [90m[1mreimport[22m | Preparing files to reimport...[39m[0m
[  64% ] [90m[1mreimport[22m | Preparing files to reimport...[39m[0m
[  64% ] [90m[1mreimport[22m | Preparing files to reimport...[39m[0m
[  64% ] [90m[1mreimport[22m | Preparing files to reimport...[39m[0m
[  64% ] [90m[1mreimport[22m | Preparing files to reimport...[39m[0m
[  64% ] [90m[1mreimport[22m | Preparing files to reimport...[39m[0m
[  64% ] [90m[1mreimport[22m | Preparing files to reimport...[39m[0m
[  64% ] [90m[1mreimport[22m | Preparing files to reimport...[39m[0m
[  64% ] [90m[1mreimport[22m | Preparing files to reimport...[39m[0m
[  64% ] [90m[1mreimport[22m | Preparing files to reimport...[39m[0m
[  64% ] [90m[1mreimport[22m | Preparing files to reimport...[39m[0m
[  64% ] [90m[1mreimport[22m | Preparing files to reimport...[39m[0m
[  64% ] [90m[1mreimport[22m | Preparing files to reimport...[39m[0m
[  64% ] [90m[1mreimport[22m | Preparing files to reimport...[39m[0m
[  64% ] [90m[1mreimport[22m | Preparing files to reimport...[39m[0m
[  64% ] [90m[1mreimport[22m | Preparing files to reimport...[39m[0m
[  65% ] [90m[1mreimport[22m | Preparing files to reimport...[39m[0m
[  65% ] [90m[1mreimport[22m | Preparing files to reimport...[39m[0m
[  65% ] [90m[1mreimport[22m | Preparing files to reimport...[39m[0m
[  65% ] [90m[1mreimport[22m | Preparing files to reimport...[39m[0m
[  65% ] [90m[1mreimport[22m | Preparing files to reimport...[39m[0m
[  65% ] [90m[1mreimport[22m | Preparing files to reimport...[39m[0m
[  65% ] [90m[1mreimport[22m | Preparing files to reimport...[39m[0m
[  65% ] [90m[1mreimport[22m | Preparing files to reimport...[39m[0m
[  65% ] [90m[1mreimport[22m | Preparing files to reimport...[39m[0m
[  65% ] [90m[1mreimport[22m | Preparing files to reimport...[39m[0m
[  65% ] [90m[1mreimport[22m | Preparing files to reimport...[39m[0m
[  65% ] [90m[1mreimport[22m | Preparing files to reimport...[39m[0m
[  65% ] [90m[1mreimport[22m | Preparing files to reimport...[39m[0m
[  65% ] [90m[1mreimport[22m | Preparing files to reimport...[39m[0m
[  65% ] [90m[1mreimport[22m | Preparing files to reimport...[39m[0m
[  65% ] [90m[1mreimport[22m | Preparing files to reimport...[39m[0m
[  65% ] [90m[1mreimport[22m | Preparing files to reimport...[39m[0m
[  65% ] [90m[1mreimport[22m | Preparing files to reimport...[39m[0m
[  65% ] [90m[1mreimport[22m | Preparing files to reimport...[39m[0m
[  65% ] [90m[1mreimport[22m | Preparing files to reimport...[39m[0m
[  66% ] [90m[1mreimport[22m | Preparing files to reimport...[39m[0m
[  66% ] [90m[1mreimport[22m | Preparing files to reimport...[39m[0m
[  66% ] [90m[1mreimport[22m | Preparing files to reimport...[39m[0m
[  66% ] [90m[1mreimport[22m | Preparing files to reimport...[39m[0m
[  66% ] [90m[1mreimport[22m | Preparing files to reimport...[39m[0m
[  66% ] [90m[1mreimport[22m | Preparing files to reimport...[39m[0m
[  66% ] [90m[1mreimport[22m | Preparing files to reimport...[39m[0m
[  66% ] [90m[1mreimport[22m | Preparing files to reimport...[39m[0m
[  66% ] [90m[1mreimport[22m | Preparing files to reimport...[39m[0m
[  66% ] [90m[1mreimport[22m | Preparing files to reimport...[39m[0m
[  66% ] [90m[1mreimport[22m | Preparing files to reimport...[39m[0m
[  66% ] [90m[1mreimport[22m | Preparing files to reimport...[39m[0m
[  66% ] [90m[1mreimport[22m | Preparing files to reimport...[39m[0m
[  66% ] [90m[1mreimport[22m | Preparing files to reimport...[39m[0m
[  66% ] [90m[1mreimport[22m | Preparing files to reimport...[39m[0m
[  66% ] [90m[1mreimport[22m | Preparing files to reimport...[39m[0m
[  66% ] [90m[1mreimport[22m | Preparing files to reimport...[39m[0m
[  66% ] [90m[1mreimport[22m | Preparing files to reimport...[39m[0m
[  66% ] [90m[1mreimport[22m | Preparing files to reimport...[39m[0m
[  66% ] [90m[1mreimport[22m | Preparing files to reimport...[39m[0m
[  66% ] [90m[1mreimport[22m | Preparing files to reimport...[39m[0m
[  67% ] [90m[1mreimport[22m | Preparing files to reimport...[39m[0m
[  67% ] [90m[1mreimport[22m | Preparing files to reimport...[39m[0m
[  67% ] [90m[1mreimport[22m | Preparing files to reimport...[39m[0m
[  67% ] [90m[1mreimport[22m | Preparing files to reimport...[39m[0m
[  67% ] [90m[1mreimport[22m | Preparing files to reimport...[39m[0m
[  67% ] [90m[1mreimport[22m | Preparing files to reimport...[39m[0m
[  67% ] [90m[1mreimport[22m | Preparing files to reimport...[39m[0m
[  67% ] [90m[1mreimport[22m | Preparing files to reimport...[39m[0m
[  67% ] [90m[1mreimport[22m | Preparing files to reimport...[39m[0m
[  67% ] [90m[1mreimport[22m | Preparing files to reimport...[39m[0m
[  67% ] [90m[1mreimport[22m | Preparing files to reimport...[39m[0m
[  67% ] [90m[1mreimport[22m | Preparing files to reimport...[39m[0m
[  67% ] [90m[1mreimport[22m | Preparing files to reimport...[39m[0m
[  67% ] [90m[1mreimport[22m | Preparing files to reimport...[39m[0m
[  67% ] [90m[1mreimport[22m | Preparing files to reimport...[39m[0m
[  67% ] [90m[1mreimport[22m | Preparing files to reimport...[39m[0m
[  67% ] [90m[1mreimport[22m | Preparing files to reimport...[39m[0m
[  67% ] [90m[1mreimport[22m | Preparing files to reimport...[39m[0m
[  67% ] [90m[1mreimport[22m | Preparing files to reimport...[39m[0m
[  67% ] [90m[1mreimport[22m | Preparing files to reimport...[39m[0m
[  67% ] [90m[1mreimport[22m | Preparing files to reimport...[39m[0m
[  68% ] [90m[1mreimport[22m | Preparing files to reimport...[39m[0m
[  68% ] [90m[1mreimport[22m | Preparing files to reimport...[39m[0m
[  68% ] [90m[1mreimport[22m | Preparing files to reimport...[39m[0m
[  68% ] [90m[1mreimport[22m | Preparing files to reimport...[39m[0m
[  68% ] [90m[1mreimport[22m | Preparing files to reimport...[39m[0m
[  68% ] [90m[1mreimport[22m | Preparing files to reimport...[39m[0m
[  68% ] [90m[1mreimport[22m | Preparing files to reimport...[39m[0m
[  68% ] [90m[1mreimport[22m | Preparing files to reimport...[39m[0m
[  68% ] [90m[1mreimport[22m | Preparing files to reimport...[39m[0m
[  68% ] [90m[1mreimport[22m | Preparing files to reimport...[39m[0m
[  68% ] [90m[1mreimport[22m | Preparing files to reimport...[39m[0m
[  68% ] [90m[1mreimport[22m | Preparing files to reimport...[39m[0m
[  68% ] [90m[1mreimport[22m | Preparing files to reimport...[39m[0m
[  68% ] [90m[1mreimport[22m | Preparing files to reimport...[39m[0m
[  68% ] [90m[1mreimport[22m | Preparing files to reimport...[39m[0m
[  68% ] [90m[1mreimport[22m | Preparing files to reimport...[39m[0m
[  68% ] [90m[1mreimport[22m | Preparing files to reimport...[39m[0m
[  68% ] [90m[1mreimport[22m | Preparing files to reimport...[39m[0m
[  68% ] [90m[1mreimport[22m | Preparing files to reimport...[39m[0m
[  68% ] [90m[1mreimport[22m | Preparing files to reimport...[39m[0m
[  68% ] [90m[1mreimport[22m | Preparing files to reimport...[39m[0m
[  69% ] [90m[1mreimport[22m | Preparing files to reimport...[39m[0m
[  69% ] [90m[1mreimport[22m | Preparing files to reimport...[39m[0m
[  69% ] [90m[1mreimport[22m | Preparing files to reimport...[39m[0m
[  69% ] [90m[1mreimport[22m | Preparing files to reimport...[39m[0m
[  69% ] [90m[1mreimport[22m | Preparing files to reimport...[39m[0m
[  69% ] [90m[1mreimport[22m | Preparing files to reimport...[39m[0m
[  69% ] [90m[1mreimport[22m | Preparing files to reimport...[39m[0m
[  69% ] [90m[1mreimport[22m | Preparing files to reimport...[39m[0m
[  69% ] [90m[1mreimport[22m | Preparing files to reimport...[39m[0m
[  69% ] [90m[1mreimport[22m | Preparing files to reimport...[39m[0m
[  69% ] [90m[1mreimport[22m | Preparing files to reimport...[39m[0m
[  69% ] [90m[1mreimport[22m | Preparing files to reimport...[39m[0m
[  69% ] [90m[1mreimport[22m | Preparing files to reimport...[39m[0m
[  69% ] [90m[1mreimport[22m | Preparing files to reimport...[39m[0m
[  69% ] [90m[1mreimport[22m | Preparing files to reimport...[39m[0m
[  69% ] [90m[1mreimport[22m | Preparing files to reimport...[39m[0m
[  69% ] [90m[1mreimport[22m | Preparing files to reimport...[39m[0m
[  69% ] [90m[1mreimport[22m | Preparing files to reimport...[39m[0m
[  69% ] [90m[1mreimport[22m | Preparing files to reimport...[39m[0m
[  69% ] [90m[1mreimport[22m | Preparing files to reimport...[39m[0m
[  70% ] [90m[1mreimport[22m | Preparing files to reimport...[39m[0m
[  70% ] [90m[1mreimport[22m | Preparing files to reimport...[39m[0m
[  70% ] [90m[1mreimport[22m | Preparing files to reimport...[39m[0m
[  70% ] [90m[1mreimport[22m | Preparing files to reimport...[39m[0m
[  70% ] [90m[1mreimport[22m | Preparing files to reimport...[39m[0m
[  70% ] [90m[1mreimport[22m | Preparing files to reimport...[39m[0m
[  70% ] [90m[1mreimport[22m | Preparing files to reimport...[39m[0m
[  70% ] [90m[1mreimport[22m | Preparing files to reimport...[39m[0m
[  70% ] [90m[1mreimport[22m | Preparing files to reimport...[39m[0m
[  70% ] [90m[1mreimport[22m | Preparing files to reimport...[39m[0m
[  70% ] [90m[1mreimport[22m | Preparing files to reimport...[39m[0m
[  70% ] [90m[1mreimport[22m | Preparing files to reimport...[39m[0m
[  70% ] [90m[1mreimport[22m | Preparing files to reimport...[39m[0m
[  70% ] [90m[1mreimport[22m | Preparing files to reimport...[39m[0m
[  70% ] [90m[1mreimport[22m | Preparing files to reimport...[39m[0m
[  70% ] [90m[1mreimport[22m | Preparing files to reimport...[39m[0m
[  70% ] [90m[1mreimport[22m | Preparing files to reimport...[39m[0m
[  70% ] [90m[1mreimport[22m | Preparing files to reimport...[39m[0m
[  70% ] [90m[1mreimport[22m | Preparing files to reimport...[39m[0m
[  70% ] [90m[1mreimport[22m | Preparing files to reimport...[39m[0m
[  70% ] [90m[1mreimport[22m | Preparing files to reimport...[39m[0m
[  71% ] [90m[1mreimport[22m | Preparing files to reimport...[39m[0m
[  71% ] [90m[1mreimport[22m | Preparing files to reimport...[39m[0m
[  71% ] [90m[1mreimport[22m | Preparing files to reimport...[39m[0m
[  71% ] [90m[1mreimport[22m | Preparing files to reimport...[39m[0m
[  71% ] [90m[1mreimport[22m | Preparing files to reimport...[39m[0m
[  71% ] [90m[1mreimport[22m | Preparing files to reimport...[39m[0m
[  71% ] [90m[1mreimport[22m | Preparing files to reimport...[39m[0m
[  71% ] [90m[1mreimport[22m | Preparing files to reimport...[39m[0m
[  71% ] [90m[1mreimport[22m | Preparing files to reimport...[39m[0m
[  71% ] [90m[1mreimport[22m | Preparing files to reimport...[39m[0m
[  71% ] [90m[1mreimport[22m | Preparing files to reimport...[39m[0m
[  71% ] [90m[1mreimport[22m | Preparing files to reimport...[39m[0m
[  71% ] [90m[1mreimport[22m | Preparing files to reimport...[39m[0m
[  71% ] [90m[1mreimport[22m | Preparing files to reimport...[39m[0m
[  71% ] [90m[1mreimport[22m | Preparing files to reimport...[39m[0m
[  71% ] [90m[1mreimport[22m | Preparing files to reimport...[39m[0m
[  71% ] [90m[1mreimport[22m | Preparing files to reimport...[39m[0m
[  71% ] [90m[1mreimport[22m | Preparing files to reimport...[39m[0m
[  71% ] [90m[1mreimport[22m | Preparing files to reimport...[39m[0m
[  71% ] [90m[1mreimport[22m | Preparing files to reimport...[39m[0m
[  71% ] [90m[1mreimport[22m | Preparing files to reimport...[39m[0m
[  72% ] [90m[1mreimport[22m | Preparing files to reimport...[39m[0m
[  72% ] [90m[1mreimport[22m | Preparing files to reimport...[39m[0m
[  72% ] [90m[1mreimport[22m | Preparing files to reimport...[39m[0m
[  72% ] [90m[1mreimport[22m | Preparing files to reimport...[39m[0m
[  72% ] [90m[1mreimport[22m | Preparing files to reimport...[39m[0m
[  72% ] [90m[1mreimport[22m | Preparing files to reimport...[39m[0m
[  72% ] [90m[1mreimport[22m | Preparing files to reimport...[39m[0m
[  72% ] [90m[1mreimport[22m | Preparing files to reimport...[39m[0m
[  72% ] [90m[1mreimport[22m | Preparing files to reimport...[39m[0m
[  72% ] [90m[1mreimport[22m | Preparing files to reimport...[39m[0m
[  72% ] [90m[1mreimport[22m | Preparing files to reimport...[39m[0m
[  72% ] [90m[1mreimport[22m | Preparing files to reimport...[39m[0m
[  72% ] [90m[1mreimport[22m | Preparing files to reimport...[39m[0m
[  72% ] [90m[1mreimport[22m | Preparing files to reimport...[39m[0m
[  72% ] [90m[1mreimport[22m | Preparing files to reimport...[39m[0m
[  72% ] [90m[1mreimport[22m | Preparing files to reimport...[39m[0m
[  72% ] [90m[1mreimport[22m | Preparing files to reimport...[39m[0m
[  72% ] [90m[1mreimport[22m | Preparing files to reimport...[39m[0m
[  72% ] [90m[1mreimport[22m | Preparing files to reimport...[39m[0m
[  72% ] [90m[1mreimport[22m | Preparing files to reimport...[39m[0m
[  72% ] [90m[1mreimport[22m | Preparing files to reimport...[39m[0m
[  73% ] [90m[1mreimport[22m | Preparing files to reimport...[39m[0m
[  73% ] [90m[1mreimport[22m | Preparing files to reimport...[39m[0m
[  73% ] [90m[1mreimport[22m | Preparing files to reimport...[39m[0m
[  73% ] [90m[1mreimport[22m | Preparing files to reimport...[39m[0m
[  73% ] [90m[1mreimport[22m | Preparing files to reimport...[39m[0m
[  73% ] [90m[1mreimport[22m | Preparing files to reimport...[39m[0m
[  73% ] [90m[1mreimport[22m | Preparing files to reimport...[39m[0m
[  73% ] [90m[1mreimport[22m | Preparing files to reimport...[39m[0m
[  73% ] [90m[1mreimport[22m | Preparing files to reimport...[39m[0m
[  73% ] [90m[1mreimport[22m | Preparing files to reimport...[39m[0m
[  73% ] [90m[1mreimport[22m | Preparing files to reimport...[39m[0m
[  73% ] [90m[1mreimport[22m | Preparing files to reimport...[39m[0m
[  73% ] [90m[1mreimport[22m | Preparing files to reimport...[39m[0m
[  73% ] [90m[1mreimport[22m | Preparing files to reimport...[39m[0m
[  73% ] [90m[1mreimport[22m | Preparing files to reimport...[39m[0m
[  73% ] [90m[1mreimport[22m | Preparing files to reimport...[39m[0m
[  73% ] [90m[1mreimport[22m | Preparing files to reimport...[39m[0m
[  73% ] [90m[1mreimport[22m | Preparing files to reimport...[39m[0m
[  73% ] [90m[1mreimport[22m | Preparing files to reimport...[39m[0m
[  73% ] [90m[1mreimport[22m | Preparing files to reimport...[39m[0m
[  74% ] [90m[1mreimport[22m | Preparing files to reimport...[39m[0m
[  74% ] [90m[1mreimport[22m | Preparing files to reimport...[39m[0m
[  74% ] [90m[1mreimport[22m | Preparing files to reimport...[39m[0m
[  74% ] [90m[1mreimport[22m | Preparing files to reimport...[39m[0m
[  74% ] [90m[1mreimport[22m | Preparing files to reimport...[39m[0m
[  74% ] [90m[1mreimport[22m | Preparing files to reimport...[39m[0m
[  74% ] [90m[1mreimport[22m | Preparing files to reimport...[39m[0m
[  74% ] [90m[1mreimport[22m | Preparing files to reimport...[39m[0m
[  74% ] [90m[1mreimport[22m | Preparing files to reimport...[39m[0m
[  74% ] [90m[1mreimport[22m | Preparing files to reimport...[39m[0m
[  74% ] [90m[1mreimport[22m | Preparing files to reimport...[39m[0m
[  74% ] [90m[1mreimport[22m | Preparing files to reimport...[39m[0m
[  74% ] [90m[1mreimport[22m | Preparing files to reimport...[39m[0m
[  74% ] [90m[1mreimport[22m | Preparing files to reimport...[39m[0m
[  74% ] [90m[1mreimport[22m | Preparing files to reimport...[39m[0m
[  74% ] [90m[1mreimport[22m | Preparing files to reimport...[39m[0m
[  74% ] [90m[1mreimport[22m | Preparing files to reimport...[39m[0m
[  74% ] [90m[1mreimport[22m | Preparing files to reimport...[39m[0m
[  74% ] [90m[1mreimport[22m | Preparing files to reimport...[39m[0m
[  74% ] [90m[1mreimport[22m | Preparing files to reimport...[39m[0m
[  74% ] [90m[1mreimport[22m | Preparing files to reimport...[39m[0m
[  75% ] [90m[1mreimport[22m | Preparing files to reimport...[39m[0m
[  75% ] [90m[1mreimport[22m | Preparing files to reimport...[39m[0m
[  75% ] [90m[1mreimport[22m | Preparing files to reimport...[39m[0m
[  75% ] [90m[1mreimport[22m | Preparing files to reimport...[39m[0m
[  75% ] [90m[1mreimport[22m | Preparing files to reimport...[39m[0m
[  75% ] [90m[1mreimport[22m | Preparing files to reimport...[39m[0m
[  75% ] [90m[1mreimport[22m | Preparing files to reimport...[39m[0m
[  75% ] [90m[1mreimport[22m | Preparing files to reimport...[39m[0m
[  75% ] [90m[1mreimport[22m | Preparing files to reimport...[39m[0m
[  75% ] [90m[1mreimport[22m | Preparing files to reimport...[39m[0m
[  75% ] [90m[1mreimport[22m | Preparing files to reimport...[39m[0m
[  75% ] [90m[1mreimport[22m | Preparing files to reimport...[39m[0m
[  75% ] [90m[1mreimport[22m | Preparing files to reimport...[39m[0m
[  75% ] [90m[1mreimport[22m | Preparing files to reimport...[39m[0m
[  75% ] [90m[1mreimport[22m | Preparing files to reimport...[39m[0m
[  75% ] [90m[1mreimport[22m | Preparing files to reimport...[39m[0m
[  75% ] [90m[1mreimport[22m | Preparing files to reimport...[39m[0m
[  75% ] [90m[1mreimport[22m | Preparing files to reimport...[39m[0m
[  75% ] [90m[1mreimport[22m | Preparing files to reimport...[39m[0m
[  75% ] [90m[1mreimport[22m | Preparing files to reimport...[39m[0m
[  75% ] [90m[1mreimport[22m | Preparing files to reimport...[39m[0m
[  76% ] [90m[1mreimport[22m | Preparing files to reimport...[39m[0m
[  76% ] [90m[1mreimport[22m | Preparing files to reimport...[39m[0m
[  76% ] [90m[1mreimport[22m | Preparing files to reimport...[39m[0m
[  76% ] [90m[1mreimport[22m | Preparing files to reimport...[39m[0m
[  76% ] [90m[1mreimport[22m | Preparing files to reimport...[39m[0m
[  76% ] [90m[1mreimport[22m | Preparing files to reimport...[39m[0m
[  76% ] [90m[1mreimport[22m | Preparing files to reimport...[39m[0m
[  76% ] [90m[1mreimport[22m | Preparing files to reimport...[39m[0m
[  76% ] [90m[1mreimport[22m | Preparing files to reimport...[39m[0m
[  76% ] [90m[1mreimport[22m | Preparing files to reimport...[39m[0m
[  76% ] [90m[1mreimport[22m | Preparing files to reimport...[39m[0m
[  76% ] [90m[1mreimport[22m | Preparing files to reimport...[39m[0m
[  76% ] [90m[1mreimport[22m | Preparing files to reimport...[39m[0m
[  76% ] [90m[1mreimport[22m | Preparing files to reimport...[39m[0m
[  76% ] [90m[1mreimport[22m | Preparing files to reimport...[39m[0m
[  76% ] [90m[1mreimport[22m | Preparing files to reimport...[39m[0m
[  76% ] [90m[1mreimport[22m | Preparing files to reimport...[39m[0m
[  76% ] [90m[1mreimport[22m | Preparing files to reimport...[39m[0m
[  76% ] [90m[1mreimport[22m | Preparing files to reimport...[39m[0m
[  76% ] [90m[1mreimport[22m | Preparing files to reimport...[39m[0m
[  77% ] [90m[1mreimport[22m | Preparing files to reimport...[39m[0m
[  77% ] [90m[1mreimport[22m | Preparing files to reimport...[39m[0m
[  77% ] [90m[1mreimport[22m | Preparing files to reimport...[39m[0m
[  77% ] [90m[1mreimport[22m | Preparing files to reimport...[39m[0m
[  77% ] [90m[1mreimport[22m | Preparing files to reimport...[39m[0m
[  77% ] [90m[1mreimport[22m | Preparing files to reimport...[39m[0m
[  77% ] [90m[1mreimport[22m | Preparing files to reimport...[39m[0m
[  77% ] [90m[1mreimport[22m | Preparing files to reimport...[39m[0m
[  77% ] [90m[1mreimport[22m | Preparing files to reimport...[39m[0m
[  77% ] [90m[1mreimport[22m | Preparing files to reimport...[39m[0m
[  77% ] [90m[1mreimport[22m | Preparing files to reimport...[39m[0m
[  77% ] [90m[1mreimport[22m | Preparing files to reimport...[39m[0m
[  77% ] [90m[1mreimport[22m | Preparing files to reimport...[39m[0m
[  77% ] [90m[1mreimport[22m | Preparing files to reimport...[39m[0m
[  77% ] [90m[1mreimport[22m | Preparing files to reimport...[39m[0m
[  77% ] [90m[1mreimport[22m | Preparing files to reimport...[39m[0m
[  77% ] [90m[1mreimport[22m | Preparing files to reimport...[39m[0m
[  77% ] [90m[1mreimport[22m | Preparing files to reimport...[39m[0m
[  77% ] [90m[1mreimport[22m | Preparing files to reimport...[39m[0m
[  77% ] [90m[1mreimport[22m | Preparing files to reimport...[39m[0m
[  77% ] [90m[1mreimport[22m | Preparing files to reimport...[39m[0m
[  78% ] [90m[1mreimport[22m | Preparing files to reimport...[39m[0m
[  78% ] [90m[1mreimport[22m | Preparing files to reimport...[39m[0m
[  78% ] [90m[1mreimport[22m | Preparing files to reimport...[39m[0m
[  78% ] [90m[1mreimport[22m | Preparing files to reimport...[39m[0m
[  78% ] [90m[1mreimport[22m | Preparing files to reimport...[39m[0m
[  78% ] [90m[1mreimport[22m | Preparing files to reimport...[39m[0m
[  78% ] [90m[1mreimport[22m | Preparing files to reimport...[39m[0m
[  78% ] [90m[1mreimport[22m | Preparing files to reimport...[39m[0m
[  78% ] [90m[1mreimport[22m | Preparing files to reimport...[39m[0m
[  78% ] [90m[1mreimport[22m | Preparing files to reimport...[39m[0m
[  78% ] [90m[1mreimport[22m | Preparing files to reimport...[39m[0m
[  78% ] [90m[1mreimport[22m | Preparing files to reimport...[39m[0m
[  78% ] [90m[1mreimport[22m | Preparing files to reimport...[39m[0m
[  78% ] [90m[1mreimport[22m | Preparing files to reimport...[39m[0m
[  78% ] [90m[1mreimport[22m | Preparing files to reimport...[39m[0m
[  78% ] [90m[1mreimport[22m | Preparing files to reimport...[39m[0m
[  78% ] [90m[1mreimport[22m | Preparing files to reimport...[39m[0m
[  78% ] [90m[1mreimport[22m | Preparing files to reimport...[39m[0m
[  78% ] [90m[1mreimport[22m | Preparing files to reimport...[39m[0m
[  78% ] [90m[1mreimport[22m | Preparing files to reimport...[39m[0m
[  78% ] [90m[1mreimport[22m | Preparing files to reimport...[39m[0m
[  79% ] [90m[1mreimport[22m | Preparing files to reimport...[39m[0m
[  79% ] [90m[1mreimport[22m | Preparing files to reimport...[39m[0m
[  79% ] [90m[1mreimport[22m | Preparing files to reimport...[39m[0m
[  79% ] [90m[1mreimport[22m | Preparing files to reimport...[39m[0m
[  79% ] [90m[1mreimport[22m | Preparing files to reimport...[39m[0m
[  79% ] [90m[1mreimport[22m | Preparing files to reimport...[39m[0m
[  79% ] [90m[1mreimport[22m | Preparing files to reimport...[39m[0m
[  79% ] [90m[1mreimport[22m | Preparing files to reimport...[39m[0m
[  79% ] [90m[1mreimport[22m | Preparing files to reimport...[39m[0m
[  79% ] [90m[1mreimport[22m | Preparing files to reimport...[39m[0m
[  79% ] [90m[1mreimport[22m | Preparing files to reimport...[39m[0m
[  79% ] [90m[1mreimport[22m | Preparing files to reimport...[39m[0m
[  79% ] [90m[1mreimport[22m | Preparing files to reimport...[39m[0m
[  79% ] [90m[1mreimport[22m | Preparing files to reimport...[39m[0m
[  79% ] [90m[1mreimport[22m | Preparing files to reimport...[39m[0m
[  79% ] [90m[1mreimport[22m | Preparing files to reimport...[39m[0m
[  79% ] [90m[1mreimport[22m | Preparing files to reimport...[39m[0m
[  79% ] [90m[1mreimport[22m | Preparing files to reimport...[39m[0m
[  79% ] [90m[1mreimport[22m | Preparing files to reimport...[39m[0m
[  79% ] [90m[1mreimport[22m | Preparing files to reimport...[39m[0m
[  79% ] [90m[1mreimport[22m | Preparing files to reimport...[39m[0m
[  80% ] [90m[1mreimport[22m | Preparing files to reimport...[39m[0m
[  80% ] [90m[1mreimport[22m | Preparing files to reimport...[39m[0m
[  80% ] [90m[1mreimport[22m | Preparing files to reimport...[39m[0m
[  80% ] [90m[1mreimport[22m | Preparing files to reimport...[39m[0m
[  80% ] [90m[1mreimport[22m | Preparing files to reimport...[39m[0m
[  80% ] [90m[1mreimport[22m | Preparing files to reimport...[39m[0m
[  80% ] [90m[1mreimport[22m | Preparing files to reimport...[39m[0m
[  80% ] [90m[1mreimport[22m | Preparing files to reimport...[39m[0m
[  80% ] [90m[1mreimport[22m | Preparing files to reimport...[39m[0m
[  80% ] [90m[1mreimport[22m | Preparing files to reimport...[39m[0m
[  80% ] [90m[1mreimport[22m | Preparing files to reimport...[39m[0m
[  80% ] [90m[1mreimport[22m | Preparing files to reimport...[39m[0m
[  80% ] [90m[1mreimport[22m | Preparing files to reimport...[39m[0m
[  80% ] [90m[1mreimport[22m | Preparing files to reimport...[39m[0m
[  80% ] [90m[1mreimport[22m | Preparing files to reimport...[39m[0m
[  80% ] [90m[1mreimport[22m | Preparing files to reimport...[39m[0m
[  80% ] [90m[1mreimport[22m | Preparing files to reimport...[39m[0m
[  80% ] [90m[1mreimport[22m | Preparing files to reimport...[39m[0m
[  80% ] [90m[1mreimport[22m | Preparing files to reimport...[39m[0m
[  80% ] [90m[1mreimport[22m | Preparing files to reimport...[39m[0m
[  81% ] [90m[1mreimport[22m | Preparing files to reimport...[39m[0m
[  81% ] [90m[1mreimport[22m | Preparing files to reimport...[39m[0m
[  81% ] [90m[1mreimport[22m | Preparing files to reimport...[39m[0m
[  81% ] [90m[1mreimport[22m | Preparing files to reimport...[39m[0m
[  81% ] [90m[1mreimport[22m | Preparing files to reimport...[39m[0m
[  81% ] [90m[1mreimport[22m | Preparing files to reimport...[39m[0m
[  81% ] [90m[1mreimport[22m | Preparing files to reimport...[39m[0m
[  81% ] [90m[1mreimport[22m | Preparing files to reimport...[39m[0m
[  81% ] [90m[1mreimport[22m | Preparing files to reimport...[39m[0m
[  81% ] [90m[1mreimport[22m | Preparing files to reimport...[39m[0m
[  81% ] [90m[1mreimport[22m | Preparing files to reimport...[39m[0m
[  81% ] [90m[1mreimport[22m | Preparing files to reimport...[39m[0m
[  81% ] [90m[1mreimport[22m | Preparing files to reimport...[39m[0m
[  81% ] [90m[1mreimport[22m | Preparing files to reimport...[39m[0m
[  81% ] [90m[1mreimport[22m | Preparing files to reimport...[39m[0m
[  81% ] [90m[1mreimport[22m | Preparing files to reimport...[39m[0m
[  81% ] [90m[1mreimport[22m | Preparing files to reimport...[39m[0m
[  81% ] [90m[1mreimport[22m | Preparing files to reimport...[39m[0m
[  81% ] [90m[1mreimport[22m | Preparing files to reimport...[39m[0m
[  81% ] [90m[1mreimport[22m | Preparing files to reimport...[39m[0m
[  81% ] [90m[1mreimport[22m | Preparing files to reimport...[39m[0m
[  82% ] [90m[1mreimport[22m | Preparing files to reimport...[39m[0m
[  82% ] [90m[1mreimport[22m | Preparing files to reimport...[39m[0m
[  82% ] [90m[1mreimport[22m | Preparing files to reimport...[39m[0m
[  82% ] [90m[1mreimport[22m | Preparing files to reimport...[39m[0m
[  82% ] [90m[1mreimport[22m | Preparing files to reimport...[39m[0m
[  82% ] [90m[1mreimport[22m | Preparing files to reimport...[39m[0m
[  82% ] [90m[1mreimport[22m | Preparing files to reimport...[39m[0m
[  82% ] [90m[1mreimport[22m | Preparing files to reimport...[39m[0m
[  82% ] [90m[1mreimport[22m | Preparing files to reimport...[39m[0m
[  82% ] [90m[1mreimport[22m | Preparing files to reimport...[39m[0m
[  82% ] [90m[1mreimport[22m | Preparing files to reimport...[39m[0m
[  82% ] [90m[1mreimport[22m | Preparing files to reimport...[39m[0m
[  82% ] [90m[1mreimport[22m | Preparing files to reimport...[39m[0m
[  82% ] [90m[1mreimport[22m | Preparing files to reimport...[39m[0m
[  82% ] [90m[1mreimport[22m | Preparing files to reimport...[39m[0m
[  82% ] [90m[1mreimport[22m | Preparing files to reimport...[39m[0m
[  82% ] [90m[1mreimport[22m | Preparing files to reimport...[39m[0m
[  82% ] [90m[1mreimport[22m | Preparing files to reimport...[39m[0m
[  82% ] [90m[1mreimport[22m | Preparing files to reimport...[39m[0m
[  82% ] [90m[1mreimport[22m | Preparing files to reimport...[39m[0m
[  82% ] [90m[1mreimport[22m | Preparing files to reimport...[39m[0m
[  83% ] [90m[1mreimport[22m | Preparing files to reimport...[39m[0m
[  83% ] [90m[1mreimport[22m | Preparing files to reimport...[39m[0m
[  83% ] [90m[1mreimport[22m | Preparing files to reimport...[39m[0m
[  83% ] [90m[1mreimport[22m | Preparing files to reimport...[39m[0m
[  83% ] [90m[1mreimport[22m | Preparing files to reimport...[39m[0m
[  83% ] [90m[1mreimport[22m | Preparing files to reimport...[39m[0m
[  83% ] [90m[1mreimport[22m | Preparing files to reimport...[39m[0m
[  83% ] [90m[1mreimport[22m | Preparing files to reimport...[39m[0m
[  83% ] [90m[1mreimport[22m | Preparing files to reimport...[39m[0m
[  83% ] [90m[1mreimport[22m | Preparing files to reimport...[39m[0m
[  83% ] [90m[1mreimport[22m | Preparing files to reimport...[39m[0m
[  83% ] [90m[1mreimport[22m | Preparing files to reimport...[39m[0m
[  83% ] [90m[1mreimport[22m | Preparing files to reimport...[39m[0m
[  83% ] [90m[1mreimport[22m | Preparing files to reimport...[39m[0m
[  83% ] [90m[1mreimport[22m | Preparing files to reimport...[39m[0m
[  83% ] [90m[1mreimport[22m | Preparing files to reimport...[39m[0m
[  83% ] [90m[1mreimport[22m | Preparing files to reimport...[39m[0m
[  83% ] [90m[1mreimport[22m | Preparing files to reimport...[39m[0m
[  83% ] [90m[1mreimport[22m | Preparing files to reimport...[39m[0m
[  83% ] [90m[1mreimport[22m | Preparing files to reimport...[39m[0m
[  83% ] [90m[1mreimport[22m | Preparing files to reimport...[39m[0m
[  84% ] [90m[1mreimport[22m | Preparing files to reimport...[39m[0m
[  84% ] [90m[1mreimport[22m | Preparing files to reimport...[39m[0m
[  84% ] [90m[1mreimport[22m | Preparing files to reimport...[39m[0m
[  84% ] [90m[1mreimport[22m | Preparing files to reimport...[39m[0m
[  84% ] [90m[1mreimport[22m | Preparing files to reimport...[39m[0m
[  84% ] [90m[1mreimport[22m | Preparing files to reimport...[39m[0m
[  84% ] [90m[1mreimport[22m | Preparing files to reimport...[39m[0m
[  84% ] [90m[1mreimport[22m | Preparing files to reimport...[39m[0m
[  84% ] [90m[1mreimport[22m | Preparing files to reimport...[39m[0m
[  84% ] [90m[1mreimport[22m | Preparing files to reimport...[39m[0m
[  84% ] [90m[1mreimport[22m | Preparing files to reimport...[39m[0m
[  84% ] [90m[1mreimport[22m | Preparing files to reimport...[39m[0m
[  84% ] [90m[1mreimport[22m | Preparing files to reimport...[39m[0m
[  84% ] [90m[1mreimport[22m | Preparing files to reimport...[39m[0m
[  84% ] [90m[1mreimport[22m | Preparing files to reimport...[39m[0m
[  84% ] [90m[1mreimport[22m | Preparing files to reimport...[39m[0m
[  84% ] [90m[1mreimport[22m | Preparing files to reimport...[39m[0m
[  84% ] [90m[1mreimport[22m | Preparing files to reimport...[39m[0m
[  84% ] [90m[1mreimport[22m | Preparing files to reimport...[39m[0m
[  84% ] [90m[1mreimport[22m | Preparing files to reimport...[39m[0m
[  85% ] [90m[1mreimport[22m | Preparing files to reimport...[39m[0m
[  85% ] [90m[1mreimport[22m | Preparing files to reimport...[39m[0m
[  85% ] [90m[1mreimport[22m | Preparing files to reimport...[39m[0m
[  85% ] [90m[1mreimport[22m | Preparing files to reimport...[39m[0m
[  85% ] [90m[1mreimport[22m | Preparing files to reimport...[39m[0m
[  85% ] [90m[1mreimport[22m | Preparing files to reimport...[39m[0m
[  85% ] [90m[1mreimport[22m | Preparing files to reimport...[39m[0m
[  85% ] [90m[1mreimport[22m | Preparing files to reimport...[39m[0m
[  85% ] [90m[1mreimport[22m | Preparing files to reimport...[39m[0m
[  85% ] [90m[1mreimport[22m | Preparing files to reimport...[39m[0m
[  85% ] [90m[1mreimport[22m | Preparing files to reimport...[39m[0m
[  85% ] [90m[1mreimport[22m | Preparing files to reimport...[39m[0m
[  85% ] [90m[1mreimport[22m | Preparing files to reimport...[39m[0m
[  85% ] [90m[1mreimport[22m | Preparing files to reimport...[39m[0m
[  85% ] [90m[1mreimport[22m | Preparing files to reimport...[39m[0m
[  85% ] [90m[1mreimport[22m | Preparing files to reimport...[39m[0m
[  85% ] [90m[1mreimport[22m | Preparing files to reimport...[39m[0m
[  85% ] [90m[1mreimport[22m | Preparing files to reimport...[39m[0m
[  85% ] [90m[1mreimport[22m | Preparing files to reimport...[39m[0m
[  85% ] [90m[1mreimport[22m | Preparing files to reimport...[39m[0m
[  85% ] [90m[1mreimport[22m | Preparing files to reimport...[39m[0m
[  86% ] [90m[1mreimport[22m | Preparing files to reimport...[39m[0m
[  86% ] [90m[1mreimport[22m | Preparing files to reimport...[39m[0m
[  86% ] [90m[1mreimport[22m | Preparing files to reimport...[39m[0m
[  86% ] [90m[1mreimport[22m | Preparing files to reimport...[39m[0m
[  86% ] [90m[1mreimport[22m | Preparing files to reimport...[39m[0m
[  86% ] [90m[1mreimport[22m | Preparing files to reimport...[39m[0m
[  86% ] [90m[1mreimport[22m | Preparing files to reimport...[39m[0m
[  86% ] [90m[1mreimport[22m | Preparing files to reimport...[39m[0m
[  86% ] [90m[1mreimport[22m | Preparing files to reimport...[39m[0m
[  86% ] [90m[1mreimport[22m | Preparing files to reimport...[39m[0m
[  86% ] [90m[1mreimport[22m | Preparing files to reimport...[39m[0m
[  86% ] [90m[1mreimport[22m | Preparing files to reimport...[39m[0m
[  86% ] [90m[1mreimport[22m | Preparing files to reimport...[39m[0m
[  86% ] [90m[1mreimport[22m | Preparing files to reimport...[39m[0m
[  86% ] [90m[1mreimport[22m | Preparing files to reimport...[39m[0m
[  86% ] [90m[1mreimport[22m | Preparing files to reimport...[39m[0m
[  86% ] [90m[1mreimport[22m | Preparing files to reimport...[39m[0m
[  86% ] [90m[1mreimport[22m | Preparing files to reimport...[39m[0m
[  86% ] [90m[1mreimport[22m | Preparing files to reimport...[39m[0m
[  86% ] [90m[1mreimport[22m | Preparing files to reimport...[39m[0m
[  86% ] [90m[1mreimport[22m | Preparing files to reimport...[39m[0m
[  87% ] [90m[1mreimport[22m | Preparing files to reimport...[39m[0m
[  87% ] [90m[1mreimport[22m | Preparing files to reimport...[39m[0m
[  87% ] [90m[1mreimport[22m | Preparing files to reimport...[39m[0m
[  87% ] [90m[1mreimport[22m | Preparing files to reimport...[39m[0m
[  87% ] [90m[1mreimport[22m | Preparing files to reimport...[39m[0m
[  87% ] [90m[1mreimport[22m | Preparing files to reimport...[39m[0m
[  87% ] [90m[1mreimport[22m | Preparing files to reimport...[39m[0m
[  87% ] [90m[1mreimport[22m | Preparing files to reimport...[39m[0m
[  87% ] [90m[1mreimport[22m | Preparing files to reimport...[39m[0m
[  87% ] [90m[1mreimport[22m | Preparing files to reimport...[39m[0m
[  87% ] [90m[1mreimport[22m | Preparing files to reimport...[39m[0m
[  87% ] [90m[1mreimport[22m | Preparing files to reimport...[39m[0m
[  87% ] [90m[1mreimport[22m | Preparing files to reimport...[39m[0m
[  87% ] [90m[1mreimport[22m | Preparing files to reimport...[39m[0m
[  87% ] [90m[1mreimport[22m | Preparing files to reimport...[39m[0m
[  87% ] [90m[1mreimport[22m | Preparing files to reimport...[39m[0m
[  87% ] [90m[1mreimport[22m | Preparing files to reimport...[39m[0m
[  87% ] [90m[1mreimport[22m | Preparing files to reimport...[39m[0m
[  87% ] [90m[1mreimport[22m | Preparing files to reimport...[39m[0m
[  87% ] [90m[1mreimport[22m | Preparing files to reimport...[39m[0m
[  87% ] [90m[1mreimport[22m | Preparing files to reimport...[39m[0m
[  88% ] [90m[1mreimport[22m | Preparing files to reimport...[39m[0m
[  88% ] [90m[1mreimport[22m | Preparing files to reimport...[39m[0m
[  88% ] [90m[1mreimport[22m | Preparing files to reimport...[39m[0m
[  88% ] [90m[1mreimport[22m | Preparing files to reimport...[39m[0m
[  88% ] [90m[1mreimport[22m | Preparing files to reimport...[39m[0m
[  88% ] [90m[1mreimport[22m | Preparing files to reimport...[39m[0m
[  88% ] [90m[1mreimport[22m | Preparing files to reimport...[39m[0m
[  88% ] [90m[1mreimport[22m | Preparing files to reimport...[39m[0m
[  88% ] [90m[1mreimport[22m | Preparing files to reimport...[39m[0m
[  88% ] [90m[1mreimport[22m | Preparing files to reimport...[39m[0m
[  88% ] [90m[1mreimport[22m | Preparing files to reimport...[39m[0m
[  88% ] [90m[1mreimport[22m | Preparing files to reimport...[39m[0m
[  88% ] [90m[1mreimport[22m | Preparing files to reimport...[39m[0m
[  88% ] [90m[1mreimport[22m | Preparing files to reimport...[39m[0m
[  88% ] [90m[1mreimport[22m | Preparing files to reimport...[39m[0m
[  88% ] [90m[1mreimport[22m | Preparing files to reimport...[39m[0m
[  88% ] [90m[1mreimport[22m | Preparing files to reimport...[39m[0m
[  88% ] [90m[1mreimport[22m | Preparing files to reimport...[39m[0m
[  88% ] [90m[1mreimport[22m | Preparing files to reimport...[39m[0m
[  88% ] [90m[1mreimport[22m | Preparing files to reimport...[39m[0m
[  89% ] [90m[1mreimport[22m | Preparing files to reimport...[39m[0m
[  89% ] [90m[1mreimport[22m | Preparing files to reimport...[39m[0m
[  89% ] [90m[1mreimport[22m | Preparing files to reimport...[39m[0m
[  89% ] [90m[1mreimport[22m | Preparing files to reimport...[39m[0m
[  89% ] [90m[1mreimport[22m | Preparing files to reimport...[39m[0m
[  89% ] [90m[1mreimport[22m | Preparing files to reimport...[39m[0m
[  89% ] [90m[1mreimport[22m | Preparing files to reimport...[39m[0m
[  89% ] [90m[1mreimport[22m | Preparing files to reimport...[39m[0m
[  89% ] [90m[1mreimport[22m | Preparing files to reimport...[39m[0m
[  89% ] [90m[1mreimport[22m | Preparing files to reimport...[39m[0m
[  89% ] [90m[1mreimport[22m | Preparing files to reimport...[39m[0m
[  89% ] [90m[1mreimport[22m | Preparing files to reimport...[39m[0m
[  89% ] [90m[1mreimport[22m | Preparing files to reimport...[39m[0m
[  89% ] [90m[1mreimport[22m | Preparing files to reimport...[39m[0m
[  89% ] [90m[1mreimport[22m | Preparing files to reimport...[39m[0m
[  89% ] [90m[1mreimport[22m | Preparing files to reimport...[39m[0m
[  89% ] [90m[1mreimport[22m | Preparing files to reimport...[39m[0m
[  89% ] [90m[1mreimport[22m | Preparing files to reimport...[39m[0m
[  89% ] [90m[1mreimport[22m | Preparing files to reimport...[39m[0m
[  89% ] [90m[1mreimport[22m | Preparing files to reimport...[39m[0m
[  89% ] [90m[1mreimport[22m | Preparing files to reimport...[39m[0m
[  90% ] [90m[1mreimport[22m | Preparing files to reimport...[39m[0m
[  90% ] [90m[1mreimport[22m | Preparing files to reimport...[39m[0m
[  90% ] [90m[1mreimport[22m | Preparing files to reimport...[39m[0m
[  90% ] [90m[1mreimport[22m | Preparing files to reimport...[39m[0m
[  90% ] [90m[1mreimport[22m | Preparing files to reimport...[39m[0m
[  90% ] [90m[1mreimport[22m | Preparing files to reimport...[39m[0m
[  90% ] [90m[1mreimport[22m | Preparing files to reimport...[39m[0m
[  90% ] [90m[1mreimport[22m | Preparing files to reimport...[39m[0m
[  90% ] [90m[1mreimport[22m | Preparing files to reimport...[39m[0m
[  90% ] [90m[1mreimport[22m | Preparing files to reimport...[39m[0m
[  90% ] [90m[1mreimport[22m | Preparing files to reimport...[39m[0m
[  90% ] [90m[1mreimport[22m | Preparing files to reimport...[39m[0m
[  90% ] [90m[1mreimport[22m | Preparing files to reimport...[39m[0m
[  90% ] [90m[1mreimport[22m | Preparing files to reimport...[39m[0m
[  90% ] [90m[1mreimport[22m | Preparing files to reimport...[39m[0m
[  90% ] [90m[1mreimport[22m | Preparing files to reimport...[39m[0m
[  90% ] [90m[1mreimport[22m | Preparing files to reimport...[39m[0m
[  90% ] [90m[1mreimport[22m | Preparing files to reimport...[39m[0m
[  90% ] [90m[1mreimport[22m | Preparing files to reimport...[39m[0m
[  90% ] [90m[1mreimport[22m | Preparing files to reimport...[39m[0m
[  90% ] [90m[1mreimport[22m | Preparing files to reimport...[39m[0m
[  91% ] [90m[1mreimport[22m | Preparing files to reimport...[39m[0m
[  91% ] [90m[1mreimport[22m | Preparing files to reimport...[39m[0m
[  91% ] [90m[1mreimport[22m | Preparing files to reimport...[39m[0m
[  91% ] [90m[1mreimport[22m | Preparing files to reimport...[39m[0m
[  91% ] [90m[1mreimport[22m | Preparing files to reimport...[39m[0m
[  91% ] [90m[1mreimport[22m | Preparing files to reimport...[39m[0m
[  91% ] [90m[1mreimport[22m | Preparing files to reimport...[39m[0m
[  91% ] [90m[1mreimport[22m | Preparing files to reimport...[39m[0m
[  91% ] [90m[1mreimport[22m | Preparing files to reimport...[39m[0m
[  91% ] [90m[1mreimport[22m | Preparing files to reimport...[39m[0m
[  91% ] [90m[1mreimport[22m | Preparing files to reimport...[39m[0m
[  91% ] [90m[1mreimport[22m | Preparing files to reimport...[39m[0m
[  91% ] [90m[1mreimport[22m | Preparing files to reimport...[39m[0m
[  91% ] [90m[1mreimport[22m | Preparing files to reimport...[39m[0m
[  91% ] [90m[1mreimport[22m | Preparing files to reimport...[39m[0m
[  91% ] [90m[1mreimport[22m | Preparing files to reimport...[39m[0m
[  91% ] [90m[1mreimport[22m | Preparing files to reimport...[39m[0m
[  91% ] [90m[1mreimport[22m | Preparing files to reimport...[39m[0m
[  91% ] [90m[1mreimport[22m | Preparing files to reimport...[39m[0m
[  91% ] [90m[1mreimport[22m | Preparing files to reimport...[39m[0m
[  91% ] [90m[1mreimport[22m | Preparing files to reimport...[39m[0m
[  92% ] [90m[1mreimport[22m | Preparing files to reimport...[39m[0m
[  92% ] [90m[1mreimport[22m | Preparing files to reimport...[39m[0m
[  92% ] [90m[1mreimport[22m | Preparing files to reimport...[39m[0m
[  92% ] [90m[1mreimport[22m | Preparing files to reimport...[39m[0m
[  92% ] [90m[1mreimport[22m | Preparing files to reimport...[39m[0m
[  92% ] [90m[1mreimport[22m | Preparing files to reimport...[39m[0m
[  92% ] [90m[1mreimport[22m | Preparing files to reimport...[39m[0m
[  92% ] [90m[1mreimport[22m | Preparing files to reimport...[39m[0m
[  92% ] [90m[1mreimport[22m | Preparing files to reimport...[39m[0m
[  92% ] [90m[1mreimport[22m | Preparing files to reimport...[39m[0m
[  92% ] [90m[1mreimport[22m | Preparing files to reimport...[39m[0m
[  92% ] [90m[1mreimport[22m | Preparing files to reimport...[39m[0m
[  92% ] [90m[1mreimport[22m | Preparing files to reimport...[39m[0m
[  92% ] [90m[1mreimport[22m | Preparing files to reimport...[39m[0m
[  92% ] [90m[1mreimport[22m | Preparing files to reimport...[39m[0m
[  92% ] [90m[1mreimport[22m | Preparing files to reimport...[39m[0m
[  92% ] [90m[1mreimport[22m | Preparing files to reimport...[39m[0m
[  92% ] [90m[1mreimport[22m | Preparing files to reimport...[39m[0m
[  92% ] [90m[1mreimport[22m | Preparing files to reimport...[39m[0m
[  92% ] [90m[1mreimport[22m | Preparing files to reimport...[39m[0m
[  93% ] [90m[1mreimport[22m | Preparing files to reimport...[39m[0m
[  93% ] [90m[1mreimport[22m | Preparing files to reimport...[39m[0m
[  93% ] [90m[1mreimport[22m | Preparing files to reimport...[39m[0m
[  93% ] [90m[1mreimport[22m | Preparing files to reimport...[39m[0m
[  93% ] [90m[1mreimport[22m | Preparing files to reimport...[39m[0m
[  93% ] [90m[1mreimport[22m | Preparing files to reimport...[39m[0m
[  93% ] [90m[1mreimport[22m | Preparing files to reimport...[39m[0m
[  93% ] [90m[1mreimport[22m | Preparing files to reimport...[39m[0m
[  93% ] [90m[1mreimport[22m | Preparing files to reimport...[39m[0m
[  93% ] [90m[1mreimport[22m | Preparing files to reimport...[39m[0m
[  93% ] [90m[1mreimport[22m | Preparing files to reimport...[39m[0m
[  93% ] [90m[1mreimport[22m | Preparing files to reimport...[39m[0m
[  93% ] [90m[1mreimport[22m | Preparing files to reimport...[39m[0m
[  93% ] [90m[1mreimport[22m | Preparing files to reimport...[39m[0m
[  93% ] [90m[1mreimport[22m | Preparing files to reimport...[39m[0m
[  93% ] [90m[1mreimport[22m | Preparing files to reimport...[39m[0m
[  93% ] [90m[1mreimport[22m | Preparing files to reimport...[39m[0m
[  93% ] [90m[1mreimport[22m | Preparing files to reimport...[39m[0m
[  93% ] [90m[1mreimport[22m | Preparing files to reimport...[39m[0m
[  93% ] [90m[1mreimport[22m | Preparing files to reimport...[39m[0m
[  93% ] [90m[1mreimport[22m | Preparing files to reimport...[39m[0m
[  94% ] [90m[1mreimport[22m | Preparing files to reimport...[39m[0m
[  94% ] [90m[1mreimport[22m | Preparing files to reimport...[39m[0m
[  94% ] [90m[1mreimport[22m | Preparing files to reimport...[39m[0m
[  94% ] [90m[1mreimport[22m | Preparing files to reimport...[39m[0m
[  94% ] [90m[1mreimport[22m | Preparing files to reimport...[39m[0m
[  94% ] [90m[1mreimport[22m | Preparing files to reimport...[39m[0m
[  94% ] [90m[1mreimport[22m | Preparing files to reimport...[39m[0m
[  94% ] [90m[1mreimport[22m | Preparing files to reimport...[39m[0m
[  94% ] [90m[1mreimport[22m | Preparing files to reimport...[39m[0m
[  94% ] [90m[1mreimport[22m | Preparing files to reimport...[39m[0m
[  94% ] [90m[1mreimport[22m | Preparing files to reimport...[39m[0m
[  94% ] [90m[1mreimport[22m | Preparing files to reimport...[39m[0m
[  94% ] [90m[1mreimport[22m | Preparing files to reimport...[39m[0m
[  94% ] [90m[1mreimport[22m | Preparing files to reimport...[39m[0m
[  94% ] [90m[1mreimport[22m | Preparing files to reimport...[39m[0m
[  94% ] [90m[1mreimport[22m | Preparing files to reimport...[39m[0m
[  94% ] [90m[1mreimport[22m | Preparing files to reimport...[39m[0m
[  94% ] [90m[1mreimport[22m | Preparing files to reimport...[39m[0m
[  94% ] [90m[1mreimport[22m | Preparing files to reimport...[39m[0m
[  94% ] [90m[1mreimport[22m | Preparing files to reimport...[39m[0m
[  94% ] [90m[1mreimport[22m | Preparing files to reimport...[39m[0m
[  95% ] [90m[1mreimport[22m | Preparing files to reimport...[39m[0m
[  95% ] [90m[1mreimport[22m | Preparing files to reimport...[39m[0m
[  95% ] [90m[1mreimport[22m | Preparing files to reimport...[39m[0m
[  95% ] [90m[1mreimport[22m | Preparing files to reimport...[39m[0m
[  95% ] [90m[1mreimport[22m | Preparing files to reimport...[39m[0m
[  95% ] [90m[1mreimport[22m | Preparing files to reimport...[39m[0m
[  95% ] [90m[1mreimport[22m | Preparing files to reimport...[39m[0m
[  95% ] [90m[1mreimport[22m | Preparing files to reimport...[39m[0m
[  95% ] [90m[1mreimport[22m | Preparing files to reimport...[39m[0m
[  95% ] [90m[1mreimport[22m | Preparing files to reimport...[39m[0m
[  95% ] [90m[1mreimport[22m | Preparing files to reimport...[39m[0m
[  95% ] [90m[1mreimport[22m | Preparing files to reimport...[39m[0m
[  95% ] [90m[1mreimport[22m | Preparing files to reimport...[39m[0m
[  95% ] [90m[1mreimport[22m | Preparing files to reimport...[39m[0m
[  95% ] [90m[1mreimport[22m | Preparing files to reimport...[39m[0m
[  95% ] [90m[1mreimport[22m | Preparing files to reimport...[39m[0m
[  95% ] [90m[1mreimport[22m | Preparing files to reimport...[39m[0m
[  95% ] [90m[1mreimport[22m | Preparing files to reimport...[39m[0m
[  95% ] [90m[1mreimport[22m | Preparing files to reimport...[39m[0m
[  95% ] [90m[1mreimport[22m | Preparing files to reimport...[39m[0m
[  95% ] [90m[1mreimport[22m | Preparing files to reimport...[39m[0m
[  96% ] [90m[1mreimport[22m | Preparing files to reimport...[39m[0m
[  96% ] [90m[1mreimport[22m | Preparing files to reimport...[39m[0m
[  96% ] [90m[1mreimport[22m | Preparing files to reimport...[39m[0m
[  96% ] [90m[1mreimport[22m | Preparing files to reimport...[39m[0m
[  96% ] [90m[1mreimport[22m | Preparing files to reimport...[39m[0m
[  96% ] [90m[1mreimport[22m | Preparing files to reimport...[39m[0m
[  96% ] [90m[1mreimport[22m | Preparing files to reimport...[39m[0m
[  96% ] [90m[1mreimport[22m | Preparing files to reimport...[39m[0m
[  96% ] [90m[1mreimport[22m | Preparing files to reimport...[39m[0m
[  96% ] [90m[1mreimport[22m | Preparing files to reimport...[39m[0m
[  96% ] [90m[1mreimport[22m | Preparing files to reimport...[39m[0m
[  96% ] [90m[1mreimport[22m | Preparing files to reimport...[39m[0m
[  96% ] [90m[1mreimport[22m | Preparing files to reimport...[39m[0m
[  96% ] [90m[1mreimport[22m | Preparing files to reimport...[39m[0m
[  96% ] [90m[1mreimport[22m | Preparing files to reimport...[39m[0m
[  96% ] [90m[1mreimport[22m | Preparing files to reimport...[39m[0m
[  96% ] [90m[1mreimport[22m | Preparing files to reimport...[39m[0m
[  96% ] [90m[1mreimport[22m | Preparing files to reimport...[39m[0m
[  96% ] [90m[1mreimport[22m | Preparing files to reimport...[39m[0m
[  96% ] [90m[1mreimport[22m | Preparing files to reimport...[39m[0m
[  97% ] [90m[1mreimport[22m | Preparing files to reimport...[39m[0m
[  97% ] [90m[1mreimport[22m | Preparing files to reimport...[39m[0m
[  97% ] [90m[1mreimport[22m | Preparing files to reimport...[39m[0m
[  97% ] [90m[1mreimport[22m | Preparing files to reimport...[39m[0m
[  97% ] [90m[1mreimport[22m | Preparing files to reimport...[39m[0m
[  97% ] [90m[1mreimport[22m | Preparing files to reimport...[39m[0m
[  97% ] [90m[1mreimport[22m | Preparing files to reimport...[39m[0m
[  97% ] [90m[1mreimport[22m | Preparing files to reimport...[39m[0m
[  97% ] [90m[1mreimport[22m | Preparing files to reimport...[39m[0m
[  97% ] [90m[1mreimport[22m | Preparing files to reimport...[39m[0m
[  97% ] [90m[1mreimport[22m | Preparing files to reimport...[39m[0m
[  97% ] [90m[1mreimport[22m | Preparing files to reimport...[39m[0m
[  97% ] [90m[1mreimport[22m | Preparing files to reimport...[39m[0m
[  97% ] [90m[1mreimport[22m | Preparing files to reimport...[39m[0m
[  97% ] [90m[1mreimport[22m | Preparing files to reimport...[39m[0m
[  97% ] [90m[1mreimport[22m | Preparing files to reimport...[39m[0m
[  97% ] [90m[1mreimport[22m | Preparing files to reimport...[39m[0m
[  97% ] [90m[1mreimport[22m | Preparing files to reimport...[39m[0m
[  97% ] [90m[1mreimport[22m | Preparing files to reimport...[39m[0m
[  97% ] [90m[1mreimport[22m | Preparing files to reimport...[39m[0m
[  97% ] [90m[1mreimport[22m | Preparing files to reimport...[39m[0m
[  98% ] [90m[1mreimport[22m | Preparing files to reimport...[39m[0m
[  98% ] [90m[1mreimport[22m | Preparing files to reimport...[39m[0m
[  98% ] [90m[1mreimport[22m | Preparing files to reimport...[39m[0m
[  98% ] [90m[1mreimport[22m | Preparing files to reimport...[39m[0m
[  98% ] [90m[1mreimport[22m | Preparing files to reimport...[39m[0m
[  98% ] [90m[1mreimport[22m | Preparing files to reimport...[39m[0m
[  98% ] [90m[1mreimport[22m | Preparing files to reimport...[39m[0m
[  98% ] [90m[1mreimport[22m | Preparing files to reimport...[39m[0m
[  98% ] [90m[1mreimport[22m | Preparing files to reimport...[39m[0m
[  98% ] [90m[1mreimport[22m | Preparing files to reimport...[39m[0m
[  98% ] [90m[1mreimport[22m | Preparing files to reimport...[39m[0m
[  98% ] [90m[1mreimport[22m | Preparing files to reimport...[39m[0m
[  98% ] [90m[1mreimport[22m | Preparing files to reimport...[39m[0m
[  98% ] [90m[1mreimport[22m | Preparing files to reimport...[39m[0m
[  98% ] [90m[1mreimport[22m | Preparing files to reimport...[39m[0m
[  98% ] [90m[1mreimport[22m | Preparing files to reimport...[39m[0m
[  98% ] [90m[1mreimport[22m | Preparing files to reimport...[39m[0m
[  98% ] [90m[1mreimport[22m | Preparing files to reimport...[39m[0m
[  98% ] [90m[1mreimport[22m | Preparing files to reimport...[39m[0m
[  98% ] [90m[1mreimport[22m | Preparing files to reimport...[39m[0m
[  98% ] [90m[1mreimport[22m | Preparing files to reimport...[39m[0m
[  99% ] [90m[1mreimport[22m | Preparing files to reimport...[39m[0m
[  99% ] [90m[1mreimport[22m | Preparing files to reimport...[39m[0m
[  99% ] [90m[1mreimport[22m | Preparing files to reimport...[39m[0m
[  99% ] [90m[1mreimport[22m | Preparing files to reimport...[39m[0m
[  99% ] [90m[1mreimport[22m | Preparing files to reimport...[39m[0m
[  99% ] [90m[1mreimport[22m | Preparing files to reimport...[39m[0m
[  99% ] [90m[1mreimport[22m | Preparing files to reimport...[39m[0m
[  99% ] [90m[1mreimport[22m | Preparing files to reimport...[39m[0m
[  99% ] [90m[1mreimport[22m | Preparing files to reimport...[39m[0m
[  99% ] [90m[1mreimport[22m | Preparing files to reimport...[39m[0m
[  99% ] [90m[1mreimport[22m | Preparing files to reimport...[39m[0m
[  99% ] [90m[1mreimport[22m | Preparing files to reimport...[39m[0m
[  99% ] [90m[1mreimport[22m | Preparing files to reimport...[39m[0m
[  99% ] [90m[1mreimport[22m | Preparing files to reimport...[39m[0m
[  99% ] [90m[1mreimport[22m | Preparing files to reimport...[39m[0m
[  99% ] [90m[1mreimport[22m | Preparing files to reimport...[39m[0m
[  99% ] [90m[1mreimport[22m | Preparing files to reimport...[39m[0m
[  99% ] [90m[1mreimport[22m | Preparing files to reimport...[39m[0m
[  99% ] [90m[1mreimport[22m | Preparing files to reimport...[39m[0m
[   0% ] [90m[1mreimport[22m | Executing pre-reimport operations...[39m[0m
[   0% ] [90m[1mreimport[22m | NormalFont.ttf[39m[0m
res://assets/NinjaAdventure/Ninja Adventure - Asset Pack/Ui/Font/NormalFont.ttf: Pixel font detected, disabling subpixel positioning.
res://assets/NinjaAdventure/Ninja Adventure - Asset Pack/Ui/Font/NormalFont.ttf: Pixel font detected, disabling hinting.
[   0% ] [90m[1mreimport[22m | NormalFont.ttf[39m[0m
[   0% ] [90m[1mreimport[22m | 4 - Village.ogg[39m[0m
[   0% ] [90m[1mreimport[22m | 3 - Revelation.ogg[39m[0m
[   0% ] [90m[1mreimport[22m | 2 - The Cave.ogg[39m[0m
[   0% ] [90m[1mreimport[22m | 1 - Adventure Begin.ogg[39m[0m
[   0% ] [90m[1mreimport[22m | 22 - Dream.ogg[39m[0m
[   0% ] [90m[1mreimport[22m | 23 - Road.ogg[39m[0m
[   0% ] [90m[1mreimport[22m | 24 - Final Area.ogg[39m[0m
[   0% ] [90m[1mreimport[22m | 25 - End Theme 2.ogg[39m[0m
[   0% ] [90m[1mreimport[22m | 26 - Lost Village.ogg[39m[0m
[   0% ] [90m[1mreimport[22m | 27 - Chill.ogg[39m[0m
[   0% ] [90m[1mreimport[22m | 28 - Tension.ogg[39m[0m
[   0% ] [90m[1mreimport[22m | 29 - Lament.ogg[39m[0m
[   0% ] [90m[1mreimport[22m | 30 - Ruins.ogg[39m[0m
[   0% ] [90m[1mreimport[22m | 31 - Sunny.ogg[39m[0m
[   0% ] [90m[1mreimport[22m | 32 - Manor.ogg[39m[0m
[   0% ] [90m[1mreimport[22m | 33 - Calm Village.ogg[39m[0m
[   0% ] [90m[1mreimport[22m | 34  - Fight.ogg[39m[0m
[   0% ] [90m[1mreimport[22m | 21 - Dungeon.ogg[39m[0m
[   0% ] [90m[1mreimport[22m | 20 - Good Time.ogg[39m[0m
[   1% ] [90m[1mreimport[22m | 19 - Ascension.ogg[39m[0m
[   1% ] [90m[1mreimport[22m | 18 - Aquatic.ogg[39m[0m
[   1% ] [90m[1mreimport[22m | 17 - Fight.ogg[39m[0m
[   1% ] [90m[1mreimport[22m | 16 - Melancholia.ogg[39m[0m
[   1% ] [90m[1mreimport[22m | 15 - Credit Theme.ogg[39m[0m
[   1% ] [90m[1mreimport[22m | 14 - Curse.ogg[39m[0m
[   1% ] [90m[1mreimport[22m | 13 - Mystical.ogg[39m[0m
[   1% ] [90m[1mreimport[22m | 12 - Temple.ogg[39m[0m
[   1% ] [90m[1mreimport[22m | 11 - Clearing.ogg[39m[0m
[   1% ] [90m[1mreimport[22m | 10 - Dark Castle.ogg[39m[0m
[   1% ] [90m[1mreimport[22m | 9 - Quiet.ogg[39m[0m
[   1% ] [90m[1mreimport[22m | 8 - End Theme.ogg[39m[0m
[   1% ] [90m[1mreimport[22m | 7 - Sad Theme.ogg[39m[0m
[   1% ] [90m[1mreimport[22m | 6 - Story.ogg[39m[0m
[   1% ] [90m[1mreimport[22m | 6 - Story (Short).ogg[39m[0m
[   1% ] [90m[1mreimport[22m | 5 - Peaceful.ogg[39m[0m
[   1% ] [90m[1mreimport[22m | 35 - Adventure.ogg[39m[0m
[   1% ] [90m[1mreimport[22m | 36 - Village.ogg[39m[0m
[   1% ] [90m[1mreimport[22m | 37 - Dark Forest.ogg[39m[0m
[   1% ] [90m[1mreimport[22m | 38 - Intro.ogg[39m[0m
[   1% ] [90m[1mreimport[22m | 39 - Boat.ogg[39m[0m
[   2% ] [90m[1mreimport[22m | NormalFont.ttf[39m[0m
[   2% ] [90m[1mreimport[22m | 4 - Village.ogg[39m[0m
[   2% ] [90m[1mreimport[22m | 3 - Revelation.ogg[39m[0m
[   2% ] [90m[1mreimport[22m | 2 - The Cave.ogg[39m[0m
[   2% ] [90m[1mreimport[22m | 1 - Adventure Begin.ogg[39m[0m
[   2% ] [90m[1mreimport[22m | 22 - Dream.ogg[39m[0m
[   2% ] [90m[1mreimport[22m | 23 - Road.ogg[39m[0m
[   2% ] [90m[1mreimport[22m | 24 - Final Area.ogg[39m[0m
[   2% ] [90m[1mreimport[22m | 25 - End Theme 2.ogg[39m[0m
[   2% ] [90m[1mreimport[22m | 26 - Lost Village.ogg[39m[0m
[   2% ] [90m[1mreimport[22m | 27 - Chill.ogg[39m[0m
[   2% ] [90m[1mreimport[22m | 28 - Tension.ogg[39m[0m
[   2% ] [90m[1mreimport[22m | 29 - Lament.ogg[39m[0m
[   2% ] [90m[1mreimport[22m | 30 - Ruins.ogg[39m[0m
[   2% ] [90m[1mreimport[22m | 31 - Sunny.ogg[39m[0m
[   2% ] [90m[1mreimport[22m | 32 - Manor.ogg[39m[0m
[   2% ] [90m[1mreimport[22m | 33 - Calm Village.ogg[39m[0m
[   2% ] [90m[1mreimport[22m | 34  - Fight.ogg[39m[0m
[   2% ] [90m[1mreimport[22m | 21 - Dungeon.ogg[39m[0m
[   2% ] [90m[1mreimport[22m | 20 - Good Time.ogg[39m[0m
[   2% ] [90m[1mreimport[22m | 19 - Ascension.ogg[39m[0m
[   3% ] [90m[1mreimport[22m | 18 - Aquatic.ogg[39m[0m
[   3% ] [90m[1mreimport[22m | 17 - Fight.ogg[39m[0m
[   3% ] [90m[1mreimport[22m | 16 - Melancholia.ogg[39m[0m
[   3% ] [90m[1mreimport[22m | 15 - Credit Theme.ogg[39m[0m
[   3% ] [90m[1mreimport[22m | 14 - Curse.ogg[39m[0m
[   3% ] [90m[1mreimport[22m | 13 - Mystical.ogg[39m[0m
[   3% ] [90m[1mreimport[22m | 12 - Temple.ogg[39m[0m
[   3% ] [90m[1mreimport[22m | 11 - Clearing.ogg[39m[0m
[   3% ] [90m[1mreimport[22m | 10 - Dark Castle.ogg[39m[0m
[   3% ] [90m[1mreimport[22m | 9 - Quiet.ogg[39m[0m
[   3% ] [90m[1mreimport[22m | 8 - End Theme.ogg[39m[0m
[   3% ] [90m[1mreimport[22m | 7 - Sad Theme.ogg[39m[0m
[   3% ] [90m[1mreimport[22m | 6 - Story.ogg[39m[0m
[   3% ] [90m[1mreimport[22m | 6 - Story (Short).ogg[39m[0m
[   3% ] [90m[1mreimport[22m | 5 - Peaceful.ogg[39m[0m
[   3% ] [90m[1mreimport[22m | 35 - Adventure.ogg[39m[0m
[   3% ] [90m[1mreimport[22m | 36 - Village.ogg[39m[0m
[   3% ] [90m[1mreimport[22m | 37 - Dark Forest.ogg[39m[0m
[   3% ] [90m[1mreimport[22m | 38 - Intro.ogg[39m[0m
[   3% ] [90m[1mreimport[22m | 39 - Boat.ogg[39m[0m
[   4% ] [90m[1mreimport[22m | 40 - Crypt.ogg[39m[0m
[   4% ] [90m[1mreimport[22m | QuickSand32x32.png[39m[0m
[   4% ] [90m[1mreimport[22m | SpriteSheet16x16.png[39m[0m
[   4% ] [90m[1mreimport[22m | SpriteSheetPurple.png[39m[0m
[   4% ] [90m[1mreimport[22m | BottomSheet16x16.png[39m[0m
[   4% ] [90m[1mreimport[22m | MiddleSheet16x16.png[39m[0m
[   4% ] [90m[1mreimport[22m | TopSheet16x16.png[39m[0m
[   4% ] [90m[1mreimport[22m | Watermill_A_34x36.png[39m[0m
[   4% ] [90m[1mreimport[22m | Watermill_B_34x36.png[39m[0m
[   4% ] [90m[1mreimport[22m | Elements.png[39m[0m
[   4% ] [90m[1mreimport[22m | TilesetInterior.png[39m[0m
[   4% ] [90m[1mreimport[22m | TilesetInteriorFloor.png[39m[0m
[   4% ] [90m[1mreimport[22m | TilesetWallSimple.png[39m[0m
[   4% ] [90m[1mreimport[22m | Pipes.png[39m[0m
[   4% ] [90m[1mreimport[22m | TilesetDesert.png[39m[0m
[   4% ] [90m[1mreimport[22m | SpriteSheet16x16.png[39m[0m
[   4% ] [90m[1mreimport[22m | MillPropeller_B_64x64.png[39m[0m
[   4% ] [90m[1mreimport[22m | MillPropeller_A_64x64.png[39m[0m
[   4% ] [90m[1mreimport[22m | SpriteSheet16x16.png[39m[0m
[   4% ] [90m[1mreimport[22m | FlagYellow16x16.png[39m[0m
[   4% ] [90m[1mreimport[22m | FlagWhite16x16.png[39m[0m
[   5% ] [90m[1mreimport[22m | FlagRed16x16.png[39m[0m
[   5% ] [90m[1mreimport[22m | FlagGreen16x16.png[39m[0m
[   5% ] [90m[1mreimport[22m | FlagGray16x16.png[39m[0m
[   5% ] [90m[1mreimport[22m | FlagBrown16x16.png[39m[0m
[   5% ] [90m[1mreimport[22m | FlagBlue16x16.png[39m[0m
[   5% ] [90m[1mreimport[22m | FlagBlack16x16.png[39m[0m
[   5% ] [90m[1mreimport[22m | Right.png[39m[0m
[   5% ] [90m[1mreimport[22m | Middle.png[39m[0m
[   5% ] [90m[1mreimport[22m | Left.png[39m[0m
[   5% ] [90m[1mreimport[22m | Faceset.png[39m[0m
[   5% ] [90m[1mreimport[22m | Slime.png[39m[0m
[   5% ] [90m[1mreimport[22m | Faceset.png[39m[0m
[   5% ] [90m[1mreimport[22m | SpriteSheet.png[39m[0m
[   5% ] [90m[1mreimport[22m | Faceset.png[39m[0m
[   5% ] [90m[1mreimport[22m | SpriteSheet.png[39m[0m
[   5% ] [90m[1mreimport[22m | Faceset.png[39m[0m
[   5% ] [90m[1mreimport[22m | Reptile2.png[39m[0m
[   5% ] [90m[1mreimport[22m | Faceset.png[39m[0m
[   5% ] [90m[1mreimport[22m | Reptile.png[39m[0m
[   5% ] [90m[1mreimport[22m | Faceset.png[39m[0m
[   5% ] [90m[1mreimport[22m | SpriteSheet.png[39m[0m
[   6% ] [90m[1mreimport[22m | Faceset.png[39m[0m
[   6% ] [90m[1mreimport[22m | SpriteSheet.png[39m[0m
[   6% ] [90m[1mreimport[22m | Faceset.png[39m[0m
[   6% ] [90m[1mreimport[22m | SpriteSheet.png[39m[0m
[   6% ] [90m[1mreimport[22m | Faceset.png[39m[0m
[   6% ] [90m[1mreimport[22m | Owl2.png[39m[0m
[   6% ] [90m[1mreimport[22m | Faceset.png[39m[0m
[   6% ] [90m[1mreimport[22m | Owl.png[39m[0m
[   6% ] [90m[1mreimport[22m | Faceset.png[39m[0m
[   6% ] [90m[1mreimport[22m | SpriteSheet.png[39m[0m
[   6% ] [90m[1mreimport[22m | Faceset.png[39m[0m
[   6% ] [90m[1mreimport[22m | SpriteSheet.png[39m[0m
[   6% ] [90m[1mreimport[22m | SpriteSheet.png[39m[0m
[   6% ] [90m[1mreimport[22m | Faceset.png[39m[0m
[   6% ] [90m[1mreimport[22m | SpriteSheet.png[39m[0m
[   6% ] [90m[1mreimport[22m | Faceset.png[39m[0m
[   6% ] [90m[1mreimport[22m | SpriteSheet.png[39m[0m
[   6% ] [90m[1mreimport[22m | Faceset.png[39m[0m
[   6% ] [90m[1mreimport[22m | SpriteSheet.png[39m[0m
[   6% ] [90m[1mreimport[22m | Faceset.png[39m[0m
[   6% ] [90m[1mreimport[22m | SpriteSheet.png[39m[0m
[   7% ] [90m[1mreimport[22m | Faceset.png[39m[0m
[   7% ] [90m[1mreimport[22m | SpriteSheet.png[39m[0m
[   7% ] [90m[1mreimport[22m | Faceset.png[39m[0m
[   7% ] [90m[1mreimport[22m | Snake4.png[39m[0m
[   7% ] [90m[1mreimport[22m | Faceset.png[39m[0m
[   7% ] [90m[1mreimport[22m | Snake3.png[39m[0m
[   7% ] [90m[1mreimport[22m | Faceset.png[39m[0m
[   7% ] [90m[1mreimport[22m | Snake2.png[39m[0m
[   7% ] [90m[1mreimport[22m | Faceset.png[39m[0m
[   7% ] [90m[1mreimport[22m | Snake.png[39m[0m
[   7% ] [90m[1mreimport[22m | Faceset.png[39m[0m
[   7% ] [90m[1mreimport[22m | Slime4.png[39m[0m
[   7% ] [90m[1mreimport[22m | Faceset.png[39m[0m
[   7% ] [90m[1mreimport[22m | Slime3.png[39m[0m
[   7% ] [90m[1mreimport[22m | Faceset.png[39m[0m
[   7% ] [90m[1mreimport[22m | Slime2.png[39m[0m
[   7% ] [90m[1mreimport[22m | SpriteSheetMulti.png[39m[0m
[   7% ] [90m[1mreimport[22m | SpriteSheetCircular.png[39m[0m
[   7% ] [90m[1mreimport[22m | SpriteSheetArc.png[39m[0m
[   7% ] [90m[1mreimport[22m | SpriteSheetRock.png[39m[0m
[   8% ] [90m[1mreimport[22m | ShurikenMagic.png[39m[0m
[   8% ] [90m[1mreimport[22m | Shuriken.png[39m[0m
[   8% ] [90m[1mreimport[22m | PlantSpike.png[39m[0m
[   8% ] [90m[1mreimport[22m | Kunai.png[39m[0m
[   8% ] [90m[1mreimport[22m | IceSpike.png[39m[0m
[   8% ] [90m[1mreimport[22m | Fireball.png[39m[0m
[   8% ] [90m[1mreimport[22m | EnergyBall.png[39m[0m
[   8% ] [90m[1mreimport[22m | CanonBall.png[39m[0m
[   8% ] [90m[1mreimport[22m | BigShuriken.png[39m[0m
[   8% ] [90m[1mreimport[22m | BigKunai.png[39m[0m
[   8% ] [90m[1mreimport[22m | BigEnergyBall.png[39m[0m
[   8% ] [90m[1mreimport[22m | Arrow.png[39m[0m
[   8% ] [90m[1mreimport[22m | AllPreview.png[39m[0m
[   8% ] [90m[1mreimport[22m | SpriteSheet.png[39m[0m
[   8% ] [90m[1mreimport[22m | SpriteSheet.png[39m[0m
[   8% ] [90m[1mreimport[22m | Wood.png[39m[0m
[   8% ] [90m[1mreimport[22m | Vase.png[39m[0m
[   8% ] [90m[1mreimport[22m | Spark.png[39m[0m
[   8% ] [90m[1mreimport[22m | Snow.png[39m[0m
[   8% ] [90m[1mreimport[22m | RockGray.png[39m[0m
[   8% ] [90m[1mreimport[22m | Rock.png[39m[0m
[   9% ] [90m[1mreimport[22m | RainOnFloor.png[39m[0m
[   9% ] [90m[1mreimport[22m | Rain.png[39m[0m
[   9% ] [90m[1mreimport[22m | LeafPink.png[39m[0m
[   9% ] [90m[1mreimport[22m | Leaf.png[39m[0m
[   9% ] [90m[1mreimport[22m | Grass.png[39m[0m
[   9% ] [90m[1mreimport[22m | Sushi.png[39m[0m
[   9% ] [90m[1mreimport[22m | Sushi2.png[39m[0m
[   9% ] [90m[1mreimport[22m | Shrimp.png[39m[0m
[   9% ] [90m[1mreimport[22m | SeedLargeWhite.png[39m[0m
[   9% ] [90m[1mreimport[22m | SeedLarge.png[39m[0m
[   9% ] [90m[1mreimport[22m | SeedBig3.png[39m[0m
[   9% ] [90m[1mreimport[22m | SeedBig2.png[39m[0m
[   9% ] [90m[1mreimport[22m | SeedBig1.png[39m[0m
[   9% ] [90m[1mreimport[22m | Seed3.png[39m[0m
[   9% ] [90m[1mreimport[22m | Seed2.png[39m[0m
[   9% ] [90m[1mreimport[22m | Seed1.png[39m[0m
[   9% ] [90m[1mreimport[22m | Onigiri.png[39m[0m
[   9% ] [90m[1mreimport[22m | Octopus.png[39m[0m
[   9% ] [90m[1mreimport[22m | Nut.png[39m[0m
[   9% ] [90m[1mreimport[22m | Nut2.png[39m[0m
[   9% ] [90m[1mreimport[22m | Noodle.png[39m[0m
[  10% ] [90m[1mreimport[22m | Meat.png[39m[0m
[  10% ] [90m[1mreimport[22m | Honey.png[39m[0m
[  10% ] [90m[1mreimport[22m | FortuneCookie.png[39m[0m
[  10% ] [90m[1mreimport[22m | Fish.png[39m[0m
[  10% ] [90m[1mreimport[22m | Calamari.png[39m[0m
[  10% ] [90m[1mreimport[22m | Beaf.png[39m[0m
[  10% ] [90m[1mreimport[22m | Interact.png[39m[0m
[  10% ] [90m[1mreimport[22m | Hit.png[39m[0m
[  10% ] [90m[1mreimport[22m | AllPreview.png[39m[0m
[  10% ] [90m[1mreimport[22m | SpriteSheet.png[39m[0m
[  10% ] [90m[1mreimport[22m | SpriteSheet.png[39m[0m
[  10% ] [90m[1mreimport[22m | SpriteSheetSlash03.png[39m[0m
[  10% ] [90m[1mreimport[22m | SpriteSheetSlash02.png[39m[0m
[  10% ] [90m[1mreimport[22m | SpriteSheetSlash01.png[39m[0m
[  10% ] [90m[1mreimport[22m | SpriteSheet.png[39m[0m
[  10% ] [90m[1mreimport[22m | SpriteSheet.png[39m[0m
[  10% ] [90m[1mreimport[22m | SpriteSheet.png[39m[0m
[  10% ] [90m[1mreimport[22m | SpriteSheet.png[39m[0m
[  10% ] [90m[1mreimport[22m | SpriteSheet.png[39m[0m
[  10% ] [90m[1mreimport[22m | SpriteSheet.png[39m[0m
[  10% ] [90m[1mreimport[22m | SpriteSheet.png[39m[0m
[  11% ] [90m[1mreimport[22m | SpriteSheet.png[39m[0m
[  11% ] [90m[1mreimport[22m | Sail.png[39m[0m
[  11% ] [90m[1mreimport[22m | FishNetFull.png[39m[0m
[  11% ] [90m[1mreimport[22m | FishNet.png[39m[0m
[  11% ] [90m[1mreimport[22m | Crane.png[39m[0m
[  11% ] [90m[1mreimport[22m | Boat.png[39m[0m
[  11% ] [90m[1mreimport[22m | tileset_camp.png[39m[0m
[  11% ] [90m[1mreimport[22m | tileset_bed.png[39m[0m
[  11% ] [90m[1mreimport[22m | TilesetWater.png[39m[0m
[  11% ] [90m[1mreimport[22m | TilesetVillageAbandoned.png[39m[0m
[  11% ] [90m[1mreimport[22m | TilesetTowers.png[39m[0m
[  11% ] [90m[1mreimport[22m | TilesetReliefDetail.png[39m[0m
[  11% ] [90m[1mreimport[22m | TilesetRelief.png[39m[0m
[  11% ] [90m[1mreimport[22m | TilesetNature.png[39m[0m
[  11% ] [90m[1mreimport[22m | TilesetLogic.png[39m[0m
[  11% ] [90m[1mreimport[22m | TilesetHouse.png[39m[0m
[  11% ] [90m[1mreimport[22m | TilesetHole.png[39m[0m
[  11% ] [90m[1mreimport[22m | TilesetFloorDetail.png[39m[0m
[  11% ] [90m[1mreimport[22m | TilesetFloorB.png[39m[0m
[  11% ] [90m[1mreimport[22m | TilesetFloor.png[39m[0m
[  12% ] [90m[1mreimport[22m | TilesetField.png[39m[0m
[  12% ] [90m[1mreimport[22m | TilesetElement.png[39m[0m
[  12% ] [90m[1mreimport[22m | TilesetDungeon.png[39m[0m
[  12% ] [90m[1mreimport[22m | Fire.png[39m[0m
[  12% ] [90m[1mreimport[22m | Clouds.png[39m[0m
[  12% ] [90m[1mreimport[22m | Bamboo.png[39m[0m
[  12% ] [90m[1mreimport[22m | AllPreview.png[39m[0m
[  12% ] [90m[1mreimport[22m | SpriteSheetDouble.png[39m[0m
[  12% ] [90m[1mreimport[22m | SpriteSheetBlue.png[39m[0m
[  12% ] [90m[1mreimport[22m | SpriteSheet.png[39m[0m
[  12% ] [90m[1mreimport[22m | SpriteSheet.png[39m[0m
[  12% ] [90m[1mreimport[22m | SpriteSheetYellow.png[39m[0m
[  12% ] [90m[1mreimport[22m | SpriteSheetBlue.png[39m[0m
[  12% ] [90m[1mreimport[22m | SpriteSheetWhite.png[39m[0m
[  12% ] [90m[1mreimport[22m | SpriteSheetSpark.png[39m[0m
[  12% ] [90m[1mreimport[22m | SpriteSheetSpark2.png[39m[0m
[  12% ] [90m[1mreimport[22m | SpriteSheetOrange.png[39m[0m
[  12% ] [90m[1mreimport[22m | SpriteSheet.png[39m[0m
[  12% ] [90m[1mreimport[22m | SpriteSheet.png[39m[0m
[  12% ] [90m[1mreimport[22m | Raylight.png[39m[0m
[  12% ] [90m[1mreimport[22m | Fog.png[39m[0m
[  13% ] [90m[1mreimport[22m | SpriteSheet.png[39m[0m
[  13% ] [90m[1mreimport[22m | SpriteSheet.png[39m[0m
[  13% ] [90m[1mreimport[22m | SpriteSheet.png[39m[0m
[  13% ] [90m[1mreimport[22m | SpriteSheet.png[39m[0m
[  13% ] [90m[1mreimport[22m | SpriteSheetB.png[39m[0m
[  13% ] [90m[1mreimport[22m | SpriteSheet.png[39m[0m
[  13% ] [90m[1mreimport[22m | SpriteSheetB.png[39m[0m
[  13% ] [90m[1mreimport[22m | SpriteSheet.png[39m[0m
[  13% ] [90m[1mreimport[22m | SpriteSheetFlake.png[39m[0m
[  13% ] [90m[1mreimport[22m | SpriteSheetB.png[39m[0m
[  13% ] [90m[1mreimport[22m | SpriteSheet.png[39m[0m
[  13% ] [90m[1mreimport[22m | SpriteSheet.png[39m[0m
[  13% ] [90m[1mreimport[22m | SpriteSheet.png[39m[0m
[  13% ] [90m[1mreimport[22m | Idle.png[39m[0m
[  13% ] [90m[1mreimport[22m | Dead.png[39m[0m
[  13% ] [90m[1mreimport[22m | Attack.png[39m[0m
[  13% ] [90m[1mreimport[22m | SpriteSheet.png[39m[0m
[  13% ] [90m[1mreimport[22m | Faceset.png[39m[0m
[  13% ] [90m[1mreimport[22m | Walk.png[39m[0m
[  13% ] [90m[1mreimport[22m | Special2.png[39m[0m
[  13% ] [90m[1mreimport[22m | Special1.png[39m[0m
[  14% ] [90m[1mreimport[22m | Jump.png[39m[0m
[  14% ] [90m[1mreimport[22m | Item.png[39m[0m
[  14% ] [90m[1mreimport[22m | Idle.png[39m[0m
[  14% ] [90m[1mreimport[22m | Dead.png[39m[0m
[  14% ] [90m[1mreimport[22m | Attack.png[39m[0m
[  14% ] [90m[1mreimport[22m | SpriteSheet.png[39m[0m
[  14% ] [90m[1mreimport[22m | Faceset.png[39m[0m
[  14% ] [90m[1mreimport[22m | Walk.png[39m[0m
[  14% ] [90m[1mreimport[22m | Special2.png[39m[0m
[  14% ] [90m[1mreimport[22m | Special1.png[39m[0m
[  14% ] [90m[1mreimport[22m | Jump.png[39m[0m
[  14% ] [90m[1mreimport[22m | Item.png[39m[0m
[  14% ] [90m[1mreimport[22m | Idle.png[39m[0m
[  14% ] [90m[1mreimport[22m | Dead.png[39m[0m
[  14% ] [90m[1mreimport[22m | Attack.png[39m[0m
[  14% ] [90m[1mreimport[22m | SpriteSheet.png[39m[0m
[  14% ] [90m[1mreimport[22m | Faceset.png[39m[0m
[  14% ] [90m[1mreimport[22m | Walk.png[39m[0m
[  14% ] [90m[1mreimport[22m | Special2.png[39m[0m
[  14% ] [90m[1mreimport[22m | Special1.png[39m[0m
[  14% ] [90m[1mreimport[22m | Jump.png[39m[0m
[  15% ] [90m[1mreimport[22m | Item.png[39m[0m
[  15% ] [90m[1mreimport[22m | Idle.png[39m[0m
[  15% ] [90m[1mreimport[22m | Dead.png[39m[0m
[  15% ] [90m[1mreimport[22m | Attack.png[39m[0m
[  15% ] [90m[1mreimport[22m | SpriteSheet.png[39m[0m
[  15% ] [90m[1mreimport[22m | Faceset.png[39m[0m
[  15% ] [90m[1mreimport[22m | Walk.png[39m[0m
[  15% ] [90m[1mreimport[22m | Special2.png[39m[0m
[  15% ] [90m[1mreimport[22m | Special1.png[39m[0m
[  15% ] [90m[1mreimport[22m | Jump.png[39m[0m
[  15% ] [90m[1mreimport[22m | Item.png[39m[0m
[  15% ] [90m[1mreimport[22m | Idle.png[39m[0m
[  15% ] [90m[1mreimport[22m | Dead.png[39m[0m
[  15% ] [90m[1mreimport[22m | Attack.png[39m[0m
[  15% ] [90m[1mreimport[22m | SpriteSheet.png[39m[0m
[  15% ] [90m[1mreimport[22m | Faceset.png[39m[0m
[  15% ] [90m[1mreimport[22m | Walk.png[39m[0m
[  15% ] [90m[1mreimport[22m | Special2.png[39m[0m
[  15% ] [90m[1mreimport[22m | Special1.png[39m[0m
[  15% ] [90m[1mreimport[22m | Jump.png[39m[0m
[  16% ] [90m[1mreimport[22m | Item.png[39m[0m
[  16% ] [90m[1mreimport[22m | Idle.png[39m[0m
[  16% ] [90m[1mreimport[22m | Dead.png[39m[0m
[  16% ] [90m[1mreimport[22m | Attack.png[39m[0m
[  16% ] [90m[1mreimport[22m | SpriteSheet.png[39m[0m
[  16% ] [90m[1mreimport[22m | Faceset.png[39m[0m
[  16% ] [90m[1mreimport[22m | Walk.png[39m[0m
[  16% ] [90m[1mreimport[22m | Special2.png[39m[0m
[  16% ] [90m[1mreimport[22m | Special1.png[39m[0m
[  16% ] [90m[1mreimport[22m | Jump.png[39m[0m
[  16% ] [90m[1mreimport[22m | Item.png[39m[0m
[  16% ] [90m[1mreimport[22m | Idle.png[39m[0m
[  16% ] [90m[1mreimport[22m | Dead.png[39m[0m
[  16% ] [90m[1mreimport[22m | Attack.png[39m[0m
[  16% ] [90m[1mreimport[22m | SpriteSheet.png[39m[0m
[  16% ] [90m[1mreimport[22m | Faceset.png[39m[0m
[  16% ] [90m[1mreimport[22m | Walk.png[39m[0m
[  16% ] [90m[1mreimport[22m | Special2.png[39m[0m
[  16% ] [90m[1mreimport[22m | Special1.png[39m[0m
[  16% ] [90m[1mreimport[22m | Jump.png[39m[0m
[  16% ] [90m[1mreimport[22m | Item.png[39m[0m
[  17% ] [90m[1mreimport[22m | Idle.png[39m[0m
[  17% ] [90m[1mreimport[22m | Dead.png[39m[0m
[  17% ] [90m[1mreimport[22m | Attack.png[39m[0m
[  17% ] [90m[1mreimport[22m | SpriteSheet.png[39m[0m
[  17% ] [90m[1mreimport[22m | Faceset.png[39m[0m
[  17% ] [90m[1mreimport[22m | Walk.png[39m[0m
[  17% ] [90m[1mreimport[22m | Special2.png[39m[0m
[  17% ] [90m[1mreimport[22m | Special1.png[39m[0m
[  17% ] [90m[1mreimport[22m | Jump.png[39m[0m
[  17% ] [90m[1mreimport[22m | Item.png[39m[0m
[  17% ] [90m[1mreimport[22m | Idle.png[39m[0m
[  17% ] [90m[1mreimport[22m | Dead.png[39m[0m
[  17% ] [90m[1mreimport[22m | Attack.png[39m[0m
[  17% ] [90m[1mreimport[22m | SpriteSheet.png[39m[0m
[  17% ] [90m[1mreimport[22m | Faceset.png[39m[0m
[  17% ] [90m[1mreimport[22m | Walk.png[39m[0m
[  17% ] [90m[1mreimport[22m | Special2.png[39m[0m
[  17% ] [90m[1mreimport[22m | Special1.png[39m[0m
[  17% ] [90m[1mreimport[22m | Jump.png[39m[0m
[  17% ] [90m[1mreimport[22m | Item.png[39m[0m
[  17% ] [90m[1mreimport[22m | Idle.png[39m[0m
[  18% ] [90m[1mreimport[22m | Dead.png[39m[0m
[  18% ] [90m[1mreimport[22m | Attack.png[39m[0m
[  18% ] [90m[1mreimport[22m | SpriteSheet.png[39m[0m
[  18% ] [90m[1mreimport[22m | Faceset.png[39m[0m
[  18% ] [90m[1mreimport[22m | Walk.png[39m[0m
[  18% ] [90m[1mreimport[22m | Special2.png[39m[0m
[  18% ] [90m[1mreimport[22m | Special1.png[39m[0m
[  18% ] [90m[1mreimport[22m | Jump.png[39m[0m
[  18% ] [90m[1mreimport[22m | Item.png[39m[0m
[  18% ] [90m[1mreimport[22m | Idle.png[39m[0m
[  18% ] [90m[1mreimport[22m | Dead.png[39m[0m
[  18% ] [90m[1mreimport[22m | Attack.png[39m[0m
[  18% ] [90m[1mreimport[22m | SpriteSheet.png[39m[0m
[  18% ] [90m[1mreimport[22m | Faceset.png[39m[0m
[  18% ] [90m[1mreimport[22m | Walk.png[39m[0m
[  18% ] [90m[1mreimport[22m | Special2.png[39m[0m
[  18% ] [90m[1mreimport[22m | Special1.png[39m[0m
[  18% ] [90m[1mreimport[22m | Jump.png[39m[0m
[  18% ] [90m[1mreimport[22m | Item.png[39m[0m
[  18% ] [90m[1mreimport[22m | Idle.png[39m[0m
[  18% ] [90m[1mreimport[22m | Dead.png[39m[0m
[  19% ] [90m[1mreimport[22m | Attack.png[39m[0m
[  19% ] [90m[1mreimport[22m | SpriteSheet.png[39m[0m
[  19% ] [90m[1mreimport[22m | Faceset.png[39m[0m
[  19% ] [90m[1mreimport[22m | Walk.png[39m[0m
[  19% ] [90m[1mreimport[22m | Special2.png[39m[0m
[  19% ] [90m[1mreimport[22m | Special1.png[39m[0m
[  19% ] [90m[1mreimport[22m | Jump.png[39m[0m
[  19% ] [90m[1mreimport[22m | Item.png[39m[0m
[  19% ] [90m[1mreimport[22m | Faceset.png[39m[0m
[  19% ] [90m[1mreimport[22m | SpriteSheet.png[39m[0m
[  19% ] [90m[1mreimport[22m | Faceset.png[39m[0m
[  19% ] [90m[1mreimport[22m | SpriteSheet.png[39m[0m
[  19% ] [90m[1mreimport[22m | Faceset.png[39m[0m
[  19% ] [90m[1mreimport[22m | SpriteSheet.png[39m[0m
[  19% ] [90m[1mreimport[22m | Faceset.png[39m[0m
[  19% ] [90m[1mreimport[22m | SpriteSheet.png[39m[0m
[  19% ] [90m[1mreimport[22m | Faceset.png[39m[0m
[  19% ] [90m[1mreimport[22m | SpriteSheet.png[39m[0m
[  19% ] [90m[1mreimport[22m | Faceset.png[39m[0m
[  19% ] [90m[1mreimport[22m | SpriteSheet.png[39m[0m
[  20% ] [90m[1mreimport[22m | Faceset.png[39m[0m
[  20% ] [90m[1mreimport[22m | SpriteSheet.png[39m[0m
[  20% ] [90m[1mreimport[22m | Faceset.png[39m[0m
[  20% ] [90m[1mreimport[22m | SpriteSheet.png[39m[0m
[  20% ] [90m[1mreimport[22m | Faceset.png[39m[0m
[  20% ] [90m[1mreimport[22m | SpriteSheet.png[39m[0m
[  20% ] [90m[1mreimport[22m | Faceset.png[39m[0m
[  20% ] [90m[1mreimport[22m | SpriteSheet.png[39m[0m
[  20% ] [90m[1mreimport[22m | Faceset.png[39m[0m
[  20% ] [90m[1mreimport[22m | Faceset.png[39m[0m
[  20% ] [90m[1mreimport[22m | Eye2.png[39m[0m
[  20% ] [90m[1mreimport[22m | Faceset.png[39m[0m
[  20% ] [90m[1mreimport[22m | Eye.png[39m[0m
[  20% ] [90m[1mreimport[22m | SpriteSheet.png[39m[0m
[  20% ] [90m[1mreimport[22m | Faceset.png[39m[0m
[  20% ] [90m[1mreimport[22m | SpriteSheet.png[39m[0m
[  20% ] [90m[1mreimport[22m | Faceset.png[39m[0m
[  20% ] [90m[1mreimport[22m | SpriteSheet.png[39m[0m
[  20% ] [90m[1mreimport[22m | Faceset.png[39m[0m
[  20% ] [90m[1mreimport[22m | mushroom2.png[39m[0m
[  20% ] [90m[1mreimport[22m | Faceset.png[39m[0m
[  21% ] [90m[1mreimport[22m | mushroom.png[39m[0m
[  21% ] [90m[1mreimport[22m | Faceset.png[39m[0m
[  21% ] [90m[1mreimport[22m | SpriteSheet.png[39m[0m
[  21% ] [90m[1mreimport[22m | Faceset.png[39m[0m
[  21% ] [90m[1mreimport[22m | SpriteSheet.png[39m[0m
[  21% ] [90m[1mreimport[22m | Faceset.png[39m[0m
[  21% ] [90m[1mreimport[22m | Mollusc2.png[39m[0m
[  21% ] [90m[1mreimport[22m | Faceset.png[39m[0m
[  21% ] [90m[1mreimport[22m | Mollusc.png[39m[0m
[  21% ] [90m[1mreimport[22m | Faceset.png[39m[0m
[  21% ] [90m[1mreimport[22m | Mole2.png[39m[0m
[  21% ] [90m[1mreimport[22m | Faceset.png[39m[0m
[  21% ] [90m[1mreimport[22m | Mole.png[39m[0m
[  21% ] [90m[1mreimport[22m | Faceset.png[39m[0m
[  21% ] [90m[1mreimport[22m | Lizard2.png[39m[0m
[  21% ] [90m[1mreimport[22m | Faceset.png[39m[0m
[  21% ] [90m[1mreimport[22m | Lizard.png[39m[0m
[  21% ] [90m[1mreimport[22m | Faceset.png[39m[0m
[  21% ] [90m[1mreimport[22m | Larva2.png[39m[0m
[  21% ] [90m[1mreimport[22m | Faceset.png[39m[0m
[  21% ] [90m[1mreimport[22m | Larva.png[39m[0m
[  22% ] [90m[1mreimport[22m | Faceset.png[39m[0m
[  22% ] [90m[1mreimport[22m | SpriteSheet.png[39m[0m
[  22% ] [90m[1mreimport[22m | Faceset.png[39m[0m
[  22% ] [90m[1mreimport[22m | SpriteSheet.png[39m[0m
[  22% ] [90m[1mreimport[22m | Faceset.png[39m[0m
[  22% ] [90m[1mreimport[22m | SpriteSheet.png[39m[0m
[  22% ] [90m[1mreimport[22m | Roll.png[39m[0m
[  22% ] [90m[1mreimport[22m | Push.png[39m[0m
[  22% ] [90m[1mreimport[22m | Pickup.png[39m[0m
[  22% ] [90m[1mreimport[22m | Jump.png[39m[0m
[  22% ] [90m[1mreimport[22m | Item.png[39m[0m
[  22% ] [90m[1mreimport[22m | Idle.png[39m[0m
[  22% ] [90m[1mreimport[22m | Hit.png[39m[0m
[  22% ] [90m[1mreimport[22m | Dead.png[39m[0m
[  22% ] [90m[1mreimport[22m | Climb.png[39m[0m
[  22% ] [90m[1mreimport[22m | Attack.png[39m[0m
[  22% ] [90m[1mreimport[22m | Shadow.png[39m[0m
[  22% ] [90m[1mreimport[22m | AllPreview.png[39m[0m
[  22% ] [90m[1mreimport[22m | AllPreview2.png[39m[0m
[  22% ] [90m[1mreimport[22m | SpriteSheet.png[39m[0m
[  22% ] [90m[1mreimport[22m | Faceset.png[39m[0m
[  23% ] [90m[1mreimport[22m | Walk.png[39m[0m
[  23% ] [90m[1mreimport[22m | Special2.png[39m[0m
[  23% ] [90m[1mreimport[22m | Special1.png[39m[0m
[  23% ] [90m[1mreimport[22m | Jump.png[39m[0m
[  23% ] [90m[1mreimport[22m | Item.png[39m[0m
[  23% ] [90m[1mreimport[22m | Idle.png[39m[0m
[  23% ] [90m[1mreimport[22m | Dead.png[39m[0m
[  23% ] [90m[1mreimport[22m | Attack.png[39m[0m
[  23% ] [90m[1mreimport[22m | SpriteSheet.png[39m[0m
[  23% ] [90m[1mreimport[22m | Faceset.png[39m[0m
[  23% ] [90m[1mreimport[22m | Walk.png[39m[0m
[  23% ] [90m[1mreimport[22m | Special2.png[39m[0m
[  23% ] [90m[1mreimport[22m | Special1.png[39m[0m
[  23% ] [90m[1mreimport[22m | Jump.png[39m[0m
[  23% ] [90m[1mreimport[22m | Item.png[39m[0m
[  23% ] [90m[1mreimport[22m | Faceset.png[39m[0m
[  23% ] [90m[1mreimport[22m | SpriteSheet.png[39m[0m
[  23% ] [90m[1mreimport[22m | Faceset.png[39m[0m
[  23% ] [90m[1mreimport[22m | SpriteSheet.png[39m[0m
[  23% ] [90m[1mreimport[22m | Faceset.png[39m[0m
[  24% ] [90m[1mreimport[22m | SpriteSheet.png[39m[0m
[  24% ] [90m[1mreimport[22m | Faceset.png[39m[0m
[  24% ] [90m[1mreimport[22m | SpriteSheet.png[39m[0m
[  24% ] [90m[1mreimport[22m | Faceset.png[39m[0m
[  24% ] [90m[1mreimport[22m | Faceset.png[39m[0m
[  24% ] [90m[1mreimport[22m | Beast2.png[39m[0m
[  24% ] [90m[1mreimport[22m | Faceset.png[39m[0m
[  24% ] [90m[1mreimport[22m | Beast.png[39m[0m
[  24% ] [90m[1mreimport[22m | SpriteSheet.png[39m[0m
[  24% ] [90m[1mreimport[22m | Faceset.png[39m[0m
[  24% ] [90m[1mreimport[22m | SpriteSheet.png[39m[0m
[  24% ] [90m[1mreimport[22m | Faceset.png[39m[0m
[  24% ] [90m[1mreimport[22m | SpriteSheet.png[39m[0m
[  24% ] [90m[1mreimport[22m | Faceset.png[39m[0m
[  24% ] [90m[1mreimport[22m | SpriteSheet.png[39m[0m
[  24% ] [90m[1mreimport[22m | Faceset.png[39m[0m
[  24% ] [90m[1mreimport[22m | SpriteSheet.png[39m[0m
[  24% ] [90m[1mreimport[22m | Faceset.png[39m[0m
[  24% ] [90m[1mreimport[22m | Pickaxe.png[39m[0m
[  24% ] [90m[1mreimport[22m | Net.png[39m[0m
[  24% ] [90m[1mreimport[22m | Katana.png[39m[0m
[  25% ] [90m[1mreimport[22m | Hammer.png[39m[0m
[  25% ] [90m[1mreimport[22m | Axe.png[39m[0m
[  25% ] [90m[1mreimport[22m | SpriteSheet.png[39m[0m
[  25% ] [90m[1mreimport[22m | Walk.png[39m[0m
[  25% ] [90m[1mreimport[22m | Swim.png[39m[0m
[  25% ] [90m[1mreimport[22m | Mine.png[39m[0m
[  25% ] [90m[1mreimport[22m | InteractDisabled.png[39m[0m
[  25% ] [90m[1mreimport[22m | Interact.png[39m[0m
[  25% ] [90m[1mreimport[22m | HarvestDisabled.png[39m[0m
[  25% ] [90m[1mreimport[22m | Harvest.png[39m[0m
[  25% ] [90m[1mreimport[22m | DishDisabled.png[39m[0m
[  25% ] [90m[1mreimport[22m | Dish.png[39m[0m
[  25% ] [90m[1mreimport[22m | CookDisabled.png[39m[0m
[  25% ] [90m[1mreimport[22m | Cook.png[39m[0m
[  25% ] [90m[1mreimport[22m | ShurikenDisabled.png[39m[0m
[  25% ] [90m[1mreimport[22m | Shuriken.png[39m[0m
[  25% ] [90m[1mreimport[22m | ScrollDisabled.png[39m[0m
[  25% ] [90m[1mreimport[22m | Scroll.png[39m[0m
[  25% ] [90m[1mreimport[22m | RingDisabled.png[39m[0m
[  25% ] [90m[1mreimport[22m | Ring.png[39m[0m
[  25% ] [90m[1mreimport[22m | MoneyDisabled.png[39m[0m
[  26% ] [90m[1mreimport[22m | Money.png[39m[0m
[  26% ] [90m[1mreimport[22m | KunaiDisabled.png[39m[0m
[  26% ] [90m[1mreimport[22m | Kunai.png[39m[0m
[  26% ] [90m[1mreimport[22m | HookDisabled.png[39m[0m
[  26% ] [90m[1mreimport[22m | Hook.png[39m[0m
[  26% ] [90m[1mreimport[22m | HelmetDisabled.png[39m[0m
[  26% ] [90m[1mreimport[22m | Helmet.png[39m[0m
[  26% ] [90m[1mreimport[22m | GuardDisabled.png[39m[0m
[  26% ] [90m[1mreimport[22m | Guard.png[39m[0m
[  26% ] [90m[1mreimport[22m | BootDisabled.png[39m[0m
[  26% ] [90m[1mreimport[22m | Boot.png[39m[0m
[  26% ] [90m[1mreimport[22m | ArrowDisabled.png[39m[0m
[  26% ] [90m[1mreimport[22m | Arrow.png[39m[0m
[  26% ] [90m[1mreimport[22m | ArmorDisabled.png[39m[0m
[  26% ] [90m[1mreimport[22m | BookDeath.png[39m[0m
[  26% ] [90m[1mreimport[22m | BookDarknessDisabled.png[39m[0m
[  26% ] [90m[1mreimport[22m | BookDarkness.png[39m[0m
[  26% ] [90m[1mreimport[22m | AttackUpgradeDisabled.png[39m[0m
[  26% ] [90m[1mreimport[22m | AttackUpgrade.png[39m[0m
[  26% ] [90m[1mreimport[22m | AlchemyDisabled.png[39m[0m
[  27% ] [90m[1mreimport[22m | Alchemy.png[39m[0m
[  27% ] [90m[1mreimport[22m | SunDisabled.png[39m[0m
[  27% ] [90m[1mreimport[22m | Sun.png[39m[0m
[  27% ] [90m[1mreimport[22m | SnowDisabled.png[39m[0m
[  27% ] [90m[1mreimport[22m | Snow.png[39m[0m
[  27% ] [90m[1mreimport[22m | RainDisabled.png[39m[0m
[  27% ] [90m[1mreimport[22m | Rain.png[39m[0m
[  27% ] [90m[1mreimport[22m | MoonDisabled.png[39m[0m
[  27% ] [90m[1mreimport[22m | Moon.png[39m[0m
[  27% ] [90m[1mreimport[22m | WaterDisabled.png[39m[0m
[  27% ] [90m[1mreimport[22m | Water.png[39m[0m
[  27% ] [90m[1mreimport[22m | TalkDisabled.png[39m[0m
[  27% ] [90m[1mreimport[22m | Talk.png[39m[0m
[  27% ] [90m[1mreimport[22m | SingDisabled.png[39m[0m
[  27% ] [90m[1mreimport[22m | Sing.png[39m[0m
[  27% ] [90m[1mreimport[22m | RepairDisabled.png[39m[0m
[  27% ] [90m[1mreimport[22m | Repair.png[39m[0m
[  27% ] [90m[1mreimport[22m | PunchDisabled.png[39m[0m
[  27% ] [90m[1mreimport[22m | Punch.png[39m[0m
[  27% ] [90m[1mreimport[22m | PotionDisabled.png[39m[0m
[  27% ] [90m[1mreimport[22m | Potion.png[39m[0m
[  28% ] [90m[1mreimport[22m | PlantDisabled.png[39m[0m
[  28% ] [90m[1mreimport[22m | Plant.png[39m[0m
[  28% ] [90m[1mreimport[22m | MineDisabled.png[39m[0m
[  28% ] [90m[1mreimport[22m | BackgroundBottle.png[39m[0m
[  28% ] [90m[1mreimport[22m | BackgroundBamboo.png[39m[0m
[  28% ] [90m[1mreimport[22m | BackgroundBag.png[39m[0m
[  28% ] [90m[1mreimport[22m | AmmoSpecial.png[39m[0m
[  28% ] [90m[1mreimport[22m | AmmoSkill.png[39m[0m
[  28% ] [90m[1mreimport[22m | Ammokunai.png[39m[0m
[  28% ] [90m[1mreimport[22m | Tuto.png[39m[0m
[  28% ] [90m[1mreimport[22m | Preview.png[39m[0m
[  28% ] [90m[1mreimport[22m | IconMouse.png[39m[0m
[  28% ] [90m[1mreimport[22m | IconKeyboard.png[39m[0m
[  28% ] [90m[1mreimport[22m | IconGamepad.png[39m[0m
[  28% ] [90m[1mreimport[22m | MouseWheelUp.png[39m[0m
[  28% ] [90m[1mreimport[22m | MouseWheelDown.png[39m[0m
[  28% ] [90m[1mreimport[22m | MouseDisabled.png[39m[0m
[  28% ] [90m[1mreimport[22m | MouseButtonRight.png[39m[0m
[  28% ] [90m[1mreimport[22m | MouseButtonMiddle.png[39m[0m
[  28% ] [90m[1mreimport[22m | MouseButtonLeft.png[39m[0m
[  28% ] [90m[1mreimport[22m | Mouse.png[39m[0m
[  29% ] [90m[1mreimport[22m | KeyZ.png[39m[0m
[  29% ] [90m[1mreimport[22m | KeyY.png[39m[0m
[  29% ] [90m[1mreimport[22m | KeyX.png[39m[0m
[  29% ] [90m[1mreimport[22m | KeyW.png[39m[0m
[  29% ] [90m[1mreimport[22m | KeyV.png[39m[0m
[  29% ] [90m[1mreimport[22m | KeyUp.png[39m[0m
[  29% ] [90m[1mreimport[22m | KeyU.png[39m[0m
[  29% ] [90m[1mreimport[22m | KeyTab.png[39m[0m
[  29% ] [90m[1mreimport[22m | KeyT.png[39m[0m
[  29% ] [90m[1mreimport[22m | KeySpace.png[39m[0m
[  29% ] [90m[1mreimport[22m | KeyShift.png[39m[0m
[  29% ] [90m[1mreimport[22m | KeyS.png[39m[0m
[  29% ] [90m[1mreimport[22m | Armor.png[39m[0m
[  29% ] [90m[1mreimport[22m | AmuletDisabled.png[39m[0m
[  29% ] [90m[1mreimport[22m | Amulet.png[39m[0m
[  29% ] [90m[1mreimport[22m | LifeBarMiniUnder.png[39m[0m
[  29% ] [90m[1mreimport[22m | LifeBarMiniProgress.png[39m[0m
[  29% ] [90m[1mreimport[22m | IconHeart.png[39m[0m
[  29% ] [90m[1mreimport[22m | Heart.png[39m[0m
[  29% ] [90m[1mreimport[22m | Heart3.png[39m[0m
[  29% ] [90m[1mreimport[22m | Heart2.png[39m[0m
[  30% ] [90m[1mreimport[22m | ProgressYellow.png[39m[0m
[  30% ] [90m[1mreimport[22m | ProgressWhite.png[39m[0m
[  30% ] [90m[1mreimport[22m | ProgressPurple.png[39m[0m
[  30% ] [90m[1mreimport[22m | ProgressMana.png[39m[0m
[  30% ] [90m[1mreimport[22m | ProgressHealth.png[39m[0m
[  30% ] [90m[1mreimport[22m | ProgressGreen.png[39m[0m
[  30% ] [90m[1mreimport[22m | ProgressBlack.png[39m[0m
[  30% ] [90m[1mreimport[22m | Preview.png[39m[0m
[  30% ] [90m[1mreimport[22m | Over.png[39m[0m
[  30% ] [90m[1mreimport[22m | BackgroundWood.png[39m[0m
[  30% ] [90m[1mreimport[22m | BackgroundRed.png[39m[0m
[  30% ] [90m[1mreimport[22m | BackgroundMetal.png[39m[0m
[  30% ] [90m[1mreimport[22m | BackgroundIron.png[39m[0m
[  30% ] [90m[1mreimport[22m | BackgroundIron2.png[39m[0m
[  30% ] [90m[1mreimport[22m | BackgroundFlask.png[39m[0m
[  30% ] [90m[1mreimport[22m | BackgroundBamboo.png[39m[0m
[  30% ] [90m[1mreimport[22m | ProgressWhite.png[39m[0m
[  30% ] [90m[1mreimport[22m | ProgressHealth.png[39m[0m
[  30% ] [90m[1mreimport[22m | Preview.png[39m[0m
[  30% ] [90m[1mreimport[22m | BackgroundWood.png[39m[0m
[  31% ] [90m[1mreimport[22m | BackgroundScroll.png[39m[0m
[  31% ] [90m[1mreimport[22m | slider_progress_hover.png[39m[0m
[  31% ] [90m[1mreimport[22m | slider_progress.png[39m[0m
[  31% ] [90m[1mreimport[22m | radio_unchecked_disabled.png[39m[0m
[  31% ] [90m[1mreimport[22m | radio_unchecked.png[39m[0m
[  31% ] [90m[1mreimport[22m | radio_checked_disabled.png[39m[0m
[  31% ] [90m[1mreimport[22m | radio_checked.png[39m[0m
[  31% ] [90m[1mreimport[22m | nine_path_panel_interior.png[39m[0m
[  31% ] [90m[1mreimport[22m | nine_path_panel_disabled.png[39m[0m
[  31% ] [90m[1mreimport[22m | nine_path_panel_3.png[39m[0m
[  31% ] [90m[1mreimport[22m | nine_path_panel_2.png[39m[0m
[  31% ] [90m[1mreimport[22m | nine_path_panel.png[39m[0m
[  31% ] [90m[1mreimport[22m | nine_path_focus.png[39m[0m
[  31% ] [90m[1mreimport[22m | nine_path_bg_2.png[39m[0m
[  31% ] [90m[1mreimport[22m | nine_path_bg.png[39m[0m
[  31% ] [90m[1mreimport[22m | inventory_cell.png[39m[0m
[  31% ] [90m[1mreimport[22m | h_slidder_grabber_hover.png[39m[0m
[  31% ] [90m[1mreimport[22m | h_slidder_grabber_disabled.png[39m[0m
[  31% ] [90m[1mreimport[22m | h_slidder_grabber.png[39m[0m
[  31% ] [90m[1mreimport[22m | checked_disabled.png[39m[0m
[  31% ] [90m[1mreimport[22m | checked.png[39m[0m
[  32% ] [90m[1mreimport[22m | button_unchecked_disabled.png[39m[0m
[  32% ] [90m[1mreimport[22m | button_unchecked.png[39m[0m
[  32% ] [90m[1mreimport[22m | button_pressed.png[39m[0m
[  32% ] [90m[1mreimport[22m | button_normal.png[39m[0m
[  32% ] [90m[1mreimport[22m | button_hover.png[39m[0m
[  32% ] [90m[1mreimport[22m | button_disabled.png[39m[0m
[  32% ] [90m[1mreimport[22m | button_checked_disabled.png[39m[0m
[  32% ] [90m[1mreimport[22m | button_checked.png[39m[0m
[  32% ] [90m[1mreimport[22m | arrow_right_hover.png[39m[0m
[  32% ] [90m[1mreimport[22m | arrow_right.png[39m[0m
[  32% ] [90m[1mreimport[22m | icon.svg[39m[0m
[  32% ] [90m[1mreimport[22m | preview-part-2.png[39m[0m
[  32% ] [90m[1mreimport[22m | preview-part-1.png[39m[0m
[  32% ] [90m[1mreimport[22m | Palette.png[39m[0m
[  32% ] [90m[1mreimport[22m | MusicCover.png[39m[0m
[  32% ] [90m[1mreimport[22m | Example 5 ( Old Version).png[39m[0m
[  32% ] [90m[1mreimport[22m | Arrow.png[39m[0m
[  32% ] [90m[1mreimport[22m | preview.png[39m[0m
[  32% ] [90m[1mreimport[22m | nine_path_panel.png[39m[0m
[  32% ] [90m[1mreimport[22m | nine_path_panel.png[39m[0m
[  32% ] [90m[1mreimport[22m | nine_path_panel.png[39m[0m
[  33% ] [90m[1mreimport[22m | nine_path_panel.png[39m[0m
[  33% ] [90m[1mreimport[22m | nine_path_panel.png[39m[0m
[  33% ] [90m[1mreimport[22m | nine_path_panel.png[39m[0m
[  33% ] [90m[1mreimport[22m | nine_path_panel.png[39m[0m
[  33% ] [90m[1mreimport[22m | nine_path_panel.png[39m[0m
[  33% ] [90m[1mreimport[22m | nine_path_panel.png[39m[0m
[  33% ] [90m[1mreimport[22m | nine_path_panel.png[39m[0m
[  33% ] [90m[1mreimport[22m | nine_path_panel.png[39m[0m
[  33% ] [90m[1mreimport[22m | nine_path_panel.png[39m[0m
[  33% ] [90m[1mreimport[22m | v_slidder_grabber_hover.png[39m[0m
[  33% ] [90m[1mreimport[22m | v_slidder_grabber_disabled.png[39m[0m
[  33% ] [90m[1mreimport[22m | v_slidder_grabber.png[39m[0m
[  33% ] [90m[1mreimport[22m | unchecked_disabled.png[39m[0m
[  33% ] [90m[1mreimport[22m | unchecked.png[39m[0m
[  33% ] [90m[1mreimport[22m | tab_unselected.png[39m[0m
[  33% ] [90m[1mreimport[22m | tab_selected.png[39m[0m
[  33% ] [90m[1mreimport[22m | tab_hover.png[39m[0m
[  33% ] [90m[1mreimport[22m | tab_disabled.png[39m[0m
[  33% ] [90m[1mreimport[22m | tab.png[39m[0m
[  33% ] [90m[1mreimport[22m | Fireball.png[39m[0m
[  33% ] [90m[1mreimport[22m | ExplosionDisabled.png[39m[0m
[  34% ] [90m[1mreimport[22m | Explosion.png[39m[0m
[  34% ] [90m[1mreimport[22m | DowngradeDisabled.png[39m[0m
[  34% ] [90m[1mreimport[22m | Downgrade.png[39m[0m
[  34% ] [90m[1mreimport[22m | DefenseUpgradeDisabled.png[39m[0m
[  34% ] [90m[1mreimport[22m | DefenseUpgrade.png[39m[0m
[  34% ] [90m[1mreimport[22m | DeathDisabled.png[39m[0m
[  34% ] [90m[1mreimport[22m | Death.png[39m[0m
[  34% ] [90m[1mreimport[22m | CutDisabled.png[39m[0m
[  34% ] [90m[1mreimport[22m | Cut.png[39m[0m
[  34% ] [90m[1mreimport[22m | CounterDisabled.png[39m[0m
[  34% ] [90m[1mreimport[22m | Counter.png[39m[0m
[  34% ] [90m[1mreimport[22m | CamouflageDisabled.png[39m[0m
[  34% ] [90m[1mreimport[22m | Camouflage.png[39m[0m
[  34% ] [90m[1mreimport[22m | BookWindDisabled.png[39m[0m
[  34% ] [90m[1mreimport[22m | BookWind.png[39m[0m
[  34% ] [90m[1mreimport[22m | BookThunderDisabled.png[39m[0m
[  34% ] [90m[1mreimport[22m | BookThunder.png[39m[0m
[  34% ] [90m[1mreimport[22m | BookRockDisabled.png[39m[0m
[  34% ] [90m[1mreimport[22m | BookRock.png[39m[0m
[  34% ] [90m[1mreimport[22m | BookPlantDisabled.png[39m[0m
[  35% ] [90m[1mreimport[22m | BookPlant.png[39m[0m
[  35% ] [90m[1mreimport[22m | BookLightDisabled.png[39m[0m
[  35% ] [90m[1mreimport[22m | BookLight.png[39m[0m
[  35% ] [90m[1mreimport[22m | BookIceDisabled.png[39m[0m
[  35% ] [90m[1mreimport[22m | BookIce.png[39m[0m
[  35% ] [90m[1mreimport[22m | BookFireDisabled.png[39m[0m
[  35% ] [90m[1mreimport[22m | BookFire.png[39m[0m
[  35% ] [90m[1mreimport[22m | BookDeathDisabled.png[39m[0m
[  35% ] [90m[1mreimport[22m | arrow_left_hover.png[39m[0m
[  35% ] [90m[1mreimport[22m | arrow_left.png[39m[0m
[  35% ] [90m[1mreimport[22m | Preview.png[39m[0m
[  35% ] [90m[1mreimport[22m | WaterCanonDisabled.png[39m[0m
[  35% ] [90m[1mreimport[22m | WaterCanon.png[39m[0m
[  35% ] [90m[1mreimport[22m | VisionDisabled.png[39m[0m
[  35% ] [90m[1mreimport[22m | Vision.png[39m[0m
[  35% ] [90m[1mreimport[22m | UpgradeDisabled.png[39m[0m
[  35% ] [90m[1mreimport[22m | Upgrade.png[39m[0m
[  35% ] [90m[1mreimport[22m | RockSpikeDisabled.png[39m[0m
[  35% ] [90m[1mreimport[22m | RockSpike.png[39m[0m
[  35% ] [90m[1mreimport[22m | PermutationDisabled.png[39m[0m
[  35% ] [90m[1mreimport[22m | Permutation.png[39m[0m
[  36% ] [90m[1mreimport[22m | OrbWater.png[39m[0m
[  36% ] [90m[1mreimport[22m | OrbPlant.png[39m[0m
[  36% ] [90m[1mreimport[22m | OrbLight.png[39m[0m
[  36% ] [90m[1mreimport[22m | OrbFire.png[39m[0m
[  36% ] [90m[1mreimport[22m | OrbDisabled.png[39m[0m
[  36% ] [90m[1mreimport[22m | OrbDarkness.png[39m[0m
[  36% ] [90m[1mreimport[22m | NecromancyDisabled.png[39m[0m
[  36% ] [90m[1mreimport[22m | Necromancy.png[39m[0m
[  36% ] [90m[1mreimport[22m | MistDisabled.png[39m[0m
[  36% ] [90m[1mreimport[22m | Mist.png[39m[0m
[  36% ] [90m[1mreimport[22m | MagicWeaponDisabled.png[39m[0m
[  36% ] [90m[1mreimport[22m | MagicWeapon.png[39m[0m
[  36% ] [90m[1mreimport[22m | LuckUpgradeDisabled.png[39m[0m
[  36% ] [90m[1mreimport[22m | LuckUpgrade.png[39m[0m
[  36% ] [90m[1mreimport[22m | HealDisabled.png[39m[0m
[  36% ] [90m[1mreimport[22m | Heal.png[39m[0m
[  36% ] [90m[1mreimport[22m | FireballDisabled.png[39m[0m
[  36% ] [90m[1mreimport[22m | SpriteInHand.png[39m[0m
[  36% ] [90m[1mreimport[22m | Sprite.png[39m[0m
[  36% ] [90m[1mreimport[22m | SpriteInHand.png[39m[0m
[  36% ] [90m[1mreimport[22m | Sprite.png[39m[0m
[  37% ] [90m[1mreimport[22m | Sprite.png[39m[0m
[  37% ] [90m[1mreimport[22m | SpriteInHand.png[39m[0m
[  37% ] [90m[1mreimport[22m | Sprite.png[39m[0m
[  37% ] [90m[1mreimport[22m | Sprite.png[39m[0m
[  37% ] [90m[1mreimport[22m | Arrow.png[39m[0m
[  37% ] [90m[1mreimport[22m | Sprite.png[39m[0m
[  37% ] [90m[1mreimport[22m | Arrow.png[39m[0m
[  37% ] [90m[1mreimport[22m | SpriteInHand.png[39m[0m
[  37% ] [90m[1mreimport[22m | Sprite.png[39m[0m
[  37% ] [90m[1mreimport[22m | SpriteInHand.png[39m[0m
[  37% ] [90m[1mreimport[22m | Sprite.png[39m[0m
[  37% ] [90m[1mreimport[22m | SpriteInHand.png[39m[0m
[  37% ] [90m[1mreimport[22m | Sprite.png[39m[0m
[  37% ] [90m[1mreimport[22m | SpriteInHand.png[39m[0m
[  37% ] [90m[1mreimport[22m | Sprite.png[39m[0m
[  37% ] [90m[1mreimport[22m | SpriteInHand.png[39m[0m
[  37% ] [90m[1mreimport[22m | Sprite.png[39m[0m
[  37% ] [90m[1mreimport[22m | SilverKey.png[39m[0m
[  37% ] [90m[1mreimport[22m | SilverCup.png[39m[0m
[  37% ] [90m[1mreimport[22m | SilverCoin.png[39m[0m
[  37% ] [90m[1mreimport[22m | LittleTreasureChest.png[39m[0m
[  38% ] [90m[1mreimport[22m | GoldKey.png[39m[0m
[  38% ] [90m[1mreimport[22m | GoldCup.png[39m[0m
[  38% ] [90m[1mreimport[22m | GoldCoin.png[39m[0m
[  38% ] [90m[1mreimport[22m | Coin2.png[39m[0m
[  38% ] [90m[1mreimport[22m | BigTreasureChest.png[39m[0m
[  38% ] [90m[1mreimport[22m | DialogInfo.png[39m[0m
[  38% ] [90m[1mreimport[22m | DialogBoxFaceset.png[39m[0m
[  38% ] [90m[1mreimport[22m | DialogBox.png[39m[0m
[  38% ] [90m[1mreimport[22m | ChoiceBox.png[39m[0m
[  38% ] [90m[1mreimport[22m | WeaponPreview2.png[39m[0m
[  38% ] [90m[1mreimport[22m | AllPreview.png[39m[0m
[  38% ] [90m[1mreimport[22m | SpriteInHand.png[39m[0m
[  38% ] [90m[1mreimport[22m | Sprite.png[39m[0m
[  38% ] [90m[1mreimport[22m | SpriteInHand.png[39m[0m
[  38% ] [90m[1mreimport[22m | Sprite.png[39m[0m
[  38% ] [90m[1mreimport[22m | SpriteInHand.png[39m[0m
[  38% ] [90m[1mreimport[22m | Sprite.png[39m[0m
[  38% ] [90m[1mreimport[22m | SpriteInHand.png[39m[0m
[  38% ] [90m[1mreimport[22m | Sprite.png[39m[0m
[  38% ] [90m[1mreimport[22m | SpriteInHand.png[39m[0m
[  39% ] [90m[1mreimport[22m | Sprite.png[39m[0m
[  39% ] [90m[1mreimport[22m | SpriteInHand.png[39m[0m
[  39% ] [90m[1mreimport[22m | Sprite.png[39m[0m
[  39% ] [90m[1mreimport[22m | SpriteInHand.png[39m[0m
[  39% ] [90m[1mreimport[22m | Sprite.png[39m[0m
[  39% ] [90m[1mreimport[22m | SpriteInHand.png[39m[0m
[  39% ] [90m[1mreimport[22m | Sprite.png[39m[0m
[  39% ] [90m[1mreimport[22m | SpriteInHand.png[39m[0m
[  39% ] [90m[1mreimport[22m | Sprite.png[39m[0m
[  39% ] [90m[1mreimport[22m | SpriteInHand.png[39m[0m
[  39% ] [90m[1mreimport[22m | Sprite.png[39m[0m
[  39% ] [90m[1mreimport[22m | SpriteInHand.png[39m[0m
[  39% ] [90m[1mreimport[22m | Sprite.png[39m[0m
[  39% ] [90m[1mreimport[22m | SpriteInHand.png[39m[0m
[  39% ] [90m[1mreimport[22m | Sprite.png[39m[0m
[  39% ] [90m[1mreimport[22m | Shuriken.png[39m[0m
[  39% ] [90m[1mreimport[22m | Kunai.png[39m[0m
[  39% ] [90m[1mreimport[22m | Dynamite.png[39m[0m
[  39% ] [90m[1mreimport[22m | CrateDynamite.png[39m[0m
[  39% ] [90m[1mreimport[22m | Caltrop.png[39m[0m
[  39% ] [90m[1mreimport[22m | Bomb.png[39m[0m
[  40% ] [90m[1mreimport[22m | Arrow.png[39m[0m
[  40% ] [90m[1mreimport[22m | WaterPot.png[39m[0m
[  40% ] [90m[1mreimport[22m | MilkPot.png[39m[0m
[  40% ] [90m[1mreimport[22m | Medipack.png[39m[0m
[  40% ] [90m[1mreimport[22m | LifePot.png[39m[0m
[  40% ] [90m[1mreimport[22m | Heart.png[39m[0m
[  40% ] [90m[1mreimport[22m | EmptyPot.png[39m[0m
[  40% ] [90m[1mreimport[22m | Stamp.png[39m[0m
[  40% ] [90m[1mreimport[22m | Letter.png[39m[0m
[  40% ] [90m[1mreimport[22m | Letter3.png[39m[0m
[  40% ] [90m[1mreimport[22m | Letter2.png[39m[0m
[  40% ] [90m[1mreimport[22m | PanFlute.png[39m[0m
[  40% ] [90m[1mreimport[22m | MoneyBag.png[39m[0m
[  40% ] [90m[1mreimport[22m | Hourglass.png[39m[0m
[  40% ] [90m[1mreimport[22m | Gourd.png[39m[0m
[  40% ] [90m[1mreimport[22m | Dice 20.png[39m[0m
[  40% ] [90m[1mreimport[22m | Dice 8.png[39m[0m
[  40% ] [90m[1mreimport[22m | Dice 6.png[39m[0m
[  40% ] [90m[1mreimport[22m | Dice 4.png[39m[0m
[  40% ] [90m[1mreimport[22m | CrateEmpty.png[39m[0m
[  40% ] [90m[1mreimport[22m | Book.png[39m[0m
[  41% ] [90m[1mreimport[22m | Bag.png[39m[0m
[  41% ] [90m[1mreimport[22m | Yakitori.png[39m[0m
[  41% ] [90m[1mreimport[22m | TeaLeaf.png[39m[0m
[  41% ] [90m[1mreimport[22m | WateringCan.png[39m[0m
[  41% ] [90m[1mreimport[22m | Sickle.png[39m[0m
[  41% ] [90m[1mreimport[22m | Shovel.png[39m[0m
[  41% ] [90m[1mreimport[22m | Pickaxe.png[39m[0m
[  41% ] [90m[1mreimport[22m | Hoe.png[39m[0m
[  41% ] [90m[1mreimport[22m | Hammer.png[39m[0m
[  41% ] [90m[1mreimport[22m | Axe.png[39m[0m
[  41% ] [90m[1mreimport[22m | Anvil.png[39m[0m
[  41% ] [90m[1mreimport[22m | ScrollThunder.png[39m[0m
[  41% ] [90m[1mreimport[22m | ScrollRock.png[39m[0m
[  41% ] [90m[1mreimport[22m | ScrollPlant.png[39m[0m
[  41% ] [90m[1mreimport[22m | ScrollIce.png[39m[0m
[  41% ] [90m[1mreimport[22m | ScrollFire.png[39m[0m
[  41% ] [90m[1mreimport[22m | ScrollEmpty.png[39m[0m
[  41% ] [90m[1mreimport[22m | Scroll.png[39m[0m
[  41% ] [90m[1mreimport[22m | Water.png[39m[0m
[  41% ] [90m[1mreimport[22m | Rock.png[39m[0m
[  41% ] [90m[1mreimport[22m | Grass.png[39m[0m
[  42% ] [90m[1mreimport[22m | GemYellow.png[39m[0m
[  42% ] [90m[1mreimport[22m | GemRed.png[39m[0m
[  42% ] [90m[1mreimport[22m | GemPurple.png[39m[0m
[  42% ] [90m[1mreimport[22m | GemGreen.png[39m[0m
[  42% ] [90m[1mreimport[22m | feather.png[39m[0m
[  42% ] [90m[1mreimport[22m | Branch.png[39m[0m
[  42% ] [90m[1mreimport[22m | BarSilver.png[39m[0m
[  42% ] [90m[1mreimport[22m | BarPurple.png[39m[0m
[  42% ] [90m[1mreimport[22m | BarMithril.png[39m[0m
[  42% ] [90m[1mreimport[22m | BarIron.png[39m[0m
[  42% ] [90m[1mreimport[22m | BarGold.png[39m[0m
[  42% ] [90m[1mreimport[22m | BarCopper.png[39m[0m
[  42% ] [90m[1mreimport[22m | KeyDown.png[39m[0m
[  42% ] [90m[1mreimport[22m | KeyDelete.png[39m[0m
[  42% ] [90m[1mreimport[22m | KeyD.png[39m[0m
[  42% ] [90m[1mreimport[22m | KeyCtrl.png[39m[0m
[  42% ] [90m[1mreimport[22m | KeyC.png[39m[0m
[  42% ] [90m[1mreimport[22m | KeyB.png[39m[0m
[  42% ] [90m[1mreimport[22m | KeyAlt.png[39m[0m
[  42% ] [90m[1mreimport[22m | KeyA.png[39m[0m
[  43% ] [90m[1mreimport[22m | Key9.png[39m[0m
[  43% ] [90m[1mreimport[22m | Key8.png[39m[0m
[  43% ] [90m[1mreimport[22m | Key7.png[39m[0m
[  43% ] [90m[1mreimport[22m | Key6.png[39m[0m
[  43% ] [90m[1mreimport[22m | Key5.png[39m[0m
[  43% ] [90m[1mreimport[22m | Key4.png[39m[0m
[  43% ] [90m[1mreimport[22m | Key3.png[39m[0m
[  43% ] [90m[1mreimport[22m | Key2.png[39m[0m
[  43% ] [90m[1mreimport[22m | Key1.png[39m[0m
[  43% ] [90m[1mreimport[22m | Key0.png[39m[0m
[  43% ] [90m[1mreimport[22m | Start.png[39m[0m
[  43% ] [90m[1mreimport[22m | Select.png[39m[0m
[  43% ] [90m[1mreimport[22m | JoystickRightPressed.png[39m[0m
[  43% ] [90m[1mreimport[22m | JoystickRight.png[39m[0m
[  43% ] [90m[1mreimport[22m | JoystickLeftPressed.png[39m[0m
[  43% ] [90m[1mreimport[22m | JoystickLeft.png[39m[0m
[  43% ] [90m[1mreimport[22m | DPadUp.png[39m[0m
[  43% ] [90m[1mreimport[22m | DPadRight.png[39m[0m
[  43% ] [90m[1mreimport[22m | DPadLeft.png[39m[0m
[  43% ] [90m[1mreimport[22m | DPadDown.png[39m[0m
[  43% ] [90m[1mreimport[22m | DPad.png[39m[0m
[  44% ] [90m[1mreimport[22m | ButtonUp.png[39m[0m
[  44% ] [90m[1mreimport[22m | KeyRight.png[39m[0m
[  44% ] [90m[1mreimport[22m | KeyR.png[39m[0m
[  44% ] [90m[1mreimport[22m | KeyQ.png[39m[0m
[  44% ] [90m[1mreimport[22m | KeyP.png[39m[0m
[  44% ] [90m[1mreimport[22m | KeyO.png[39m[0m
[  44% ] [90m[1mreimport[22m | KeyN.png[39m[0m
[  44% ] [90m[1mreimport[22m | KeyM.png[39m[0m
[  44% ] [90m[1mreimport[22m | KeyLeft.png[39m[0m
[  44% ] [90m[1mreimport[22m | KeyL.png[39m[0m
[  44% ] [90m[1mreimport[22m | KeyK.png[39m[0m
[  44% ] [90m[1mreimport[22m | KeyJ.png[39m[0m
[  44% ] [90m[1mreimport[22m | KeyI.png[39m[0m
[  44% ] [90m[1mreimport[22m | KeyH.png[39m[0m
[  44% ] [90m[1mreimport[22m | KeyG.png[39m[0m
[  44% ] [90m[1mreimport[22m | KeyF.png[39m[0m
[  44% ] [90m[1mreimport[22m | KeyF12.png[39m[0m
[  44% ] [90m[1mreimport[22m | KeyF11.png[39m[0m
[  44% ] [90m[1mreimport[22m | KeyF10.png[39m[0m
[  44% ] [90m[1mreimport[22m | KeyF9.png[39m[0m
[  44% ] [90m[1mreimport[22m | KeyF8.png[39m[0m
[  45% ] [90m[1mreimport[22m | KeyF7.png[39m[0m
[  45% ] [90m[1mreimport[22m | KeyF6.png[39m[0m
[  45% ] [90m[1mreimport[22m | KeyF5.png[39m[0m
[  45% ] [90m[1mreimport[22m | KeyF4.png[39m[0m
[  45% ] [90m[1mreimport[22m | KeyF3.png[39m[0m
[  45% ] [90m[1mreimport[22m | KeyF2.png[39m[0m
[  45% ] [90m[1mreimport[22m | KeyF1.png[39m[0m
[  45% ] [90m[1mreimport[22m | KeyEscape.png[39m[0m
[  45% ] [90m[1mreimport[22m | KeyEnter.png[39m[0m
[  45% ] [90m[1mreimport[22m | KeyE.png[39m[0m
[  45% ] [90m[1mreimport[22m | emote26.png[39m[0m
[  45% ] [90m[1mreimport[22m | emote25.png[39m[0m
[  45% ] [90m[1mreimport[22m | emote24.png[39m[0m
[  45% ] [90m[1mreimport[22m | emote23.png[39m[0m
[  45% ] [90m[1mreimport[22m | emote22.png[39m[0m
[  45% ] [90m[1mreimport[22m | emote21.png[39m[0m
[  45% ] [90m[1mreimport[22m | emote20.png[39m[0m
[  45% ] [90m[1mreimport[22m | emote19.png[39m[0m
[  45% ] [90m[1mreimport[22m | emote18.png[39m[0m
[  45% ] [90m[1mreimport[22m | emote17.png[39m[0m
[  45% ] [90m[1mreimport[22m | emote16.png[39m[0m
[  46% ] [90m[1mreimport[22m | emote15.png[39m[0m
[  46% ] [90m[1mreimport[22m | emote14.png[39m[0m
[  46% ] [90m[1mreimport[22m | emote13.png[39m[0m
[  46% ] [90m[1mreimport[22m | emote12.png[39m[0m
[  46% ] [90m[1mreimport[22m | emote11.png[39m[0m
[  46% ] [90m[1mreimport[22m | emote10.png[39m[0m
[  46% ] [90m[1mreimport[22m | emote9.png[39m[0m
[  46% ] [90m[1mreimport[22m | emote8.png[39m[0m
[  46% ] [90m[1mreimport[22m | emote7.png[39m[0m
[  46% ] [90m[1mreimport[22m | emote6.png[39m[0m
[  46% ] [90m[1mreimport[22m | emote5.png[39m[0m
[  46% ] [90m[1mreimport[22m | emote4.png[39m[0m
[  46% ] [90m[1mreimport[22m | emote3.png[39m[0m
[  46% ] [90m[1mreimport[22m | emote2.png[39m[0m
[  46% ] [90m[1mreimport[22m | emote1.png[39m[0m
[  46% ] [90m[1mreimport[22m | YesButton.png[39m[0m
[  46% ] [90m[1mreimport[22m | NoButton.png[39m[0m
[  46% ] [90m[1mreimport[22m | FacesetBox.png[39m[0m
[  46% ] [90m[1mreimport[22m | DialogueBoxSimple.png[39m[0m
[  46% ] [90m[1mreimport[22m | ButtonRT.png[39m[0m
[  47% ] [90m[1mreimport[22m | ButtonRight.png[39m[0m
[  47% ] [90m[1mreimport[22m | ButtonRB.png[39m[0m
[  47% ] [90m[1mreimport[22m | ButtonPlus.png[39m[0m
[  47% ] [90m[1mreimport[22m | ButtonMinus.png[39m[0m
[  47% ] [90m[1mreimport[22m | ButtonLT.png[39m[0m
[  47% ] [90m[1mreimport[22m | ButtonLeft.png[39m[0m
[  47% ] [90m[1mreimport[22m | ButtonLB.png[39m[0m
[  47% ] [90m[1mreimport[22m | ButtonDown.png[39m[0m
[  47% ] [90m[1mreimport[22m | Pressed.png[39m[0m
[  47% ] [90m[1mreimport[22m | Hovered.png[39m[0m
[  47% ] [90m[1mreimport[22m | Disabled.png[39m[0m
[  47% ] [90m[1mreimport[22m | ButtonY.png[39m[0m
[  47% ] [90m[1mreimport[22m | Pressed.png[39m[0m
[  47% ] [90m[1mreimport[22m | Idle.png[39m[0m
[  47% ] [90m[1mreimport[22m | Hovered.png[39m[0m
[  47% ] [90m[1mreimport[22m | Disabled.png[39m[0m
[  47% ] [90m[1mreimport[22m | Pressed.png[39m[0m
[  47% ] [90m[1mreimport[22m | Idle.png[39m[0m
[  47% ] [90m[1mreimport[22m | Hovered.png[39m[0m
[  47% ] [90m[1mreimport[22m | Disabled.png[39m[0m
[  47% ] [90m[1mreimport[22m | Pressed.png[39m[0m
[  48% ] [90m[1mreimport[22m | Idle.png[39m[0m
[  48% ] [90m[1mreimport[22m | Hovered.png[39m[0m
[  48% ] [90m[1mreimport[22m | Disabled.png[39m[0m
[  48% ] [90m[1mreimport[22m | font24x30.png[39m[0m
[  48% ] [90m[1mreimport[22m | font8x8.png[39m[0m
[  48% ] [90m[1mreimport[22m | emote30.png[39m[0m
[  48% ] [90m[1mreimport[22m | emote29.png[39m[0m
[  48% ] [90m[1mreimport[22m | emote28.png[39m[0m
[  48% ] [90m[1mreimport[22m | emote27.png[39m[0m
[  48% ] [90m[1mreimport[22m | Idle.png[39m[0m
[  48% ] [90m[1mreimport[22m | Item.png[39m[0m
[  48% ] [90m[1mreimport[22m | Jump.png[39m[0m
[  48% ] [90m[1mreimport[22m | Special1.png[39m[0m
[  48% ] [90m[1mreimport[22m | Special2.png[39m[0m
[  48% ] [90m[1mreimport[22m | Walk.png[39m[0m
[  48% ] [90m[1mreimport[22m | Faceset.png[39m[0m
[  48% ] [90m[1mreimport[22m | SpriteSheet.png[39m[0m
[  48% ] [90m[1mreimport[22m | Attack.png[39m[0m
[  48% ] [90m[1mreimport[22m | Dead.png[39m[0m
[  48% ] [90m[1mreimport[22m | Idle.png[39m[0m
[  48% ] [90m[1mreimport[22m | Item.png[39m[0m
[  49% ] [90m[1mreimport[22m | Jump.png[39m[0m
[  49% ] [90m[1mreimport[22m | Special1.png[39m[0m
[  49% ] [90m[1mreimport[22m | Special2.png[39m[0m
[  49% ] [90m[1mreimport[22m | Walk.png[39m[0m
[  49% ] [90m[1mreimport[22m | Faceset.png[39m[0m
[  49% ] [90m[1mreimport[22m | Special1.png[39m[0m
[  49% ] [90m[1mreimport[22m | Special2.png[39m[0m
[  49% ] [90m[1mreimport[22m | Walk.png[39m[0m
[  49% ] [90m[1mreimport[22m | Faceset.png[39m[0m
[  49% ] [90m[1mreimport[22m | SpriteSheet.png[39m[0m
[  49% ] [90m[1mreimport[22m | Attack.png[39m[0m
[  49% ] [90m[1mreimport[22m | Dead.png[39m[0m
[  49% ] [90m[1mreimport[22m | Idle.png[39m[0m
[  49% ] [90m[1mreimport[22m | Item.png[39m[0m
[  49% ] [90m[1mreimport[22m | Jump.png[39m[0m
[  49% ] [90m[1mreimport[22m | Special1.png[39m[0m
[  49% ] [90m[1mreimport[22m | Special2.png[39m[0m
[  49% ] [90m[1mreimport[22m | Walk.png[39m[0m
[  49% ] [90m[1mreimport[22m | Faceset.png[39m[0m
[  49% ] [90m[1mreimport[22m | SpriteSheet.png[39m[0m
[  50% ] [90m[1mreimport[22m | Attack.png[39m[0m
[  50% ] [90m[1mreimport[22m | Dead.png[39m[0m
[  50% ] [90m[1mreimport[22m | Walk.png[39m[0m
[  50% ] [90m[1mreimport[22m | Faceset.png[39m[0m
[  50% ] [90m[1mreimport[22m | SpriteSheet.png[39m[0m
[  50% ] [90m[1mreimport[22m | Attack.png[39m[0m
[  50% ] [90m[1mreimport[22m | Dead.png[39m[0m
[  50% ] [90m[1mreimport[22m | Idle.png[39m[0m
[  50% ] [90m[1mreimport[22m | Item.png[39m[0m
[  50% ] [90m[1mreimport[22m | Jump.png[39m[0m
[  50% ] [90m[1mreimport[22m | Special1.png[39m[0m
[  50% ] [90m[1mreimport[22m | Special2.png[39m[0m
[  50% ] [90m[1mreimport[22m | Walk.png[39m[0m
[  50% ] [90m[1mreimport[22m | Faceset.png[39m[0m
[  50% ] [90m[1mreimport[22m | SpriteSheet.png[39m[0m
[  50% ] [90m[1mreimport[22m | Attack.png[39m[0m
[  50% ] [90m[1mreimport[22m | Dead.png[39m[0m
[  50% ] [90m[1mreimport[22m | Idle.png[39m[0m
[  50% ] [90m[1mreimport[22m | Item.png[39m[0m
[  50% ] [90m[1mreimport[22m | SpriteSheet.png[39m[0m
[  50% ] [90m[1mreimport[22m | Attack.png[39m[0m
[  51% ] [90m[1mreimport[22m | Dead.png[39m[0m
[  51% ] [90m[1mreimport[22m | Idle.png[39m[0m
[  51% ] [90m[1mreimport[22m | Item.png[39m[0m
[  51% ] [90m[1mreimport[22m | Jump.png[39m[0m
[  51% ] [90m[1mreimport[22m | Special1.png[39m[0m
[  51% ] [90m[1mreimport[22m | Special2.png[39m[0m
[  51% ] [90m[1mreimport[22m | Walk.png[39m[0m
[  51% ] [90m[1mreimport[22m | Faceset.png[39m[0m
[  51% ] [90m[1mreimport[22m | SpriteSheet.png[39m[0m
[  51% ] [90m[1mreimport[22m | Attack.png[39m[0m
[  51% ] [90m[1mreimport[22m | Dead.png[39m[0m
[  51% ] [90m[1mreimport[22m | Idle.png[39m[0m
[  51% ] [90m[1mreimport[22m | Item.png[39m[0m
[  51% ] [90m[1mreimport[22m | Jump.png[39m[0m
[  51% ] [90m[1mreimport[22m | Special1.png[39m[0m
[  51% ] [90m[1mreimport[22m | Special2.png[39m[0m
[  51% ] [90m[1mreimport[22m | Item.png[39m[0m
[  51% ] [90m[1mreimport[22m | Jump.png[39m[0m
[  51% ] [90m[1mreimport[22m | Special1.png[39m[0m
[  51% ] [90m[1mreimport[22m | Special2.png[39m[0m
[  51% ] [90m[1mreimport[22m | Walk.png[39m[0m
[  52% ] [90m[1mreimport[22m | Faceset.png[39m[0m
[  52% ] [90m[1mreimport[22m | SpriteSheet.png[39m[0m
[  52% ] [90m[1mreimport[22m | Attack.png[39m[0m
[  52% ] [90m[1mreimport[22m | Dead.png[39m[0m
[  52% ] [90m[1mreimport[22m | Idle.png[39m[0m
[  52% ] [90m[1mreimport[22m | Item.png[39m[0m
[  52% ] [90m[1mreimport[22m | Jump.png[39m[0m
[  52% ] [90m[1mreimport[22m | Special1.png[39m[0m
[  52% ] [90m[1mreimport[22m | Special2.png[39m[0m
[  52% ] [90m[1mreimport[22m | Walk.png[39m[0m
[  52% ] [90m[1mreimport[22m | Faceset.png[39m[0m
[  52% ] [90m[1mreimport[22m | SpriteSheet.png[39m[0m
[  52% ] [90m[1mreimport[22m | Special2.png[39m[0m
[  52% ] [90m[1mreimport[22m | Walk.png[39m[0m
[  52% ] [90m[1mreimport[22m | Faceset.png[39m[0m
[  52% ] [90m[1mreimport[22m | SpriteSheet.png[39m[0m
[  52% ] [90m[1mreimport[22m | Attack.png[39m[0m
[  52% ] [90m[1mreimport[22m | Dead.png[39m[0m
[  52% ] [90m[1mreimport[22m | Idle.png[39m[0m
[  52% ] [90m[1mreimport[22m | Item.png[39m[0m
[  52% ] [90m[1mreimport[22m | Jump.png[39m[0m
[  53% ] [90m[1mreimport[22m | Special1.png[39m[0m
[  53% ] [90m[1mreimport[22m | Special2.png[39m[0m
[  53% ] [90m[1mreimport[22m | Walk.png[39m[0m
[  53% ] [90m[1mreimport[22m | Faceset.png[39m[0m
[  53% ] [90m[1mreimport[22m | SpriteSheet.png[39m[0m
[  53% ] [90m[1mreimport[22m | Attack.png[39m[0m
[  53% ] [90m[1mreimport[22m | Dead.png[39m[0m
[  53% ] [90m[1mreimport[22m | Idle.png[39m[0m
[  53% ] [90m[1mreimport[22m | Faceset.png[39m[0m
[  53% ] [90m[1mreimport[22m | SpriteSheet.png[39m[0m
[  53% ] [90m[1mreimport[22m | Attack.png[39m[0m
[  53% ] [90m[1mreimport[22m | Dead.png[39m[0m
[  53% ] [90m[1mreimport[22m | Idle.png[39m[0m
[  53% ] [90m[1mreimport[22m | Item.png[39m[0m
[  53% ] [90m[1mreimport[22m | Jump.png[39m[0m
[  53% ] [90m[1mreimport[22m | Special1.png[39m[0m
[  53% ] [90m[1mreimport[22m | Special2.png[39m[0m
[  53% ] [90m[1mreimport[22m | Walk.png[39m[0m
[  53% ] [90m[1mreimport[22m | Faceset.png[39m[0m
[  53% ] [90m[1mreimport[22m | SpriteSheet.png[39m[0m
[  54% ] [90m[1mreimport[22m | Attack.png[39m[0m
[  54% ] [90m[1mreimport[22m | Dead.png[39m[0m
[  54% ] [90m[1mreimport[22m | Idle.png[39m[0m
[  54% ] [90m[1mreimport[22m | Item.png[39m[0m
[  54% ] [90m[1mreimport[22m | Jump.png[39m[0m
[  54% ] [90m[1mreimport[22m | Attack.png[39m[0m
[  54% ] [90m[1mreimport[22m | Dead.png[39m[0m
[  54% ] [90m[1mreimport[22m | Idle.png[39m[0m
[  54% ] [90m[1mreimport[22m | Item.png[39m[0m
[  54% ] [90m[1mreimport[22m | Jump.png[39m[0m
[  54% ] [90m[1mreimport[22m | Special1.png[39m[0m
[  54% ] [90m[1mreimport[22m | Special2.png[39m[0m
[  54% ] [90m[1mreimport[22m | Walk.png[39m[0m
[  54% ] [90m[1mreimport[22m | Faceset.png[39m[0m
[  54% ] [90m[1mreimport[22m | SpriteSheet.png[39m[0m
[  54% ] [90m[1mreimport[22m | Attack.png[39m[0m
[  54% ] [90m[1mreimport[22m | Dead.png[39m[0m
[  54% ] [90m[1mreimport[22m | Idle.png[39m[0m
[  54% ] [90m[1mreimport[22m | Item.png[39m[0m
[  54% ] [90m[1mreimport[22m | Jump.png[39m[0m
[  54% ] [90m[1mreimport[22m | Special1.png[39m[0m
[  55% ] [90m[1mreimport[22m | Special2.png[39m[0m
[  55% ] [90m[1mreimport[22m | Walk.png[39m[0m
[  55% ] [90m[1mreimport[22m | Dead.png[39m[0m
[  55% ] [90m[1mreimport[22m | Idle.png[39m[0m
[  55% ] [90m[1mreimport[22m | Item.png[39m[0m
[  55% ] [90m[1mreimport[22m | Jump.png[39m[0m
[  55% ] [90m[1mreimport[22m | Special1.png[39m[0m
[  55% ] [90m[1mreimport[22m | Special2.png[39m[0m
[  55% ] [90m[1mreimport[22m | Walk.png[39m[0m
[  55% ] [90m[1mreimport[22m | Faceset.png[39m[0m
[  55% ] [90m[1mreimport[22m | SpriteSheet.png[39m[0m
[  55% ] [90m[1mreimport[22m | Attack.png[39m[0m
[  55% ] [90m[1mreimport[22m | Dead.png[39m[0m
[  55% ] [90m[1mreimport[22m | Idle.png[39m[0m
[  55% ] [90m[1mreimport[22m | Item.png[39m[0m
[  55% ] [90m[1mreimport[22m | Jump.png[39m[0m
[  55% ] [90m[1mreimport[22m | Special1.png[39m[0m
[  55% ] [90m[1mreimport[22m | Special2.png[39m[0m
[  55% ] [90m[1mreimport[22m | Walk.png[39m[0m
[  55% ] [90m[1mreimport[22m | Jump.png[39m[0m
[  55% ] [90m[1mreimport[22m | Special1.png[39m[0m
[  56% ] [90m[1mreimport[22m | Special2.png[39m[0m
[  56% ] [90m[1mreimport[22m | Walk.png[39m[0m
[  56% ] [90m[1mreimport[22m | Faceset1.png[39m[0m
[  56% ] [90m[1mreimport[22m | SpriteSheet.png[39m[0m
[  56% ] [90m[1mreimport[22m | Attack.png[39m[0m
[  56% ] [90m[1mreimport[22m | Idle.png[39m[0m
[  56% ] [90m[1mreimport[22m | Item.png[39m[0m
[  56% ] [90m[1mreimport[22m | Jump.png[39m[0m
[  56% ] [90m[1mreimport[22m | Special1.png[39m[0m
[  56% ] [90m[1mreimport[22m | Special2.png[39m[0m
[  56% ] [90m[1mreimport[22m | Walk.png[39m[0m
[  56% ] [90m[1mreimport[22m | Dead14.png[39m[0m
[  56% ] [90m[1mreimport[22m | Faceset.png[39m[0m
[  56% ] [90m[1mreimport[22m | SpriteSheet.png[39m[0m
[  56% ] [90m[1mreimport[22m | Attack.png[39m[0m
[  56% ] [90m[1mreimport[22m | Special2.png[39m[0m
[  56% ] [90m[1mreimport[22m | Walk.png[39m[0m
[  56% ] [90m[1mreimport[22m | Faceset.png[39m[0m
[  56% ] [90m[1mreimport[22m | SpriteSheet.png[39m[0m
[  56% ] [90m[1mreimport[22m | Attack.png[39m[0m
[  56% ] [90m[1mreimport[22m | Dead.png[39m[0m
[  57% ] [90m[1mreimport[22m | Idle.png[39m[0m
[  57% ] [90m[1mreimport[22m | Item.png[39m[0m
[  57% ] [90m[1mreimport[22m | Jump.png[39m[0m
[  57% ] [90m[1mreimport[22m | Special1.png[39m[0m
[  57% ] [90m[1mreimport[22m | Special2.png[39m[0m
[  57% ] [90m[1mreimport[22m | Walk.png[39m[0m
[  57% ] [90m[1mreimport[22m | Faceset.png[39m[0m
[  57% ] [90m[1mreimport[22m | SpriteSheet.png[39m[0m
[  57% ] [90m[1mreimport[22m | Attack.png[39m[0m
[  57% ] [90m[1mreimport[22m | Dead.png[39m[0m
[  57% ] [90m[1mreimport[22m | Idle.png[39m[0m
[  57% ] [90m[1mreimport[22m | Faceset.png[39m[0m
[  57% ] [90m[1mreimport[22m | SpriteSheet.png[39m[0m
[  57% ] [90m[1mreimport[22m | Attack.png[39m[0m
[  57% ] [90m[1mreimport[22m | Dead.png[39m[0m
[  57% ] [90m[1mreimport[22m | Idle.png[39m[0m
[  57% ] [90m[1mreimport[22m | Item.png[39m[0m
[  57% ] [90m[1mreimport[22m | Jump.png[39m[0m
[  57% ] [90m[1mreimport[22m | Special1.png[39m[0m
[  57% ] [90m[1mreimport[22m | Special2.png[39m[0m
[  58% ] [90m[1mreimport[22m | Walk.png[39m[0m
[  58% ] [90m[1mreimport[22m | Faceset.png[39m[0m
[  58% ] [90m[1mreimport[22m | SpriteSheet.png[39m[0m
[  58% ] [90m[1mreimport[22m | Attack.png[39m[0m
[  58% ] [90m[1mreimport[22m | Dead.png[39m[0m
[  58% ] [90m[1mreimport[22m | Idle.png[39m[0m
[  58% ] [90m[1mreimport[22m | Item.png[39m[0m
[  58% ] [90m[1mreimport[22m | Jump.png[39m[0m
[  58% ] [90m[1mreimport[22m | Special1.png[39m[0m
[  58% ] [90m[1mreimport[22m | Idle.png[39m[0m
[  58% ] [90m[1mreimport[22m | Item.png[39m[0m
[  58% ] [90m[1mreimport[22m | Jump.png[39m[0m
[  58% ] [90m[1mreimport[22m | Special1.png[39m[0m
[  58% ] [90m[1mreimport[22m | Special2.png[39m[0m
[  58% ] [90m[1mreimport[22m | Walk.png[39m[0m
[  58% ] [90m[1mreimport[22m | Faceset.png[39m[0m
[  58% ] [90m[1mreimport[22m | SpriteSheet.png[39m[0m
[  58% ] [90m[1mreimport[22m | Attack.png[39m[0m
[  58% ] [90m[1mreimport[22m | Dead.png[39m[0m
[  58% ] [90m[1mreimport[22m | Idle.png[39m[0m
[  58% ] [90m[1mreimport[22m | Item.png[39m[0m
[  59% ] [90m[1mreimport[22m | Jump.png[39m[0m
[  59% ] [90m[1mreimport[22m | Special1.png[39m[0m
[  59% ] [90m[1mreimport[22m | Special2.png[39m[0m
[  59% ] [90m[1mreimport[22m | Walk.png[39m[0m
[  59% ] [90m[1mreimport[22m | Faceset.png[39m[0m
[  59% ] [90m[1mreimport[22m | Jump.png[39m[0m
[  59% ] [90m[1mreimport[22m | Special1.png[39m[0m
[  59% ] [90m[1mreimport[22m | Special2.png[39m[0m
[  59% ] [90m[1mreimport[22m | Walk.png[39m[0m
[  59% ] [90m[1mreimport[22m | Faceset.png[39m[0m
[  59% ] [90m[1mreimport[22m | SpriteSheet.png[39m[0m
[  59% ] [90m[1mreimport[22m | Attack.png[39m[0m
[  59% ] [90m[1mreimport[22m | Dead.png[39m[0m
[  59% ] [90m[1mreimport[22m | Idle.png[39m[0m
[  59% ] [90m[1mreimport[22m | Item.png[39m[0m
[  59% ] [90m[1mreimport[22m | Jump.png[39m[0m
[  59% ] [90m[1mreimport[22m | Special1.png[39m[0m
[  59% ] [90m[1mreimport[22m | Special2.png[39m[0m
[  59% ] [90m[1mreimport[22m | Walk.png[39m[0m
[  59% ] [90m[1mreimport[22m | Faceset.png[39m[0m
[  59% ] [90m[1mreimport[22m | SpriteSheet.png[39m[0m
[  60% ] [90m[1mreimport[22m | Attack.png[39m[0m
[  60% ] [90m[1mreimport[22m | Dead.png[39m[0m
[  60% ] [90m[1mreimport[22m | Walk.png[39m[0m
[  60% ] [90m[1mreimport[22m | Faceset.png[39m[0m
[  60% ] [90m[1mreimport[22m | SpriteSheet.png[39m[0m
[  60% ] [90m[1mreimport[22m | Attack.png[39m[0m
[  60% ] [90m[1mreimport[22m | Dead.png[39m[0m
[  60% ] [90m[1mreimport[22m | Idle.png[39m[0m
[  60% ] [90m[1mreimport[22m | Item.png[39m[0m
[  60% ] [90m[1mreimport[22m | Jump.png[39m[0m
[  60% ] [90m[1mreimport[22m | Special1.png[39m[0m
[  60% ] [90m[1mreimport[22m | Special2.png[39m[0m
[  60% ] [90m[1mreimport[22m | Walk.png[39m[0m
[  60% ] [90m[1mreimport[22m | Faceset.png[39m[0m
[  60% ] [90m[1mreimport[22m | SpriteSheet.png[39m[0m
[  60% ] [90m[1mreimport[22m | Attack.png[39m[0m
[  60% ] [90m[1mreimport[22m | Dead.png[39m[0m
[  60% ] [90m[1mreimport[22m | Idle.png[39m[0m
[  60% ] [90m[1mreimport[22m | Item.png[39m[0m
[  60% ] [90m[1mreimport[22m | SpriteSheet.png[39m[0m
[  60% ] [90m[1mreimport[22m | Attack.png[39m[0m
[  61% ] [90m[1mreimport[22m | Dead.png[39m[0m
[  61% ] [90m[1mreimport[22m | Idle.png[39m[0m
[  61% ] [90m[1mreimport[22m | Item.png[39m[0m
[  61% ] [90m[1mreimport[22m | Jump.png[39m[0m
[  61% ] [90m[1mreimport[22m | Special1.png[39m[0m
[  61% ] [90m[1mreimport[22m | Special2.png[39m[0m
[  61% ] [90m[1mreimport[22m | Walk.png[39m[0m
[  61% ] [90m[1mreimport[22m | Faceset.png[39m[0m
[  61% ] [90m[1mreimport[22m | SpriteSheet.png[39m[0m
[  61% ] [90m[1mreimport[22m | Attack.png[39m[0m
[  61% ] [90m[1mreimport[22m | Dead.png[39m[0m
[  61% ] [90m[1mreimport[22m | Idle.png[39m[0m
[  61% ] [90m[1mreimport[22m | Item.png[39m[0m
[  61% ] [90m[1mreimport[22m | Jump.png[39m[0m
[  61% ] [90m[1mreimport[22m | Special1.png[39m[0m
[  61% ] [90m[1mreimport[22m | Special2.png[39m[0m
[  61% ] [90m[1mreimport[22m | SpriteSheet.png[39m[0m
[  61% ] [90m[1mreimport[22m | FacesetLioness2.png[39m[0m
[  61% ] [90m[1mreimport[22m | FacesetLioness.png[39m[0m
[  61% ] [90m[1mreimport[22m | SpriteSheeLlioness2.png[39m[0m
[  62% ] [90m[1mreimport[22m | SpriteSheeLlioness.png[39m[0m
[  62% ] [90m[1mreimport[22m | SpriteSheetLioness2Side.png[39m[0m
[  62% ] [90m[1mreimport[22m | SpriteSheetLionessSide.png[39m[0m
[  62% ] [90m[1mreimport[22m | FacesetBlack.png[39m[0m
[  62% ] [90m[1mreimport[22m | FacesetBrown.png[39m[0m
[  62% ] [90m[1mreimport[22m | FacesetGrey.png[39m[0m
[  62% ] [90m[1mreimport[22m | SpriteSheetBlack.png[39m[0m
[  62% ] [90m[1mreimport[22m | SpriteSheetBrown.png[39m[0m
[  62% ] [90m[1mreimport[22m | SpriteSheetGrey.png[39m[0m
[  62% ] [90m[1mreimport[22m | FacesetBlue.png[39m[0m
[  62% ] [90m[1mreimport[22m | FacesetRed.png[39m[0m
[  62% ] [90m[1mreimport[22m | SpriteSheetBlue.png[39m[0m
[  62% ] [90m[1mreimport[22m | SpriteSheetRed.png[39m[0m
[  62% ] [90m[1mreimport[22m | SpriteSheet.png[39m[0m
[  62% ] [90m[1mreimport[22m | SpriteSheetBrown.png[39m[0m
[  62% ] [90m[1mreimport[22m | FacesetOrange.png[39m[0m
[  62% ] [90m[1mreimport[22m | FacesetRed.png[39m[0m
[  62% ] [90m[1mreimport[22m | FacesetWhite.png[39m[0m
[  62% ] [90m[1mreimport[22m | FacesetYellow.png[39m[0m
[  62% ] [90m[1mreimport[22m | SpriteSheetOrange.png[39m[0m
[  62% ] [90m[1mreimport[22m | SpriteSheetOrangeSide.png[39m[0m
[  63% ] [90m[1mreimport[22m | SpriteSheetRed.png[39m[0m
[  63% ] [90m[1mreimport[22m | SpriteSheetRedSide.png[39m[0m
[  63% ] [90m[1mreimport[22m | SpriteSheetWhite.png[39m[0m
[  63% ] [90m[1mreimport[22m | SpriteSheetWhiteSide.png[39m[0m
[  63% ] [90m[1mreimport[22m | SpriteSheetYellow.png[39m[0m
[  63% ] [90m[1mreimport[22m | SpriteSheetYellowSide.png[39m[0m
[  63% ] [90m[1mreimport[22m | Faceset2.png[39m[0m
[  63% ] [90m[1mreimport[22m | Faceset.png[39m[0m
[  63% ] [90m[1mreimport[22m | SpriteSheet2.png[39m[0m
[  63% ] [90m[1mreimport[22m | Hit.png[39m[0m
[  63% ] [90m[1mreimport[22m | Idle.png[39m[0m
[  63% ] [90m[1mreimport[22m | Sprite.png[39m[0m
[  63% ] [90m[1mreimport[22m | Walk.png[39m[0m
[  63% ] [90m[1mreimport[22m | Body1.png[39m[0m
[  63% ] [90m[1mreimport[22m | Body2.png[39m[0m
[  63% ] [90m[1mreimport[22m | BodyEnd.png[39m[0m
[  63% ] [90m[1mreimport[22m | Faceset.png[39m[0m
[  63% ] [90m[1mreimport[22m | Head.png[39m[0m
[  63% ] [90m[1mreimport[22m | Preview.png[39m[0m
[  63% ] [90m[1mreimport[22m | Wing.png[39m[0m
[  63% ] [90m[1mreimport[22m | Body1.png[39m[0m
[  64% ] [90m[1mreimport[22m | Body2.png[39m[0m
[  64% ] [90m[1mreimport[22m | BodyEnd.png[39m[0m
[  64% ] [90m[1mreimport[22m | Faceset.png[39m[0m
[  64% ] [90m[1mreimport[22m | Head.png[39m[0m
[  64% ] [90m[1mreimport[22m | Preview.png[39m[0m
[  64% ] [90m[1mreimport[22m | FacesetBlack.png[39m[0m
[  64% ] [90m[1mreimport[22m | FacesetPink.png[39m[0m
[  64% ] [90m[1mreimport[22m | FacesetRed.png[39m[0m
[  64% ] [90m[1mreimport[22m | SpriteSheetBlack.png[39m[0m
[  64% ] [90m[1mreimport[22m | SpriteSheetPink.png[39m[0m
[  64% ] [90m[1mreimport[22m | SpriteSheetRed.png[39m[0m
[  64% ] [90m[1mreimport[22m | Faceset.png[39m[0m
[  64% ] [90m[1mreimport[22m | SpriteSheet.png[39m[0m
[  64% ] [90m[1mreimport[22m | Faceset.png[39m[0m
[  64% ] [90m[1mreimport[22m | FacesetGray.png[39m[0m
[  64% ] [90m[1mreimport[22m | SpriteSheet.png[39m[0m
[  64% ] [90m[1mreimport[22m | SpriteSheetGray.png[39m[0m
[  64% ] [90m[1mreimport[22m | Faceset.png[39m[0m
[  64% ] [90m[1mreimport[22m | Hit.png[39m[0m
[  64% ] [90m[1mreimport[22m | Idle.png[39m[0m
[  64% ] [90m[1mreimport[22m | Sprite.png[39m[0m
[  65% ] [90m[1mreimport[22m | Walk.png[39m[0m
[  65% ] [90m[1mreimport[22m | Faceset.png[39m[0m
[  65% ] [90m[1mreimport[22m | FacesetCute.png[39m[0m
[  65% ] [90m[1mreimport[22m | FacesetWhite.png[39m[0m
[  65% ] [90m[1mreimport[22m | SpriteSheetBlack.png[39m[0m
[  65% ] [90m[1mreimport[22m | SpriteSheetBrown.png[39m[0m
[  65% ] [90m[1mreimport[22m | SpriteSheetCute.png[39m[0m
[  65% ] [90m[1mreimport[22m | SpriteSheetWhite.png[39m[0m
[  65% ] [90m[1mreimport[22m | Faceset.png[39m[0m
[  65% ] [90m[1mreimport[22m | SpriteSheetWhite.png[39m[0m
[  65% ] [90m[1mreimport[22m | SpriteSheetWhiteSide.png[39m[0m
[  65% ] [90m[1mreimport[22m | Faceset.png[39m[0m
[  65% ] [90m[1mreimport[22m | SpriteSheet.png[39m[0m
[  65% ] [90m[1mreimport[22m | Faceset.png[39m[0m
[  65% ] [90m[1mreimport[22m | SpriteSheet.png[39m[0m
[  65% ] [90m[1mreimport[22m | Faceset.png[39m[0m
[  65% ] [90m[1mreimport[22m | FacesetWhite.png[39m[0m
[  65% ] [90m[1mreimport[22m | SpriteSheet.png[39m[0m
[  65% ] [90m[1mreimport[22m | SpriteSheetWhite.png[39m[0m
[  65% ] [90m[1mreimport[22m | Faceset.png[39m[0m
[  66% ] [90m[1mreimport[22m | SpriteSheet.png[39m[0m
[  66% ] [90m[1mreimport[22m | Faceset.png[39m[0m
[  66% ] [90m[1mreimport[22m | FacesetYellow.png[39m[0m
[  66% ] [90m[1mreimport[22m | SpriteSheet.png[39m[0m
[  66% ] [90m[1mreimport[22m | SpriteSheetYellow.png[39m[0m
[  66% ] [90m[1mreimport[22m | Faceset.png[39m[0m
[  66% ] [90m[1mreimport[22m | SpriteSheet.png[39m[0m
[  66% ] [90m[1mreimport[22m | Faceset.png[39m[0m
[  66% ] [90m[1mreimport[22m | FacesetBrown.png[39m[0m
[  66% ] [90m[1mreimport[22m | SpriteSheet.png[39m[0m
[  66% ] [90m[1mreimport[22m | SpriteSheetFaceset.png[39m[0m
[  66% ] [90m[1mreimport[22m | Faceset.png[39m[0m
[  66% ] [90m[1mreimport[22m | FacesetGray.png[39m[0m
[  66% ] [90m[1mreimport[22m | SpriteSheet.png[39m[0m
[  66% ] [90m[1mreimport[22m | SpriteSheetGray.png[39m[0m
[  66% ] [90m[1mreimport[22m | FacesetBlack.png[39m[0m
[  66% ] [90m[1mreimport[22m | FacesetBrown.png[39m[0m
[  66% ] [90m[1mreimport[22m | SpriteSheet.png[39m[0m
[  66% ] [90m[1mreimport[22m | Faceset.png[39m[0m
[  66% ] [90m[1mreimport[22m | FacesetBrown.png[39m[0m
[  66% ] [90m[1mreimport[22m | FacesetDark.png[39m[0m
[  67% ] [90m[1mreimport[22m | FacesetGray.png[39m[0m
[  67% ] [90m[1mreimport[22m | SpriteSheet.png[39m[0m
[  67% ] [90m[1mreimport[22m | SpriteSheetBrown.png[39m[0m
[  67% ] [90m[1mreimport[22m | SpriteSheetDark.png[39m[0m
[  67% ] [90m[1mreimport[22m | SpriteSheetGray.png[39m[0m
[  67% ] [90m[1mreimport[22m | FacesetBlack.png[39m[0m
[  67% ] [90m[1mreimport[22m | FacesetBrown.png[39m[0m
[  67% ] [90m[1mreimport[22m | SpriteSheetBlack.png[39m[0m
[  67% ] [90m[1mreimport[22m | SpriteSheetBlackSide.png[39m[0m
[  67% ] [90m[1mreimport[22m | SpriteSheetBrown.png[39m[0m
[  67% ] [90m[1mreimport[22m | SpriteSheetBrownSide.png[39m[0m
[  67% ] [90m[1mreimport[22m | Faceset.png[39m[0m
[  67% ] [90m[1mreimport[22m | FacesetBrown.png[39m[0m
[  67% ] [90m[1mreimport[22m | Faceset.png[39m[0m
[  67% ] [90m[1mreimport[22m | FacesetBrown.png[39m[0m
[  67% ] [90m[1mreimport[22m | SpriteSheet.png[39m[0m
[  67% ] [90m[1mreimport[22m | SpriteSheetBrown.png[39m[0m
[  67% ] [90m[1mreimport[22m | Faceset.png[39m[0m
[  67% ] [90m[1mreimport[22m | FacesetBlack.png[39m[0m
[  67% ] [90m[1mreimport[22m | SpriteSheet.png[39m[0m
[  67% ] [90m[1mreimport[22m | SpriteSheetBlack.png[39m[0m
[  68% ] [90m[1mreimport[22m | FacesetGrey.png[39m[0m
[  68% ] [90m[1mreimport[22m | SpriteSheeGreySide.png[39m[0m
[  68% ] [90m[1mreimport[22m | SpriteSheetGrey.png[39m[0m
[  68% ] [90m[1mreimport[22m | FacesetRed.png[39m[0m
[  68% ] [90m[1mreimport[22m | FacesetWhite.png[39m[0m
[  68% ] [90m[1mreimport[22m | FacesetYellow.png[39m[0m
[  68% ] [90m[1mreimport[22m | SpriteSheetRed.png[39m[0m
[  68% ] [90m[1mreimport[22m | SpriteSheetWhite.png[39m[0m
[  68% ] [90m[1mreimport[22m | SpriteSheetYellow.png[39m[0m
[  68% ] [90m[1mreimport[22m | Faceset.png[39m[0m
[  68% ] [90m[1mreimport[22m | Attack.png[39m[0m
[  68% ] [90m[1mreimport[22m | Faceset.png[39m[0m
[  68% ] [90m[1mreimport[22m | Hit.png[39m[0m
[  68% ] [90m[1mreimport[22m | Idle.png[39m[0m
[  68% ] [90m[1mreimport[22m | Trans.png[39m[0m
[  68% ] [90m[1mreimport[22m | Walk.png[39m[0m
[  68% ] [90m[1mreimport[22m | Attack.png[39m[0m
[  68% ] [90m[1mreimport[22m | Dead.png[39m[0m
[  68% ] [90m[1mreimport[22m | Idle.png[39m[0m
[  68% ] [90m[1mreimport[22m | Item.png[39m[0m
[  68% ] [90m[1mreimport[22m | Jump.png[39m[0m
[  69% ] [90m[1mreimport[22m | Special1.png[39m[0m
[  69% ] [90m[1mreimport[22m | Special2.png[39m[0m
[  69% ] [90m[1mreimport[22m | Walk.png[39m[0m
[  69% ] [90m[1mreimport[22m | Faceset.png[39m[0m
[  69% ] [90m[1mreimport[22m | SpriteSheet.png[39m[0m
[  69% ] [90m[1mreimport[22m | Attack.png[39m[0m
[  69% ] [90m[1mreimport[22m | Hit.png[39m[0m
[  69% ] [90m[1mreimport[22m | Idle.png[39m[0m
[  69% ] [90m[1mreimport[22m | Shoot.png[39m[0m
[  69% ] [90m[1mreimport[22m | Walk.png[39m[0m
[  69% ] [90m[1mreimport[22m | Attack.png[39m[0m
[  69% ] [90m[1mreimport[22m | AttackLoop.png[39m[0m
[  69% ] [90m[1mreimport[22m | Faceset.png[39m[0m
[  69% ] [90m[1mreimport[22m | Hit.png[39m[0m
[  69% ] [90m[1mreimport[22m | Idle.png[39m[0m
[  69% ] [90m[1mreimport[22m | Shoot.png[39m[0m
[  69% ] [90m[1mreimport[22m | Walk.png[39m[0m
[  69% ] [90m[1mreimport[22m | Attack.png[39m[0m
[  69% ] [90m[1mreimport[22m | Faceset.png[39m[0m
[  69% ] [90m[1mreimport[22m | Hit.png[39m[0m
[  70% ] [90m[1mreimport[22m | Idle.png[39m[0m
[  70% ] [90m[1mreimport[22m | Trans.png[39m[0m
[  70% ] [90m[1mreimport[22m | Walk.png[39m[0m
[  70% ] [90m[1mreimport[22m | SpriteSheet.png[39m[0m
[  70% ] [90m[1mreimport[22m | Attack.png[39m[0m
[  70% ] [90m[1mreimport[22m | Dead.png[39m[0m
[  70% ] [90m[1mreimport[22m | Idle.png[39m[0m
[  70% ] [90m[1mreimport[22m | Item.png[39m[0m
[  70% ] [90m[1mreimport[22m | Jump.png[39m[0m
[  70% ] [90m[1mreimport[22m | Special1.png[39m[0m
[  70% ] [90m[1mreimport[22m | Special2.png[39m[0m
[  70% ] [90m[1mreimport[22m | Walk.png[39m[0m
[  70% ] [90m[1mreimport[22m | Faceset.png[39m[0m
[  70% ] [90m[1mreimport[22m | SpriteSheet.png[39m[0m
[  70% ] [90m[1mreimport[22m | Attack.png[39m[0m
[  70% ] [90m[1mreimport[22m | Dead.png[39m[0m
[  70% ] [90m[1mreimport[22m | Idle.png[39m[0m
[  70% ] [90m[1mreimport[22m | Item.png[39m[0m
[  70% ] [90m[1mreimport[22m | Jump.png[39m[0m
[  70% ] [90m[1mreimport[22m | Special1.png[39m[0m
[  70% ] [90m[1mreimport[22m | Dead.png[39m[0m
[  71% ] [90m[1mreimport[22m | Idle.png[39m[0m
[  71% ] [90m[1mreimport[22m | Item.png[39m[0m
[  71% ] [90m[1mreimport[22m | Jump.png[39m[0m
[  71% ] [90m[1mreimport[22m | Special1.png[39m[0m
[  71% ] [90m[1mreimport[22m | Special2.png[39m[0m
[  71% ] [90m[1mreimport[22m | Walk.png[39m[0m
[  71% ] [90m[1mreimport[22m | Faceset.png[39m[0m
[  71% ] [90m[1mreimport[22m | SpriteSheet.png[39m[0m
[  71% ] [90m[1mreimport[22m | Attack.png[39m[0m
[  71% ] [90m[1mreimport[22m | Dead.png[39m[0m
[  71% ] [90m[1mreimport[22m | Idle.png[39m[0m
[  71% ] [90m[1mreimport[22m | Item.png[39m[0m
[  71% ] [90m[1mreimport[22m | Jump.png[39m[0m
[  71% ] [90m[1mreimport[22m | Special1.png[39m[0m
[  71% ] [90m[1mreimport[22m | Special2.png[39m[0m
[  71% ] [90m[1mreimport[22m | Walk.png[39m[0m
[  71% ] [90m[1mreimport[22m | Faceset.png[39m[0m
[  71% ] [90m[1mreimport[22m | Hit.png[39m[0m
[  71% ] [90m[1mreimport[22m | Idle.png[39m[0m
[  71% ] [90m[1mreimport[22m | Walk.png[39m[0m
[  71% ] [90m[1mreimport[22m | Faceset.png[39m[0m
[  72% ] [90m[1mreimport[22m | Hit.png[39m[0m
[  72% ] [90m[1mreimport[22m | Idle.png[39m[0m
[  72% ] [90m[1mreimport[22m | Attack.png[39m[0m
[  72% ] [90m[1mreimport[22m | Charge.png[39m[0m
[  72% ] [90m[1mreimport[22m | Faceset.png[39m[0m
[  72% ] [90m[1mreimport[22m | Hit.png[39m[0m
[  72% ] [90m[1mreimport[22m | Idle40x40.png[39m[0m
[  72% ] [90m[1mreimport[22m | Jump.png[39m[0m
[  72% ] [90m[1mreimport[22m | Attack.png[39m[0m
[  72% ] [90m[1mreimport[22m | Charge.png[39m[0m
[  72% ] [90m[1mreimport[22m | Faceset.png[39m[0m
[  72% ] [90m[1mreimport[22m | Hit.png[39m[0m
[  72% ] [90m[1mreimport[22m | Idle.png[39m[0m
[  72% ] [90m[1mreimport[22m | Wing.png[39m[0m
[  72% ] [90m[1mreimport[22m | Attack.png[39m[0m
[  72% ] [90m[1mreimport[22m | Charge.png[39m[0m
[  72% ] [90m[1mreimport[22m | Faceset.png[39m[0m
[  72% ] [90m[1mreimport[22m | Hit.png[39m[0m
[  72% ] [90m[1mreimport[22m | Idle.png[39m[0m
[  72% ] [90m[1mreimport[22m | Walk.png[39m[0m
[  72% ] [90m[1mreimport[22m | Attack.png[39m[0m
[  73% ] [90m[1mreimport[22m | Charge.png[39m[0m
[  73% ] [90m[1mreimport[22m | Faceset.png[39m[0m
[  73% ] [90m[1mreimport[22m | Hit.png[39m[0m
[  73% ] [90m[1mreimport[22m | Idle.png[39m[0m
[  73% ] [90m[1mreimport[22m | Walk.png[39m[0m
[  73% ] [90m[1mreimport[22m | AttackLeft.png[39m[0m
[  73% ] [90m[1mreimport[22m | AttackRight.png[39m[0m
[  73% ] [90m[1mreimport[22m | ChargeLeft.png[39m[0m
[  73% ] [90m[1mreimport[22m | ChargeRight.png[39m[0m
[  73% ] [90m[1mreimport[22m | Faceset.png[39m[0m
[  73% ] [90m[1mreimport[22m | Hit.png[39m[0m
[  73% ] [90m[1mreimport[22m | Idle.png[39m[0m
[  73% ] [90m[1mreimport[22m | Walk.png[39m[0m
[  73% ] [90m[1mreimport[22m | Faceset.png[39m[0m
[  73% ] [90m[1mreimport[22m | Hit.png[39m[0m
[  73% ] [90m[1mreimport[22m | Idle.png[39m[0m
[  73% ] [90m[1mreimport[22m | Jump.png[39m[0m
[  73% ] [90m[1mreimport[22m | Faceset.png[39m[0m
[  73% ] [90m[1mreimport[22m | Hit.png[39m[0m
[  73% ] [90m[1mreimport[22m | Idle.png[39m[0m
[  74% ] [90m[1mreimport[22m | Jump.png[39m[0m
[  74% ] [90m[1mreimport[22m | Faceset.png[39m[0m
[  74% ] [90m[1mreimport[22m | Hit.png[39m[0m
[  74% ] [90m[1mreimport[22m | Idle.png[39m[0m
[  74% ] [90m[1mreimport[22m | Attack.png[39m[0m
[  74% ] [90m[1mreimport[22m | AttackLoop.png[39m[0m
[  74% ] [90m[1mreimport[22m | Faceset.png[39m[0m
[  74% ] [90m[1mreimport[22m | Jump.png[39m[0m
[  74% ] [90m[1mreimport[22m | Attack.png[39m[0m
[  74% ] [90m[1mreimport[22m | Charge.png[39m[0m
[  74% ] [90m[1mreimport[22m | Faceset.png[39m[0m
[  74% ] [90m[1mreimport[22m | Idle.png[39m[0m
[  74% ] [90m[1mreimport[22m | Jump.png[39m[0m
[  74% ] [90m[1mreimport[22m | Sprite.png[39m[0m
[  74% ] [90m[1mreimport[22m | Attack.png[39m[0m
[  74% ] [90m[1mreimport[22m | Charge.png[39m[0m
[  74% ] [90m[1mreimport[22m | Faceset.png[39m[0m
[  74% ] [90m[1mreimport[22m | Idle.png[39m[0m
[  74% ] [90m[1mreimport[22m | Jump.png[39m[0m
[  74% ] [90m[1mreimport[22m | Sprite.png[39m[0m
[  74% ] [90m[1mreimport[22m | AttackLeft.png[39m[0m
[  75% ] [90m[1mreimport[22m | AttackRight.png[39m[0m
[  75% ] [90m[1mreimport[22m | ChargeLeft.png[39m[0m
[  75% ] [90m[1mreimport[22m | ChargeRight.png[39m[0m
[  75% ] [90m[1mreimport[22m | Faceset.png[39m[0m
[  75% ] [90m[1mreimport[22m | Jump.png[39m[0m
[  75% ] [90m[1mreimport[22m | Special1.png[39m[0m
[  75% ] [90m[1mreimport[22m | Special2.png[39m[0m
[  75% ] [90m[1mreimport[22m | Walk.png[39m[0m
[  75% ] [90m[1mreimport[22m | Faceset.png[39m[0m
[  75% ] [90m[1mreimport[22m | SpriteSheet.png[39m[0m
[  75% ] [90m[1mreimport[22m | Attack.png[39m[0m
[  75% ] [90m[1mreimport[22m | Dead.png[39m[0m
[  75% ] [90m[1mreimport[22m | Idle.png[39m[0m
[  75% ] [90m[1mreimport[22m | Item.png[39m[0m
[  75% ] [90m[1mreimport[22m | Jump.png[39m[0m
[  75% ] [90m[1mreimport[22m | Special1.png[39m[0m
[  75% ] [90m[1mreimport[22m | Special2.png[39m[0m
[  75% ] [90m[1mreimport[22m | Walk.png[39m[0m
[  75% ] [90m[1mreimport[22m | Faceset.png[39m[0m
[  75% ] [90m[1mreimport[22m | SpriteSheet.png[39m[0m
[  75% ] [90m[1mreimport[22m | Faceset.png[39m[0m
[  76% ] [90m[1mreimport[22m | Walk.png[39m[0m
[  76% ] [90m[1mreimport[22m | Faceset.png[39m[0m
[  76% ] [90m[1mreimport[22m | SpriteSheet.png[39m[0m
[  76% ] [90m[1mreimport[22m | Attack.png[39m[0m
[  76% ] [90m[1mreimport[22m | Dead.png[39m[0m
[  76% ] [90m[1mreimport[22m | Idle.png[39m[0m
[  76% ] [90m[1mreimport[22m | Item.png[39m[0m
[  76% ] [90m[1mreimport[22m | Jump.png[39m[0m
[  76% ] [90m[1mreimport[22m | Special1.png[39m[0m
[  76% ] [90m[1mreimport[22m | Special2.png[39m[0m
[  76% ] [90m[1mreimport[22m | Walk.png[39m[0m
[  76% ] [90m[1mreimport[22m | Faceset.png[39m[0m
[  76% ] [90m[1mreimport[22m | SpriteSheet.png[39m[0m
[  76% ] [90m[1mreimport[22m | Attack.png[39m[0m
[  76% ] [90m[1mreimport[22m | Dead.png[39m[0m
[  76% ] [90m[1mreimport[22m | Idle.png[39m[0m
[  76% ] [90m[1mreimport[22m | Item.png[39m[0m
[  76% ] [90m[1mreimport[22m | Walk.png[39m[0m
[  76% ] [90m[1mreimport[22m | Faceset.png[39m[0m
[  76% ] [90m[1mreimport[22m | SpriteSheet.png[39m[0m
[  77% ] [90m[1mreimport[22m | Attack.png[39m[0m
[  77% ] [90m[1mreimport[22m | Dead.png[39m[0m
[  77% ] [90m[1mreimport[22m | Idle.png[39m[0m
[  77% ] [90m[1mreimport[22m | Item.png[39m[0m
[  77% ] [90m[1mreimport[22m | Jump.png[39m[0m
[  77% ] [90m[1mreimport[22m | Special1.png[39m[0m
[  77% ] [90m[1mreimport[22m | Special2.png[39m[0m
[  77% ] [90m[1mreimport[22m | Walk.png[39m[0m
[  77% ] [90m[1mreimport[22m | Faceset.png[39m[0m
[  77% ] [90m[1mreimport[22m | SpriteSheet.png[39m[0m
[  77% ] [90m[1mreimport[22m | Attack.png[39m[0m
[  77% ] [90m[1mreimport[22m | Dead.png[39m[0m
[  77% ] [90m[1mreimport[22m | Idle.png[39m[0m
[  77% ] [90m[1mreimport[22m | Item.png[39m[0m
[  77% ] [90m[1mreimport[22m | SpriteSheet.png[39m[0m
[  77% ] [90m[1mreimport[22m | Attack.png[39m[0m
[  77% ] [90m[1mreimport[22m | Dead.png[39m[0m
[  77% ] [90m[1mreimport[22m | Idle.png[39m[0m
[  77% ] [90m[1mreimport[22m | Item.png[39m[0m
[  77% ] [90m[1mreimport[22m | Jump.png[39m[0m
[  77% ] [90m[1mreimport[22m | Special1.png[39m[0m
[  78% ] [90m[1mreimport[22m | Special2.png[39m[0m
[  78% ] [90m[1mreimport[22m | Walk.png[39m[0m
[  78% ] [90m[1mreimport[22m | Faceset.png[39m[0m
[  78% ] [90m[1mreimport[22m | SpriteSheet.png[39m[0m
[  78% ] [90m[1mreimport[22m | Attack.png[39m[0m
[  78% ] [90m[1mreimport[22m | Dead.png[39m[0m
[  78% ] [90m[1mreimport[22m | Idle.png[39m[0m
[  78% ] [90m[1mreimport[22m | Item.png[39m[0m
[  78% ] [90m[1mreimport[22m | Jump.png[39m[0m
[  78% ] [90m[1mreimport[22m | Special1.png[39m[0m
[  78% ] [90m[1mreimport[22m | Special2.png[39m[0m
[  78% ] [90m[1mreimport[22m | Item.png[39m[0m
[  78% ] [90m[1mreimport[22m | Jump.png[39m[0m
[  78% ] [90m[1mreimport[22m | Special1.png[39m[0m
[  78% ] [90m[1mreimport[22m | Special2.png[39m[0m
[  78% ] [90m[1mreimport[22m | Walk.png[39m[0m
[  78% ] [90m[1mreimport[22m | Faceset.png[39m[0m
[  78% ] [90m[1mreimport[22m | SpriteSheet.png[39m[0m
[  78% ] [90m[1mreimport[22m | Attack.png[39m[0m
[  78% ] [90m[1mreimport[22m | Dead.png[39m[0m
[  78% ] [90m[1mreimport[22m | Idle.png[39m[0m
[  79% ] [90m[1mreimport[22m | Item.png[39m[0m
[  79% ] [90m[1mreimport[22m | Jump.png[39m[0m
[  79% ] [90m[1mreimport[22m | Special1.png[39m[0m
[  79% ] [90m[1mreimport[22m | Special2.png[39m[0m
[  79% ] [90m[1mreimport[22m | Walk.png[39m[0m
[  79% ] [90m[1mreimport[22m | Faceset.png[39m[0m
[  79% ] [90m[1mreimport[22m | SpriteSheet.png[39m[0m
[  79% ] [90m[1mreimport[22m | Special2.png[39m[0m
[  79% ] [90m[1mreimport[22m | Walk.png[39m[0m
[  79% ] [90m[1mreimport[22m | Faceset.png[39m[0m
[  79% ] [90m[1mreimport[22m | SpriteSheet.png[39m[0m
[  79% ] [90m[1mreimport[22m | Attack.png[39m[0m
[  79% ] [90m[1mreimport[22m | Dead.png[39m[0m
[  79% ] [90m[1mreimport[22m | Idle.png[39m[0m
[  79% ] [90m[1mreimport[22m | Item.png[39m[0m
[  79% ] [90m[1mreimport[22m | Jump.png[39m[0m
[  79% ] [90m[1mreimport[22m | Special1.png[39m[0m
[  79% ] [90m[1mreimport[22m | Special2.png[39m[0m
[  79% ] [90m[1mreimport[22m | Walk.png[39m[0m
[  79% ] [90m[1mreimport[22m | Faceset.png[39m[0m
[  79% ] [90m[1mreimport[22m | SpriteSheet.png[39m[0m
[  80% ] [90m[1mreimport[22m | Attack.png[39m[0m
[  80% ] [90m[1mreimport[22m | Dead.png[39m[0m
[  80% ] [90m[1mreimport[22m | Idle.png[39m[0m
[  80% ] [90m[1mreimport[22m | Attack.png[39m[0m
[  80% ] [90m[1mreimport[22m | Dead.png[39m[0m
[  80% ] [90m[1mreimport[22m | Idle.png[39m[0m
[  80% ] [90m[1mreimport[22m | Item.png[39m[0m
[  80% ] [90m[1mreimport[22m | Jump.png[39m[0m
[  80% ] [90m[1mreimport[22m | Special1.png[39m[0m
[  80% ] [90m[1mreimport[22m | Special2.png[39m[0m
[  80% ] [90m[1mreimport[22m | Walk.png[39m[0m
[  80% ] [90m[1mreimport[22m | Faceset.png[39m[0m
[  80% ] [90m[1mreimport[22m | SpriteSheet.png[39m[0m
[  80% ] [90m[1mreimport[22m | Attack.png[39m[0m
[  80% ] [90m[1mreimport[22m | Dead.png[39m[0m
[  80% ] [90m[1mreimport[22m | Idle.png[39m[0m
[  80% ] [90m[1mreimport[22m | Item.png[39m[0m
[  80% ] [90m[1mreimport[22m | Jump.png[39m[0m
[  80% ] [90m[1mreimport[22m | Special1.png[39m[0m
[  80% ] [90m[1mreimport[22m | Special2.png[39m[0m
[  81% ] [90m[1mreimport[22m | Attack.png[39m[0m
[  81% ] [90m[1mreimport[22m | Dead.png[39m[0m
[  81% ] [90m[1mreimport[22m | Item.png[39m[0m
[  81% ] [90m[1mreimport[22m | Jump.png[39m[0m
[  81% ] [90m[1mreimport[22m | Special1.png[39m[0m
[  81% ] [90m[1mreimport[22m | Special2.png[39m[0m
[  81% ] [90m[1mreimport[22m | Walk.png[39m[0m
[  81% ] [90m[1mreimport[22m | Faceset.png[39m[0m
[  81% ] [90m[1mreimport[22m | SpriteSheet.png[39m[0m
[  81% ] [90m[1mreimport[22m | Attack.png[39m[0m
[  81% ] [90m[1mreimport[22m | Dead.png[39m[0m
[  81% ] [90m[1mreimport[22m | Item.png[39m[0m
[  81% ] [90m[1mreimport[22m | Jump.png[39m[0m
[  81% ] [90m[1mreimport[22m | Special1.png[39m[0m
[  81% ] [90m[1mreimport[22m | Special2.png[39m[0m
[  81% ] [90m[1mreimport[22m | Walk.png[39m[0m
[  81% ] [90m[1mreimport[22m | Faceset.png[39m[0m
[  81% ] [90m[1mreimport[22m | SpriteSheet.png[39m[0m
[  81% ] [90m[1mreimport[22m | Dead.png[39m[0m
[  81% ] [90m[1mreimport[22m | Idle.png[39m[0m
[  81% ] [90m[1mreimport[22m | Item.png[39m[0m
[  82% ] [90m[1mreimport[22m | Jump.png[39m[0m
[  82% ] [90m[1mreimport[22m | Special1.png[39m[0m
[  82% ] [90m[1mreimport[22m | Special2.png[39m[0m
[  82% ] [90m[1mreimport[22m | Walk.png[39m[0m
[  82% ] [90m[1mreimport[22m | Faceset.png[39m[0m
[  82% ] [90m[1mreimport[22m | SpriteSheet.png[39m[0m
[  82% ] [90m[1mreimport[22m | Attack.png[39m[0m
[  82% ] [90m[1mreimport[22m | Dead.png[39m[0m
[  82% ] [90m[1mreimport[22m | Idle.png[39m[0m
[  82% ] [90m[1mreimport[22m | Item.png[39m[0m
[  82% ] [90m[1mreimport[22m | Jump.png[39m[0m
[  82% ] [90m[1mreimport[22m | Special1.png[39m[0m
[  82% ] [90m[1mreimport[22m | Special2.png[39m[0m
[  82% ] [90m[1mreimport[22m | Walk.png[39m[0m
[  82% ] [90m[1mreimport[22m | Jump.png[39m[0m
[  82% ] [90m[1mreimport[22m | Special1.png[39m[0m
[  82% ] [90m[1mreimport[22m | Special2.png[39m[0m
[  82% ] [90m[1mreimport[22m | Walk.png[39m[0m
[  82% ] [90m[1mreimport[22m | Faceset.png[39m[0m
[  82% ] [90m[1mreimport[22m | SpriteSheet.png[39m[0m
[  82% ] [90m[1mreimport[22m | Attack.png[39m[0m
[  83% ] [90m[1mreimport[22m | Dead.png[39m[0m
[  83% ] [90m[1mreimport[22m | Idle.png[39m[0m
[  83% ] [90m[1mreimport[22m | Item.png[39m[0m
[  83% ] [90m[1mreimport[22m | Jump.png[39m[0m
[  83% ] [90m[1mreimport[22m | Special1.png[39m[0m
[  83% ] [90m[1mreimport[22m | Special2.png[39m[0m
[  83% ] [90m[1mreimport[22m | Walk.png[39m[0m
[  83% ] [90m[1mreimport[22m | Faceset.png[39m[0m
[  83% ] [90m[1mreimport[22m | SpriteSheet.png[39m[0m
[  83% ] [90m[1mreimport[22m | Attack.png[39m[0m
[  83% ] [90m[1mreimport[22m | Special2.png[39m[0m
[  83% ] [90m[1mreimport[22m | Walk.png[39m[0m
[  83% ] [90m[1mreimport[22m | Faceset.png[39m[0m
[  83% ] [90m[1mreimport[22m | SpriteSheet.png[39m[0m
[  83% ] [90m[1mreimport[22m | Attack.png[39m[0m
[  83% ] [90m[1mreimport[22m | Dead.png[39m[0m
[  83% ] [90m[1mreimport[22m | Idle.png[39m[0m
[  83% ] [90m[1mreimport[22m | Item.png[39m[0m
[  83% ] [90m[1mreimport[22m | Jump.png[39m[0m
[  83% ] [90m[1mreimport[22m | Special1.png[39m[0m
[  83% ] [90m[1mreimport[22m | Special2.png[39m[0m
[  84% ] [90m[1mreimport[22m | Walk.png[39m[0m
[  84% ] [90m[1mreimport[22m | Faceset.png[39m[0m
[  84% ] [90m[1mreimport[22m | SpriteSheet.png[39m[0m
[  84% ] [90m[1mreimport[22m | Attack.png[39m[0m
[  84% ] [90m[1mreimport[22m | Dead.png[39m[0m
[  84% ] [90m[1mreimport[22m | Idle.png[39m[0m
[  84% ] [90m[1mreimport[22m | Faceset.png[39m[0m
[  84% ] [90m[1mreimport[22m | SpriteSheet.png[39m[0m
[  84% ] [90m[1mreimport[22m | Attack.png[39m[0m
[  84% ] [90m[1mreimport[22m | Dead.png[39m[0m
[  84% ] [90m[1mreimport[22m | Idle.png[39m[0m
[  84% ] [90m[1mreimport[22m | Item.png[39m[0m
[  84% ] [90m[1mreimport[22m | Jump.png[39m[0m
[  84% ] [90m[1mreimport[22m | Special1.png[39m[0m
[  84% ] [90m[1mreimport[22m | Special2.png[39m[0m
[  84% ] [90m[1mreimport[22m | Walk.png[39m[0m
[  84% ] [90m[1mreimport[22m | Faceset.png[39m[0m
[  84% ] [90m[1mreimport[22m | SpriteSheet.png[39m[0m
[  84% ] [90m[1mreimport[22m | Attack.png[39m[0m
[  84% ] [90m[1mreimport[22m | Dead.png[39m[0m
[  85% ] [90m[1mreimport[22m | Idle.png[39m[0m
[  85% ] [90m[1mreimport[22m | Item.png[39m[0m
[  85% ] [90m[1mreimport[22m | Jump.png[39m[0m
[  85% ] [90m[1mreimport[22m | Special1.png[39m[0m
[  85% ] [90m[1mreimport[22m | Idle.png[39m[0m
[  85% ] [90m[1mreimport[22m | Item.png[39m[0m
[  85% ] [90m[1mreimport[22m | Jump.png[39m[0m
[  85% ] [90m[1mreimport[22m | Special1.png[39m[0m
[  85% ] [90m[1mreimport[22m | Special2.png[39m[0m
[  85% ] [90m[1mreimport[22m | Walk.png[39m[0m
[  85% ] [90m[1mreimport[22m | Faceset.png[39m[0m
[  85% ] [90m[1mreimport[22m | SpriteSheet.png[39m[0m
[  85% ] [90m[1mreimport[22m | Attack.png[39m[0m
[  85% ] [90m[1mreimport[22m | Dead.png[39m[0m
[  85% ] [90m[1mreimport[22m | Idle.png[39m[0m
[  85% ] [90m[1mreimport[22m | Item.png[39m[0m
[  85% ] [90m[1mreimport[22m | Jump.png[39m[0m
[  85% ] [90m[1mreimport[22m | Special1.png[39m[0m
[  85% ] [90m[1mreimport[22m | Special2.png[39m[0m
[  85% ] [90m[1mreimport[22m | Walk.png[39m[0m
[  85% ] [90m[1mreimport[22m | Faceset.png[39m[0m
[  86% ] [90m[1mreimport[22m | Jump.png[39m[0m
[  86% ] [90m[1mreimport[22m | Special1.png[39m[0m
[  86% ] [90m[1mreimport[22m | Special2.png[39m[0m
[  86% ] [90m[1mreimport[22m | Walk.png[39m[0m
[  86% ] [90m[1mreimport[22m | Faceset.png[39m[0m
[  86% ] [90m[1mreimport[22m | SpriteSheet.png[39m[0m
[  86% ] [90m[1mreimport[22m | Attack.png[39m[0m
[  86% ] [90m[1mreimport[22m | Dead.png[39m[0m
[  86% ] [90m[1mreimport[22m | Idle.png[39m[0m
[  86% ] [90m[1mreimport[22m | Item.png[39m[0m
[  86% ] [90m[1mreimport[22m | Jump.png[39m[0m
[  86% ] [90m[1mreimport[22m | Special1.png[39m[0m
[  86% ] [90m[1mreimport[22m | Special2.png[39m[0m
[  86% ] [90m[1mreimport[22m | Walk.png[39m[0m
[  86% ] [90m[1mreimport[22m | Faceset.png[39m[0m
[  86% ] [90m[1mreimport[22m | SpriteSheet.png[39m[0m
[  86% ] [90m[1mreimport[22m | Attack.png[39m[0m
[  86% ] [90m[1mreimport[22m | Dead.png[39m[0m
[  86% ] [90m[1mreimport[22m | Walk.png[39m[0m
[  86% ] [90m[1mreimport[22m | Faceset.png[39m[0m
[  86% ] [90m[1mreimport[22m | SpriteSheet.png[39m[0m
[  87% ] [90m[1mreimport[22m | Attack.png[39m[0m
[  87% ] [90m[1mreimport[22m | Dead.png[39m[0m
[  87% ] [90m[1mreimport[22m | Idle.png[39m[0m
[  87% ] [90m[1mreimport[22m | Item.png[39m[0m
[  87% ] [90m[1mreimport[22m | Jump.png[39m[0m
[  87% ] [90m[1mreimport[22m | Special1.png[39m[0m
[  87% ] [90m[1mreimport[22m | Special2.png[39m[0m
[  87% ] [90m[1mreimport[22m | Walk.png[39m[0m
[  87% ] [90m[1mreimport[22m | Faceset.png[39m[0m
[  87% ] [90m[1mreimport[22m | redsamurai.png[39m[0m
[  87% ] [90m[1mreimport[22m | Attack.png[39m[0m
[  87% ] [90m[1mreimport[22m | Dead.png[39m[0m
[  87% ] [90m[1mreimport[22m | Idle.png[39m[0m
[  87% ] [90m[1mreimport[22m | Item.png[39m[0m
[  87% ] [90m[1mreimport[22m | SpriteSheet.png[39m[0m
[  87% ] [90m[1mreimport[22m | Attack.png[39m[0m
[  87% ] [90m[1mreimport[22m | Dead.png[39m[0m
[  87% ] [90m[1mreimport[22m | Idle.png[39m[0m
[  87% ] [90m[1mreimport[22m | Item.png[39m[0m
[  87% ] [90m[1mreimport[22m | Jump.png[39m[0m
[  87% ] [90m[1mreimport[22m | Special1.png[39m[0m
[  88% ] [90m[1mreimport[22m | Special2.png[39m[0m
[  88% ] [90m[1mreimport[22m | Walk.png[39m[0m
[  88% ] [90m[1mreimport[22m | Faceset.png[39m[0m
[  88% ] [90m[1mreimport[22m | SpriteSheet.png[39m[0m
[  88% ] [90m[1mreimport[22m | Attack.png[39m[0m
[  88% ] [90m[1mreimport[22m | Dead.png[39m[0m
[  88% ] [90m[1mreimport[22m | Idle.png[39m[0m
[  88% ] [90m[1mreimport[22m | Item.png[39m[0m
[  88% ] [90m[1mreimport[22m | Jump.png[39m[0m
[  88% ] [90m[1mreimport[22m | Special1.png[39m[0m
[  88% ] [90m[1mreimport[22m | Special2.png[39m[0m
[  88% ] [90m[1mreimport[22m | Attack.png[39m[0m
[  88% ] [90m[1mreimport[22m | SpriteSheet.png[39m[0m
[  88% ] [90m[1mreimport[22m | Faceset.png[39m[0m
[  88% ] [90m[1mreimport[22m | Walk.png[39m[0m
[  88% ] [90m[1mreimport[22m | Special2.png[39m[0m
[  88% ] [90m[1mreimport[22m | Special1.png[39m[0m
[  88% ] [90m[1mreimport[22m | Jump.png[39m[0m
[  88% ] [90m[1mreimport[22m | Item.png[39m[0m
[  88% ] [90m[1mreimport[22m | Idle.png[39m[0m
[  89% ] [90m[1mreimport[22m | Dead.png[39m[0m
[  89% ] [90m[1mreimport[22m | Attack.png[39m[0m
[  89% ] [90m[1mreimport[22m | SpriteSheet.png[39m[0m
[  89% ] [90m[1mreimport[22m | Faceset.png[39m[0m
[  89% ] [90m[1mreimport[22m | Walk.png[39m[0m
[  89% ] [90m[1mreimport[22m | Special2.png[39m[0m
[  89% ] [90m[1mreimport[22m | Special1.png[39m[0m
[  89% ] [90m[1mreimport[22m | Jump.png[39m[0m
[  89% ] [90m[1mreimport[22m | Item.png[39m[0m
[  89% ] [90m[1mreimport[22m | Idle.png[39m[0m
[  89% ] [90m[1mreimport[22m | SpriteSheet.png[39m[0m
[  89% ] [90m[1mreimport[22m | Faceset.png[39m[0m
[  89% ] [90m[1mreimport[22m | Walk.png[39m[0m
[  89% ] [90m[1mreimport[22m | Special2.png[39m[0m
[  89% ] [90m[1mreimport[22m | Special1.png[39m[0m
[  89% ] [90m[1mreimport[22m | Jump.png[39m[0m
[  89% ] [90m[1mreimport[22m | Item.png[39m[0m
[  89% ] [90m[1mreimport[22m | Idle.png[39m[0m
[  89% ] [90m[1mreimport[22m | Dead.png[39m[0m
[  89% ] [90m[1mreimport[22m | Attack.png[39m[0m
[  89% ] [90m[1mreimport[22m | SpriteSheet.png[39m[0m
[  90% ] [90m[1mreimport[22m | Faceset.png[39m[0m
[  90% ] [90m[1mreimport[22m | Walk.png[39m[0m
[  90% ] [90m[1mreimport[22m | Special2.png[39m[0m
[  90% ] [90m[1mreimport[22m | Special1.png[39m[0m
[  90% ] [90m[1mreimport[22m | Jump.png[39m[0m
[  90% ] [90m[1mreimport[22m | Item.png[39m[0m
[  90% ] [90m[1mreimport[22m | Idle.png[39m[0m
[  90% ] [90m[1mreimport[22m | Dead.png[39m[0m
[  90% ] [90m[1mreimport[22m | Dead.png[39m[0m
[  90% ] [90m[1mreimport[22m | Attack.png[39m[0m
[  90% ] [90m[1mreimport[22m | SpriteSheet.png[39m[0m
[  90% ] [90m[1mreimport[22m | Faceset.png[39m[0m
[  90% ] [90m[1mreimport[22m | Walk.png[39m[0m
[  90% ] [90m[1mreimport[22m | Special2.png[39m[0m
[  90% ] [90m[1mreimport[22m | Special1.png[39m[0m
[  90% ] [90m[1mreimport[22m | Jump.png[39m[0m
[  90% ] [90m[1mreimport[22m | Item.png[39m[0m
[  90% ] [90m[1mreimport[22m | Idle.png[39m[0m
[  90% ] [90m[1mreimport[22m | Dead.png[39m[0m
[  90% ] [90m[1mreimport[22m | Attack.png[39m[0m
[  90% ] [90m[1mreimport[22m | SpriteSheet.png[39m[0m
[  91% ] [90m[1mreimport[22m | Faceset.png[39m[0m
[  91% ] [90m[1mreimport[22m | Walk.png[39m[0m
[  91% ] [90m[1mreimport[22m | Special2.png[39m[0m
[  91% ] [90m[1mreimport[22m | Special1.png[39m[0m
[  91% ] [90m[1mreimport[22m | Jump.png[39m[0m
[  91% ] [90m[1mreimport[22m | Item.png[39m[0m
[  91% ] [90m[1mreimport[22m | Dead.png[39m[0m
[  91% ] [90m[1mreimport[22m | Attack.png[39m[0m
[  91% ] [90m[1mreimport[22m | SpriteSheet.png[39m[0m
[  91% ] [90m[1mreimport[22m | Faceset.png[39m[0m
[  91% ] [90m[1mreimport[22m | Walk.png[39m[0m
[  91% ] [90m[1mreimport[22m | Special2.png[39m[0m
[  91% ] [90m[1mreimport[22m | Special1.png[39m[0m
[  91% ] [90m[1mreimport[22m | Jump.png[39m[0m
[  91% ] [90m[1mreimport[22m | Item.png[39m[0m
[  91% ] [90m[1mreimport[22m | Idle.png[39m[0m
[  91% ] [90m[1mreimport[22m | Dead.png[39m[0m
[  91% ] [90m[1mreimport[22m | Attack.png[39m[0m
[  91% ] [90m[1mreimport[22m | SpriteSheet.png[39m[0m
[  91% ] [90m[1mreimport[22m | Faceset.png[39m[0m
[  91% ] [90m[1mreimport[22m | Walk.png[39m[0m
[  92% ] [90m[1mreimport[22m | Special2.png[39m[0m
[  92% ] [90m[1mreimport[22m | Special1.png[39m[0m
[  92% ] [90m[1mreimport[22m | Jump.png[39m[0m
[  92% ] [90m[1mreimport[22m | Item.png[39m[0m
[  92% ] [90m[1mreimport[22m | Idle.png[39m[0m
[  92% ] [90m[1mreimport[22m | Faceset.png[39m[0m
[  92% ] [90m[1mreimport[22m | SpriteSheet.png[39m[0m
[  92% ] [90m[1mreimport[22m | Attack.png[39m[0m
[  92% ] [90m[1mreimport[22m | Dead.png[39m[0m
[  92% ] [90m[1mreimport[22m | Idle.png[39m[0m
[  92% ] [90m[1mreimport[22m | Item.png[39m[0m
[  92% ] [90m[1mreimport[22m | Jump.png[39m[0m
[  92% ] [90m[1mreimport[22m | Special1.png[39m[0m
[  92% ] [90m[1mreimport[22m | Special2.png[39m[0m
[  92% ] [90m[1mreimport[22m | Walk.png[39m[0m
[  92% ] [90m[1mreimport[22m | Faceset.png[39m[0m
[  92% ] [90m[1mreimport[22m | SpriteSheet.png[39m[0m
[  92% ] [90m[1mreimport[22m | NormalFont.ttf[39m[0m
[  92% ] [90m[1mreimport[22m | 4 - Village.ogg[39m[0m
[  92% ] [90m[1mreimport[22m | 3 - Revelation.ogg[39m[0m
[  93% ] [90m[1mreimport[22m | 2 - The Cave.ogg[39m[0m
[  93% ] [90m[1mreimport[22m | 1 - Adventure Begin.ogg[39m[0m
[  93% ] [90m[1mreimport[22m | 22 - Dream.ogg[39m[0m
[  93% ] [90m[1mreimport[22m | 23 - Road.ogg[39m[0m
[  93% ] [90m[1mreimport[22m | 24 - Final Area.ogg[39m[0m
[  93% ] [90m[1mreimport[22m | 25 - End Theme 2.ogg[39m[0m
[  93% ] [90m[1mreimport[22m | 26 - Lost Village.ogg[39m[0m
[  93% ] [90m[1mreimport[22m | 27 - Chill.ogg[39m[0m
[  93% ] [90m[1mreimport[22m | 28 - Tension.ogg[39m[0m
[  93% ] [90m[1mreimport[22m | 29 - Lament.ogg[39m[0m
[  93% ] [90m[1mreimport[22m | 30 - Ruins.ogg[39m[0m
[  93% ] [90m[1mreimport[22m | 31 - Sunny.ogg[39m[0m
[  93% ] [90m[1mreimport[22m | 32 - Manor.ogg[39m[0m
[  93% ] [90m[1mreimport[22m | 33 - Calm Village.ogg[39m[0m
[  93% ] [90m[1mreimport[22m | 34  - Fight.ogg[39m[0m
[  93% ] [90m[1mreimport[22m | 21 - Dungeon.ogg[39m[0m
[  93% ] [90m[1mreimport[22m | 20 - Good Time.ogg[39m[0m
[  93% ] [90m[1mreimport[22m | 19 - Ascension.ogg[39m[0m
[  93% ] [90m[1mreimport[22m | 18 - Aquatic.ogg[39m[0m
[  93% ] [90m[1mreimport[22m | 17 - Fight.ogg[39m[0m
[  93% ] [90m[1mreimport[22m | 16 - Melancholia.ogg[39m[0m
[  94% ] [90m[1mreimport[22m | 15 - Credit Theme.ogg[39m[0m
[  94% ] [90m[1mreimport[22m | 14 - Curse.ogg[39m[0m
[  94% ] [90m[1mreimport[22m | 13 - Mystical.ogg[39m[0m
[  94% ] [90m[1mreimport[22m | 12 - Temple.ogg[39m[0m
[  94% ] [90m[1mreimport[22m | 11 - Clearing.ogg[39m[0m
[  94% ] [90m[1mreimport[22m | 10 - Dark Castle.ogg[39m[0m
[  94% ] [90m[1mreimport[22m | 9 - Quiet.ogg[39m[0m
[  94% ] [90m[1mreimport[22m | 8 - End Theme.ogg[39m[0m
[  94% ] [90m[1mreimport[22m | 7 - Sad Theme.ogg[39m[0m
[  94% ] [90m[1mreimport[22m | 6 - Story.ogg[39m[0m
[  94% ] [90m[1mreimport[22m | 6 - Story (Short).ogg[39m[0m
[  94% ] [90m[1mreimport[22m | 5 - Peaceful.ogg[39m[0m
[  94% ] [90m[1mreimport[22m | 35 - Adventure.ogg[39m[0m
[  94% ] [90m[1mreimport[22m | 36 - Village.ogg[39m[0m
[  94% ] [90m[1mreimport[22m | 37 - Dark Forest.ogg[39m[0m
[  94% ] [90m[1mreimport[22m | 38 - Intro.ogg[39m[0m
[  94% ] [90m[1mreimport[22m | 39 - Boat.ogg[39m[0m
[  94% ] [90m[1mreimport[22m | 40 - Crypt.ogg[39m[0m
[  94% ] [90m[1mreimport[22m | QuickSand32x32.png[39m[0m
[  94% ] [90m[1mreimport[22m | SpriteSheet16x16.png[39m[0m
[  94% ] [90m[1mreimport[22m | SpriteSheetPurple.png[39m[0m
[  95% ] [90m[1mreimport[22m | BottomSheet16x16.png[39m[0m
[  95% ] [90m[1mreimport[22m | MiddleSheet16x16.png[39m[0m
[  95% ] [90m[1mreimport[22m | TopSheet16x16.png[39m[0m
[  95% ] [90m[1mreimport[22m | Watermill_A_34x36.png[39m[0m
[  95% ] [90m[1mreimport[22m | Watermill_B_34x36.png[39m[0m
[  95% ] [90m[1mreimport[22m | Elements.png[39m[0m
[  95% ] [90m[1mreimport[22m | TilesetInterior.png[39m[0m
[  95% ] [90m[1mreimport[22m | TilesetInteriorFloor.png[39m[0m
[  95% ] [90m[1mreimport[22m | TilesetWallSimple.png[39m[0m
[  95% ] [90m[1mreimport[22m | Pipes.png[39m[0m
[  95% ] [90m[1mreimport[22m | TilesetDesert.png[39m[0m
[  95% ] [90m[1mreimport[22m | SpriteSheet16x16.png[39m[0m
[  95% ] [90m[1mreimport[22m | MillPropeller_B_64x64.png[39m[0m
[  95% ] [90m[1mreimport[22m | MillPropeller_A_64x64.png[39m[0m
[  95% ] [90m[1mreimport[22m | SpriteSheet16x16.png[39m[0m
[  95% ] [90m[1mreimport[22m | FlagYellow16x16.png[39m[0m
[  95% ] [90m[1mreimport[22m | FlagWhite16x16.png[39m[0m
[  95% ] [90m[1mreimport[22m | FlagRed16x16.png[39m[0m
[  95% ] [90m[1mreimport[22m | FlagGreen16x16.png[39m[0m
[  95% ] [90m[1mreimport[22m | FlagGray16x16.png[39m[0m
[  95% ] [90m[1mreimport[22m | FlagBrown16x16.png[39m[0m
[  96% ] [90m[1mreimport[22m | FlagBlue16x16.png[39m[0m
[  96% ] [90m[1mreimport[22m | FlagBlack16x16.png[39m[0m
[  96% ] [90m[1mreimport[22m | Right.png[39m[0m
[  96% ] [90m[1mreimport[22m | Middle.png[39m[0m
[  96% ] [90m[1mreimport[22m | Left.png[39m[0m
[  96% ] [90m[1mreimport[22m | Faceset.png[39m[0m
[  96% ] [90m[1mreimport[22m | Slime.png[39m[0m
[  96% ] [90m[1mreimport[22m | Faceset.png[39m[0m
[  96% ] [90m[1mreimport[22m | SpriteSheet.png[39m[0m
[  96% ] [90m[1mreimport[22m | Faceset.png[39m[0m
[  96% ] [90m[1mreimport[22m | SpriteSheet.png[39m[0m
[  96% ] [90m[1mreimport[22m | Faceset.png[39m[0m
[  96% ] [90m[1mreimport[22m | Reptile2.png[39m[0m
[  96% ] [90m[1mreimport[22m | Faceset.png[39m[0m
[  96% ] [90m[1mreimport[22m | Reptile.png[39m[0m
[  96% ] [90m[1mreimport[22m | Faceset.png[39m[0m
[  96% ] [90m[1mreimport[22m | SpriteSheet.png[39m[0m
[  96% ] [90m[1mreimport[22m | Faceset.png[39m[0m
[  96% ] [90m[1mreimport[22m | SpriteSheet.png[39m[0m
[  96% ] [90m[1mreimport[22m | Faceset.png[39m[0m
[  97% ] [90m[1mreimport[22m | SpriteSheet.png[39m[0m
[  97% ] [90m[1mreimport[22m | Faceset.png[39m[0m
[  97% ] [90m[1mreimport[22m | Owl2.png[39m[0m
[  97% ] [90m[1mreimport[22m | Faceset.png[39m[0m
[  97% ] [90m[1mreimport[22m | Owl.png[39m[0m
[  97% ] [90m[1mreimport[22m | Faceset.png[39m[0m
[  97% ] [90m[1mreimport[22m | SpriteSheet.png[39m[0m
[  97% ] [90m[1mreimport[22m | Faceset.png[39m[0m
[  97% ] [90m[1mreimport[22m | SpriteSheet.png[39m[0m
[  97% ] [90m[1mreimport[22m | SpriteSheet.png[39m[0m
[  97% ] [90m[1mreimport[22m | Faceset.png[39m[0m
[  97% ] [90m[1mreimport[22m | SpriteSheet.png[39m[0m
[  97% ] [90m[1mreimport[22m | Faceset.png[39m[0m
[  97% ] [90m[1mreimport[22m | SpriteSheet.png[39m[0m
[  97% ] [90m[1mreimport[22m | Faceset.png[39m[0m
[  97% ] [90m[1mreimport[22m | SpriteSheet.png[39m[0m
[  97% ] [90m[1mreimport[22m | Faceset.png[39m[0m
[  97% ] [90m[1mreimport[22m | SpriteSheet.png[39m[0m
[  97% ] [90m[1mreimport[22m | Faceset.png[39m[0m
[  97% ] [90m[1mreimport[22m | SpriteSheet.png[39m[0m
[  97% ] [90m[1mreimport[22m | Faceset.png[39m[0m
[  98% ] [90m[1mreimport[22m | Snake4.png[39m[0m
[  98% ] [90m[1mreimport[22m | Faceset.png[39m[0m
[  98% ] [90m[1mreimport[22m | Snake3.png[39m[0m
[  98% ] [90m[1mreimport[22m | Faceset.png[39m[0m
[  98% ] [90m[1mreimport[22m | Snake2.png[39m[0m
[  98% ] [90m[1mreimport[22m | Faceset.png[39m[0m
[  98% ] [90m[1mreimport[22m | Snake.png[39m[0m
[  98% ] [90m[1mreimport[22m | Faceset.png[39m[0m
[  98% ] [90m[1mreimport[22m | Slime4.png[39m[0m
[  98% ] [90m[1mreimport[22m | Faceset.png[39m[0m
[  98% ] [90m[1mreimport[22m | Slime3.png[39m[0m
[  98% ] [90m[1mreimport[22m | Faceset.png[39m[0m
[  98% ] [90m[1mreimport[22m | Slime2.png[39m[0m
[  98% ] [90m[1mreimport[22m | SpriteSheetMulti.png[39m[0m
[  98% ] [90m[1mreimport[22m | SpriteSheetCircular.png[39m[0m
[  98% ] [90m[1mreimport[22m | SpriteSheetArc.png[39m[0m
[  98% ] [90m[1mreimport[22m | SpriteSheetRock.png[39m[0m
[  98% ] [90m[1mreimport[22m | ShurikenMagic.png[39m[0m
[  98% ] [90m[1mreimport[22m | Shuriken.png[39m[0m
[  98% ] [90m[1mreimport[22m | PlantSpike.png[39m[0m
[  98% ] [90m[1mreimport[22m | Kunai.png[39m[0m
[  99% ] [90m[1mreimport[22m | IceSpike.png[39m[0m
[  99% ] [90m[1mreimport[22m | Fireball.png[39m[0m
[  99% ] [90m[1mreimport[22m | EnergyBall.png[39m[0m
[  99% ] [90m[1mreimport[22m | CanonBall.png[39m[0m
[  99% ] [90m[1mreimport[22m | BigShuriken.png[39m[0m
[  99% ] [90m[1mreimport[22m | BigKunai.png[39m[0m
[  99% ] [90m[1mreimport[22m | BigEnergyBall.png[39m[0m
[  99% ] [90m[1mreimport[22m | Arrow.png[39m[0m
[  99% ] [90m[1mreimport[22m | AllPreview.png[39m[0m
[  99% ] [90m[1mreimport[22m | SpriteSheet.png[39m[0m
[  99% ] [90m[1mreimport[22m | SpriteSheet.png[39m[0m
[  99% ] [90m[1mreimport[22m | Wood.png[39m[0m
[  99% ] [90m[1mreimport[22m | Vase.png[39m[0m
[  99% ] [90m[1mreimport[22m | Spark.png[39m[0m
[  99% ] [90m[1mreimport[22m | Snow.png[39m[0m
[  99% ] [90m[1mreimport[22m | RockGray.png[39m[0m
[  99% ] [90m[1mreimport[22m | Rock.png[39m[0m
[  99% ] [90m[1mreimport[22m | RainOnFloor.png[39m[0m
[  99% ] [90m[1mreimport[22m | Rain.png[39m[0m
[  99% ] [90m[1mreimport[22m | Finalizing Asset Import...[39m[0m
[92m[ DONE ][39m [1mreimport[22m
[0m
[   0% ] [90m[1mreimport[22m | Started (Re)Importing Assets (2073 steps)[39m[0m
[   0% ] [90m[1mreimport[22m | Executing post-reimport operations...[39m[0m
[92m[ DONE ][39m [1mreimport[22m
[0m
[   0% ] [90m[1mloading_editor_layout[22m | Started Loading editor (5 steps)[39m[0m
[   0% ] [90m[1mloading_editor_layout[22m | Loading editor layout...[39m[0m
[  16% ] [90m[1mloading_editor_layout[22m | Loading docks...[39m[0m
[92m[ DONE ][39m [1mloading_editor_layout[22m
[0m
